To honour the JVM settings for this build a single-use Daemon process will be forked. For more on this, please refer to https://docs.gradle.org/9.7.1/userguide/gradle_daemon.html#sec:disabling_the_daemon in the Gradle documentation.
Daemon will be stopped at the end of the build 
Calculating task graph as no cached configuration is available for tasks: :app:assembleDefaultDebug :app:assembleDefaultRelease
Type-safe project accessors is an incubating feature.
> Task :build-logic:convention:checkKotlinGradlePluginConfigurationErrors SKIPPED
> Task :build-logic:convention:compileKotlin UP-TO-DATE
> Task :build-logic:convention:compileJava NO-SOURCE
> Task :build-logic:convention:pluginDescriptors UP-TO-DATE
> Task :build-logic:convention:processResources UP-TO-DATE
> Task :build-logic:convention:classes UP-TO-DATE
> Task :build-logic:convention:jar UP-TO-DATE
Checking the license for package Android SDK Build-Tools 37 in /Users/zhanziyuan/Library/Android/sdk/licenses
License for package Android SDK Build-Tools 37 accepted.
Preparing "Install Android SDK Build-Tools 37 v.37.0.0".
"Install Android SDK Build-Tools 37 v.37.0.0" ready.
Installing Android SDK Build-Tools 37 in /Users/zhanziyuan/Library/Android/sdk/build-tools/37.0.0
"Install Android SDK Build-Tools 37 v.37.0.0" complete.
"Install Android SDK Build-Tools 37 v.37.0.0" finished.
Checking the license for package Android SDK Platform 37.0 in /Users/zhanziyuan/Library/Android/sdk/licenses
License for package Android SDK Platform 37.0 accepted.
Preparing "Install Android SDK Platform 37.0 (revision 2)".
"Install Android SDK Platform 37.0 (revision 2)" ready.
Installing Android SDK Platform 37.0 in /Users/zhanziyuan/Library/Android/sdk/platforms/android-37.0
"Install Android SDK Platform 37.0 (revision 2)" complete.
"Install Android SDK Platform 37.0 (revision 2)" finished.
> Task :core:i18n:androidPreBuild UP-TO-DATE
> Task :core:ui:androidPreBuild UP-TO-DATE
> Task :app:preBuild UP-TO-DATE
> Task :core:i18n:preAndroidMainBuild UP-TO-DATE
> Task :core:data:androidPreBuild UP-TO-DATE
> Task :core:common:androidPreBuild UP-TO-DATE
> Task :app:preDefaultDebugBuild UP-TO-DATE
> Task :core:common:preAndroidMainBuild UP-TO-DATE
> Task :core:common:kmpPartiallyResolvedDependenciesChecker
> Task :core:data:preAndroidMainBuild UP-TO-DATE
> Task :core:i18n:kmpPartiallyResolvedDependenciesChecker
> Task :core:data:kmpPartiallyResolvedDependenciesChecker
> Task :core:ui:preAndroidMainBuild UP-TO-DATE
> Task :core:common:mergeAndroidMainJniLibFolders
> Task :app:mergeDefaultDebugJniLibFolders
> Task :core:data:mergeAndroidMainJniLibFolders
> Task :core:ui:mergeAndroidMainJniLibFolders
> Task :core:i18n:mergeAndroidMainJniLibFolders
> Task :core:common:mergeAndroidMainNativeLibs NO-SOURCE
> Task :core:ui:mergeAndroidMainNativeLibs NO-SOURCE
> Task :core:i18n:mergeAndroidMainNativeLibs NO-SOURCE
> Task :core:data:mergeAndroidMainNativeLibs NO-SOURCE
> Task :core:data:copyAndroidMainJniLibsProjectOnly
> Task :core:i18n:copyAndroidMainJniLibsProjectOnly
> Task :core:common:copyAndroidMainJniLibsProjectOnly
> Task :core:ui:copyAndroidMainJniLibsProjectOnly
> Task :core:i18n:generateMRcommonTest
> Task :app:generateDefaultDebugBuildConfig
> Task :core:common:checkKotlinGradlePluginConfigurationErrors SKIPPED
> Task :core:i18n:generateAndroidMainEmptyResourceFiles
> Task :core:common:generateAndroidMainEmptyResourceFiles
> Task :core:data:checkKotlinGradlePluginConfigurationErrors SKIPPED
> Task :core:data:generateAndroidMainEmptyResourceFiles
> Task :core:i18n:checkKotlinGradlePluginConfigurationErrors SKIPPED
> Task :core:ui:kmpPartiallyResolvedDependenciesChecker
> Task :core:ui:checkKotlinGradlePluginConfigurationErrors SKIPPED
> Task :core:ui:generateAndroidMainEmptyResourceFiles
> Task :core:ui:convertXmlValueResourcesForAndroidMain NO-SOURCE
> Task :core:i18n:generateMRjvmTest
> Task :core:ui:copyNonXmlValueResourcesForAndroidMain NO-SOURCE
> Task :core:ui:prepareComposeResourcesTaskForAndroidMain NO-SOURCE
> Task :core:ui:generateResourceAccessorsForAndroidMain SKIPPED
> Task :core:ui:convertXmlValueResourcesForCommonMain NO-SOURCE
> Task :core:ui:copyNonXmlValueResourcesForCommonMain NO-SOURCE
> Task :core:ui:prepareComposeResourcesTaskForCommonMain NO-SOURCE
> Task :core:ui:generateResourceAccessorsForCommonMain SKIPPED
> Task :core:ui:convertXmlValueResourcesForJvmMain NO-SOURCE
> Task :core:ui:copyNonXmlValueResourcesForJvmMain NO-SOURCE
> Task :core:ui:prepareComposeResourcesTaskForJvmMain NO-SOURCE
> Task :core:ui:generateResourceAccessorsForJvmMain SKIPPED
> Task :core:ui:generateActualResourceCollectorsForAndroidMain SKIPPED
> Task :core:ui:generateComposeResClass SKIPPED
> Task :core:ui:generateExpectResourceCollectorsForCommonMain SKIPPED
> Task :core:i18n:generateMRandroidHostTest
> Task :app:generateDefaultDebugAssets UP-TO-DATE
> Task :core:i18n:generateAndroidMainAssets UP-TO-DATE
> Task :app:generateDefaultDebugResources
> Task :app:javaPreCompileDefaultDebug
> Task :core:i18n:generateMRcommonMain
> Task :core:i18n:generateMRjvmMain
> Task :core:i18n:generateMRandroidMain
> Task :core:i18n:packageAndroidMainResources
> Task :core:i18n:parseAndroidMainLocalResources
> Task :core:i18n:generateAndroidMainRFile
> Task :app:generateDefaultDebugGlobalSynthetics
> Task :core:i18n:mergeAndroidMainAssets
> Task :app:prepareLibraryDefinitionsDefaultDebug
> Task :app:extractDefaultDebugSupportedLocales
> Task :app:mapDefaultDebugSourceSetPaths
> Task :app:l8DexDesugarLibDefaultDebug
> Task :app:generateDefaultDebugLocaleConfig
> Task :app:packageDefaultDebugResources
> Task :core:common:writeAndroidMainAarMetadata
> Task :core:data:writeAndroidMainAarMetadata
> Task :core:i18n:writeAndroidMainAarMetadata
> Task :core:ui:writeAndroidMainAarMetadata
> Task :app:desugarDefaultDebugFileDependencies
> Task :app:checkDefaultDebugDuplicateClasses
> Task :app:mergeDefaultDebugAssets
> Task :app:compressDefaultDebugAssets
> Task :app:processDefaultDebugNavigationResources
> Task :app:checkDefaultDebugAarMetadata
> Task :app:createDefaultDebugCompatibleScreenManifests
> Task :app:extractDeepLinksDefaultDebug
> Task :app:compileDefaultDebugNavigationResources
> Task :app:parseDefaultDebugLocalResources
> Task :core:data:processAndroidMainManifest
> Task :core:i18n:processAndroidMainManifest
> Task :core:common:processAndroidMainManifest
> Task :core:i18n:mapAndroidMainSourceSetPaths
> Task :core:i18n:compileAndroidMainLibraryResources
> Task :app:generateDefaultDebugRFile
> Task :app:writeDefaultDebugAppMetadata
> Task :app:writeDefaultDebugSigningConfigVersions
> Task :app:preDefaultNonMinifiedReleaseBuild UP-TO-DATE
> Task :app:validateSigningDefaultDebug
> Task :core:ui:processAndroidMainManifest
> Task :app:processDefaultDebugMainManifest
> Task :app:processDefaultDebugManifest
> Task :app:mergeDefaultDebugResources
> Task :app:processDefaultDebugManifestForPackage
> Task :core:i18n:compileAndroidMain
> Task :core:common:compileAndroidMain
> Task :core:i18n:bundleAndroidMainClassesToCompileJar
> Task :core:common:bundleAndroidMainClassesToCompileJar
> Task :core:common:processAndroidMainJavaRes
> Task :app:configureCMakeDebug[arm64-v8a]
> Task :app:configureCMakeDebug[armeabi-v7a]
> Task :app:configureCMakeDebug[x86_64]
> Task :app:mergeExtDexDefaultDebug
> Task :app:configureCMakeRelWithDebInfo[arm64-v8a]
> Task :app:configureCMakeRelWithDebInfo[armeabi-v7a]
> Task :app:configureCMakeRelWithDebInfo[x86_64]
> Task :app:processDefaultDebugResources
> Task :core:i18n:processAndroidMainJavaRes
> Task :core:data:kspAndroidMain
> Task :core:ui:compileAndroidMain
> Task :core:i18n:bundleLibRuntimeToDirAndroidMain

> Task :app:configureCMakeDebug[armeabi-v7a]
C/C++: CMake Error at /Users/zhanziyuan/Documents/GitHub/EhViewer/app/.cxx/Debug/1i5i5y2o/armeabi-v7a/_deps/corrosion-src/cmake/FindRust.cmake:812 (message):
C/C++:   Target thumbv7neon-linux-androideabi is not installed for toolchain
C/C++:   nightly-2026-08-22-aarch64-apple-darwin.
C/C++:   Help: Run `rustup target add --toolchain
C/C++:   nightly-2026-08-22-aarch64-apple-darwin thumbv7neon-linux-androideabi` to
C/C++:   install the missing target or configure corrosion with
C/C++:   `Rust_RUSTUP_INSTALL_MISSING_TARGET=ON`.
C/C++: Call Stack (most recent call first):
C/C++:   /Users/zhanziyuan/Documents/GitHub/EhViewer/app/.cxx/Debug/1i5i5y2o/armeabi-v7a/_deps/corrosion-src/cmake/Corrosion.cmake:47 (find_package)
C/C++:   /Users/zhanziyuan/Documents/GitHub/EhViewer/app/.cxx/Debug/1i5i5y2o/armeabi-v7a/_deps/corrosion-src/CMakeLists.txt:30 (include)

> Task :app:configureCMakeDebug[armeabi-v7a] FAILED
> Task :core:data:copyRoomSchemas NO-SOURCE

> Task :app:configureCMakeRelWithDebInfo[armeabi-v7a]
C/C++: CMake Error at /Users/zhanziyuan/Documents/GitHub/EhViewer/app/.cxx/RelWithDebInfo/56n3v2n2/armeabi-v7a/_deps/corrosion-src/cmake/FindRust.cmake:812 (message):
C/C++:   Target thumbv7neon-linux-androideabi is not installed for toolchain
C/C++:   nightly-2026-08-22-aarch64-apple-darwin.
C/C++:   Help: Run `rustup target add --toolchain
C/C++:   nightly-2026-08-22-aarch64-apple-darwin thumbv7neon-linux-androideabi` to
C/C++:   install the missing target or configure corrosion with
C/C++:   `Rust_RUSTUP_INSTALL_MISSING_TARGET=ON`.
C/C++: Call Stack (most recent call first):
C/C++:   /Users/zhanziyuan/Documents/GitHub/EhViewer/app/.cxx/RelWithDebInfo/56n3v2n2/armeabi-v7a/_deps/corrosion-src/cmake/Corrosion.cmake:47 (find_package)
C/C++:   /Users/zhanziyuan/Documents/GitHub/EhViewer/app/.cxx/RelWithDebInfo/56n3v2n2/armeabi-v7a/_deps/corrosion-src/CMakeLists.txt:30 (include)

> Task :app:configureCMakeRelWithDebInfo[armeabi-v7a] FAILED

FAILURE: Build completed with 2 failures.

1: Task failed with an exception.
-----------
* What went wrong:
Execution failed for task ':app:configureCMakeDebug[armeabi-v7a]' (registered by plugin 'com.android.internal.application').
> [CXX1429] error when building with cmake using /Users/zhanziyuan/Documents/GitHub/EhViewer/app/src/main/cpp/CMakeLists.txt: -- The C compiler identification is Clang 21.0.0
  -- Detecting C compiler ABI info
  -- Detecting C compiler ABI info - done
  -- Check for working C compiler: /Users/zhanziyuan/Library/Android/sdk/ndk/29.0.14206865/toolchains/llvm/prebuilt/darwin-x86_64/bin/clang - skipped
  -- Detecting C compile features
  -- Detecting C compile features - done
  -- Performing Test TUKLIB_LARGE_FILE_SUPPORT_BY_DEFAULT
  -- Performing Test TUKLIB_LARGE_FILE_SUPPORT_BY_DEFAULT - Failed
  -- Performing Test TUKLIB_LARGE_FILE_SUPPORT_WITH_FOB64
  -- Performing Test TUKLIB_LARGE_FILE_SUPPORT_WITH_FOB64 - Success
  -- Performing Test HAVE___BUILTIN_BSWAPXX
  -- Performing Test HAVE___BUILTIN_BSWAPXX - Success
  -- Check if unaligned memory access should be used
  -- Performing Test TUKLIB_FAST_UNALIGNED_DEFINED_BY_PREPROCESSOR
  -- Performing Test TUKLIB_FAST_UNALIGNED_DEFINED_BY_PREPROCESSOR - Success
  -- Check if unaligned memory access should be used - yes
  -- Performing Test HAVE___BUILTIN_ASSUME_ALIGNED
  -- Performing Test HAVE___BUILTIN_ASSUME_ALIGNED - Success
  -- Looking for clock_gettime
  -- Looking for clock_gettime - found
  -- Looking for CLOCK_MONOTONIC
  -- Looking for CLOCK_MONOTONIC - found
  -- Failed to find Gettext libintl (missing: Intl_LIBRARY Intl_INCLUDE_DIR) 
  -- Found Gettext: /opt/homebrew/bin/msgmerge (found version "1.0") 
  -- Performing Test HAVE_COMPILER_OPTION_-Wall
  -- Performing Test HAVE_COMPILER_OPTION_-Wall - Success
  -- Performing Test HAVE_COMPILER_OPTION_-Wextra
  -- Performing Test HAVE_COMPILER_OPTION_-Wextra - Success
  -- Performing Test HAVE_COMPILER_OPTION_-Wvla
  -- Performing Test HAVE_COMPILER_OPTION_-Wvla - Success
  -- Performing Test HAVE_COMPILER_OPTION_-Wformat_2
  -- Performing Test HAVE_COMPILER_OPTION_-Wformat_2 - Success
  -- Performing Test HAVE_COMPILER_OPTION_-Winit-self
  -- Performing Test HAVE_COMPILER_OPTION_-Winit-self - Success
  -- Performing Test HAVE_COMPILER_OPTION_-Wmissing-include-dirs
  -- Performing Test HAVE_COMPILER_OPTION_-Wmissing-include-dirs - Success
  -- Performing Test HAVE_COMPILER_OPTION_-Wshift-overflow_2
  -- Performing Test HAVE_COMPILER_OPTION_-Wshift-overflow_2 - Failed
  -- Performing Test HAVE_COMPILER_OPTION_-Wstrict-overflow_3
  -- Performing Test HAVE_COMPILER_OPTION_-Wstrict-overflow_3 - Success
  -- Performing Test HAVE_COMPILER_OPTION_-Walloc-zero
  -- Performing Test HAVE_COMPILER_OPTION_-Walloc-zero - Failed
  -- Performing Test HAVE_COMPILER_OPTION_-Wduplicated-cond
  -- Performing Test HAVE_COMPILER_OPTION_-Wduplicated-cond - Failed
  -- Performing Test HAVE_COMPILER_OPTION_-Wfloat-equal
  -- Performing Test HAVE_COMPILER_OPTION_-Wfloat-equal - Success
  -- Performing Test HAVE_COMPILER_OPTION_-Wundef
  -- Performing Test HAVE_COMPILER_OPTION_-Wundef - Success
  -- Performing Test HAVE_COMPILER_OPTION_-Wshadow
  -- Performing Test HAVE_COMPILER_OPTION_-Wshadow - Success
  -- Performing Test HAVE_COMPILER_OPTION_-Wpointer-arith
  -- Performing Test HAVE_COMPILER_OPTION_-Wpointer-arith - Success
  -- Performing Test HAVE_COMPILER_OPTION_-Wbad-function-cast
  -- Performing Test HAVE_COMPILER_OPTION_-Wbad-function-cast - Success
  -- Performing Test HAVE_COMPILER_OPTION_-Wwrite-strings
  -- Performing Test HAVE_COMPILER_OPTION_-Wwrite-strings - Success
  -- Performing Test HAVE_COMPILER_OPTION_-Wdate-time
  -- Performing Test HAVE_COMPILER_OPTION_-Wdate-time - Success
  -- Performing Test HAVE_COMPILER_OPTION_-Wsign-conversion
  -- Performing Test HAVE_COMPILER_OPTION_-Wsign-conversion - Success
  -- Performing Test HAVE_COMPILER_OPTION_-Wfloat-conversion
  -- Performing Test HAVE_COMPILER_OPTION_-Wfloat-conversion - Success
  -- Performing Test HAVE_COMPILER_OPTION_-Wlogical-op
  -- Performing Test HAVE_COMPILER_OPTION_-Wlogical-op - Failed
  -- Performing Test HAVE_COMPILER_OPTION_-Waggregate-return
  -- Performing Test HAVE_COMPILER_OPTION_-Waggregate-return - Success
  -- Performing Test HAVE_COMPILER_OPTION_-Wstrict-prototypes
  -- Performing Test HAVE_COMPILER_OPTION_-Wstrict-prototypes - Success
  -- Performing Test HAVE_COMPILER_OPTION_-Wold-style-definition
  -- Performing Test HAVE_COMPILER_OPTION_-Wold-style-definition - Success
  -- Performing Test HAVE_COMPILER_OPTION_-Wmissing-prototypes
  -- Performing Test HAVE_COMPILER_OPTION_-Wmissing-prototypes - Success
  -- Performing Test HAVE_COMPILER_OPTION_-Wmissing-declarations
  -- Performing Test HAVE_COMPILER_OPTION_-Wmissing-declarations - Success
  -- Performing Test HAVE_COMPILER_OPTION_-Wredundant-decls
  -- Performing Test HAVE_COMPILER_OPTION_-Wredundant-decls - Success
  -- Performing Test HAVE_COMPILER_OPTION_-Wimplicit-fallthrough
  -- Performing Test HAVE_COMPILER_OPTION_-Wimplicit-fallthrough - Success
  -- Performing Test HAVE_COMPILER_OPTION_-Wimplicit-fallthrough_5
  -- Performing Test HAVE_COMPILER_OPTION_-Wimplicit-fallthrough_5 - Failed
  -- Performing Test HAVE_COMPILER_OPTION_-Wc99-compat
  -- Performing Test HAVE_COMPILER_OPTION_-Wc99-compat - Success
  -- Performing Test HAVE_COMPILER_OPTION_-Wc11-extensions
  -- Performing Test HAVE_COMPILER_OPTION_-Wc11-extensions - Success
  -- Performing Test HAVE_COMPILER_OPTION_-Wc2x-compat
  -- Performing Test HAVE_COMPILER_OPTION_-Wc2x-compat - Success
  -- Performing Test HAVE_COMPILER_OPTION_-Wc2x-extensions
  -- Performing Test HAVE_COMPILER_OPTION_-Wc2x-extensions - Success
  -- Performing Test HAVE_COMPILER_OPTION_-Warray-bounds-pointer-arithmetic
  -- Performing Test HAVE_COMPILER_OPTION_-Warray-bounds-pointer-arithmetic - Success
  -- Performing Test HAVE_COMPILER_OPTION_-Wassign-enum
  -- Performing Test HAVE_COMPILER_OPTION_-Wassign-enum - Success
  -- Performing Test HAVE_COMPILER_OPTION_-Wconditional-uninitialized
  -- Performing Test HAVE_COMPILER_OPTION_-Wconditional-uninitialized - Success
  -- Performing Test HAVE_COMPILER_OPTION_-Wdocumentation
  -- Performing Test HAVE_COMPILER_OPTION_-Wdocumentation - Success
  -- Performing Test HAVE_COMPILER_OPTION_-Wduplicate-enum
  -- Performing Test HAVE_COMPILER_OPTION_-Wduplicate-enum - Success
  -- Performing Test HAVE_COMPILER_OPTION_-Wempty-translation-unit
  -- Performing Test HAVE_COMPILER_OPTION_-Wempty-translation-unit - Success
  -- Performing Test HAVE_COMPILER_OPTION_-Wextra-semi-stmt
  -- Performing Test HAVE_COMPILER_OPTION_-Wextra-semi-stmt - Success
  -- Performing Test HAVE_COMPILER_OPTION_-Wflexible-array-extensions
  -- Performing Test HAVE_COMPILER_OPTION_-Wflexible-array-extensions - Success
  -- Performing Test HAVE_COMPILER_OPTION_-Wmissing-variable-declarations
  -- Performing Test HAVE_COMPILER_OPTION_-Wmissing-variable-declarations - Success
  -- Performing Test HAVE_COMPILER_OPTION_-Wnewline-eof
  -- Performing Test HAVE_COMPILER_OPTION_-Wnewline-eof - Success
  -- Performing Test HAVE_COMPILER_OPTION_-Wshift-sign-overflow
  -- Performing Test HAVE_COMPILER_OPTION_-Wshift-sign-overflow - Success
  -- Performing Test HAVE_COMPILER_OPTION_-Wstring-conversion
  -- Performing Test HAVE_COMPILER_OPTION_-Wstring-conversion - Success
  -- Looking for pthread.h
  -- Looking for pthread.h - found
  -- Performing Test CMAKE_HAVE_LIBC_PTHREAD
  -- Performing Test CMAKE_HAVE_LIBC_PTHREAD - Failed
  -- Check if compiler accepts -pthread
  -- Check if compiler accepts -pthread - yes
  -- Found Threads: TRUE  
  -- Looking for pthread_condattr_setclock
  -- Looking for pthread_condattr_setclock - found
  -- Checking how to detect the number of available CPU cores
  -- Performing Test TUKLIB_CPUCORES_SCHED_GETAFFINITY
  -- Performing Test TUKLIB_CPUCORES_SCHED_GETAFFINITY - Success
  -- Checking how to detect the amount of physical memory
  -- Performing Test TUKLIB_PHYSMEM_SPECIAL
  -- Performing Test TUKLIB_PHYSMEM_SPECIAL - Failed
  -- Performing Test TUKLIB_PHYSMEM_AIX
  -- Performing Test TUKLIB_PHYSMEM_AIX - Failed
  -- Performing Test TUKLIB_PHYSMEM_SYSCONF
  -- Performing Test TUKLIB_PHYSMEM_SYSCONF - Success
  -- Performing Test HAVE_FUNC_ATTRIBUTE_CONSTRUCTOR
  -- Performing Test HAVE_FUNC_ATTRIBUTE_CONSTRUCTOR - Success
  -- Looking for cpuid.h
  -- Looking for cpuid.h - not found
  -- Looking for immintrin.h
  -- Looking for immintrin.h - not found
  -- Performing Test HAVE_ARM64_CRC32
  -- Performing Test HAVE_ARM64_CRC32 - Failed
  -- Performing Test HAVE_LOONGARCH_CRC32
  -- Performing Test HAVE_LOONGARCH_CRC32 - Failed
  -- Looking for getopt_long
  -- Looking for getopt_long - found
  -- Looking for cap_rights_limit
  -- Looking for cap_rights_limit - not found
  -- Looking for pledge
  -- Looking for pledge - not found
  -- Performing Test HAVE_LINUX_LANDLOCK
  -- Performing Test HAVE_LINUX_LANDLOCK - Success
  -- Could NOT find PkgConfig (missing: PKG_CONFIG_EXECUTABLE) 
  -- Found ZLIB: /Users/zhanziyuan/Library/Android/sdk/ndk/29.0.14206865/toolchains/llvm/prebuilt/darwin-x86_64/sysroot/usr/lib/arm-linux-androideabi/26/libz.so (found suitable version "1.3.0.1", minimum required is "1.2.1") 
  -- Could NOT find BZip2 (missing: BZIP2_LIBRARIES BZIP2_INCLUDE_DIR) 
  -- Could NOT find LibLZMA (missing: LIBLZMA_LIBRARY LIBLZMA_INCLUDE_DIR LIBLZMA_HAS_AUTO_DECODER LIBLZMA_HAS_EASY_ENCODER LIBLZMA_HAS_LZMA_PRESET) 
  -- Could NOT find LIBB2 (missing: LIBB2_LIBRARY LIBB2_INCLUDE_DIR) 
  -- Could NOT find LZ4 (missing: LZ4_LIBRARY LZ4_INCLUDE_DIR) 
  -- Checking for one of the modules 'libzstd'
  -- Could NOT find ZSTD (missing: ZSTD_LIBRARY ZSTD_INCLUDE_DIR) 
  -- Performing Test HAVE_DIRENT_H
  -- Performing Test HAVE_DIRENT_H - Success
  -- Looking for include file sys/types.h
  -- Looking for include file sys/types.h - found
  -- Looking for include files sys/types.h, acl/libacl.h
  -- Looking for include files sys/types.h, acl/libacl.h - not found
  -- Looking for include files sys/types.h, attr/xattr.h
  -- Looking for include files sys/types.h, attr/xattr.h - not found
  -- Looking for include files sys/types.h, ctype.h
  -- Looking for include files sys/types.h, ctype.h - found
  -- Looking for 3 include files sys/types.h, ..., copyfile.h
  -- Looking for 3 include files sys/types.h, ..., copyfile.h - not found
  -- Looking for 3 include files sys/types.h, ..., direct.h
  -- Looking for 3 include files sys/types.h, ..., direct.h - not found
  -- Looking for 3 include files sys/types.h, ..., dlfcn.h
  -- Looking for 3 include files sys/types.h, ..., dlfcn.h - found
  -- Looking for 4 include files sys/types.h, ..., errno.h
  -- Looking for 4 include files sys/types.h, ..., errno.h - found
  -- Looking for 5 include files sys/types.h, ..., ext2fs/ext2_fs.h
  -- Looking for 5 include files sys/types.h, ..., ext2fs/ext2_fs.h - not found
  -- Performing Test HAVE_WORKING_EXT2_IOC_GETFLAGS
  -- Performing Test HAVE_WORKING_EXT2_IOC_GETFLAGS - Failed
  -- Looking for 5 include files sys/types.h, ..., fcntl.h
  -- Looking for 5 include files sys/types.h, ..., fcntl.h - found
  -- Looking for 6 include files sys/types.h, ..., fnmatch.h
  -- Looking for 6 include files sys/types.h, ..., fnmatch.h - found
  -- Looking for 7 include files sys/types.h, ..., grp.h
  -- Looking for 7 include files sys/types.h, ..., grp.h - found
  -- Looking for 8 include files sys/types.h, ..., inttypes.h
  -- Looking for 8 include files sys/types.h, ..., inttypes.h - found
  -- Looking for 9 include files sys/types.h, ..., io.h
  -- Looking for 9 include files sys/types.h, ..., io.h - not found
  -- Looking for 9 include files sys/types.h, ..., langinfo.h
  -- Looking for 9 include files sys/types.h, ..., langinfo.h - found
  -- Looking for 10 include files sys/types.h, ..., limits.h
  -- Looking for 10 include files sys/types.h, ..., limits.h - found
  -- Looking for 11 include files sys/types.h, ..., linux/types.h
  -- Looking for 11 include files sys/types.h, ..., linux/types.h - found
  -- Looking for 12 include files sys/types.h, ..., linux/fiemap.h
  -- Looking for 12 include files sys/types.h, ..., linux/fiemap.h - found
  -- Looking for 13 include files sys/types.h, ..., linux/fs.h
  -- Looking for 13 include files sys/types.h, ..., linux/fs.h - found
  -- Performing Test HAVE_WORKING_FS_IOC_GETFLAGS
  -- Performing Test HAVE_WORKING_FS_IOC_GETFLAGS - Success
  -- Looking for 14 include files sys/types.h, ..., linux/magic.h
  -- Looking for 14 include files sys/types.h, ..., linux/magic.h - found
  -- Looking for 15 include files sys/types.h, ..., locale.h
  -- Looking for 15 include files sys/types.h, ..., locale.h - found
  -- Looking for 16 include files sys/types.h, ..., membership.h
  -- Looking for 16 include files sys/types.h, ..., membership.h - not found
  -- Looking for 16 include files sys/types.h, ..., memory.h
  -- Looking for 16 include files sys/types.h, ..., memory.h - found
  -- Looking for 17 include files sys/types.h, ..., paths.h
  -- Looking for 17 include files sys/types.h, ..., paths.h - found
  -- Looking for 18 include files sys/types.h, ..., poll.h
  -- Looking for 18 include files sys/types.h, ..., poll.h - found
  -- Looking for 19 include files sys/types.h, ..., process.h
  -- Looking for 19 include files sys/types.h, ..., process.h - not found
  -- Looking for 19 include files sys/types.h, ..., pthread.h
  -- Looking for 19 include files sys/types.h, ..., pthread.h - found
  -- Looking for 20 include files sys/types.h, ..., pwd.h
  -- Looking for 20 include files sys/types.h, ..., pwd.h - found
  -- Looking for 21 include files sys/types.h, ..., readpassphrase.h
  -- Looking for 21 include files sys/types.h, ..., readpassphrase.h - not found
  -- Looking for 21 include files sys/types.h, ..., regex.h
  -- Looking for 21 include files sys/types.h, ..., regex.h - found
  -- Looking for 22 include files sys/types.h, ..., signal.h
  -- Looking for 22 include files sys/types.h, ..., signal.h - found
  -- Looking for 23 include files sys/types.h, ..., spawn.h
  -- Looking for 23 include files sys/types.h, ..., spawn.h - found
  -- Looking for 24 include files sys/types.h, ..., stdarg.h
  -- Looking for 24 include files sys/types.h, ..., stdarg.h - found
  -- Looking for 25 include files sys/types.h, ..., stdint.h
  -- Looking for 25 include files sys/types.h, ..., stdint.h - found
  -- Looking for 26 include files sys/types.h, ..., stdio.h
  -- Looking for 26 include files sys/types.h, ..., stdio.h - found
  -- Looking for 27 include files sys/types.h, ..., stdlib.h
  -- Looking for 27 include files sys/types.h, ..., stdlib.h - found
  -- Looking for 28 include files sys/types.h, ..., string.h
  -- Looking for 28 include files sys/types.h, ..., string.h - found
  -- Looking for 29 include files sys/types.h, ..., strings.h
  -- Looking for 29 include files sys/types.h, ..., strings.h - found
  -- Looking for 30 include files sys/types.h, ..., sys/acl.h
  -- Looking for 30 include files sys/types.h, ..., sys/acl.h - not found
  -- Looking for 30 include files sys/types.h, ..., sys/cdefs.h
  -- Looking for 30 include files sys/types.h, ..., sys/cdefs.h - found
  -- Looking for 31 include files sys/types.h, ..., sys/extattr.h
  -- Looking for 31 include files sys/types.h, ..., sys/extattr.h - not found
  -- Looking for 31 include files sys/types.h, ..., sys/ioctl.h
  -- Looking for 31 include files sys/types.h, ..., sys/ioctl.h - found
  -- Looking for 32 include files sys/types.h, ..., sys/mkdev.h
  -- Looking for 32 include files sys/types.h, ..., sys/mkdev.h - not found
  -- Looking for 32 include files sys/types.h, ..., sys/mount.h
  -- Looking for 32 include files sys/types.h, ..., sys/mount.h - found
  -- Looking for 33 include files sys/types.h, ..., sys/param.h
  -- Looking for 33 include files sys/types.h, ..., sys/param.h - found
  -- Looking for 34 include files sys/types.h, ..., sys/poll.h
  -- Looking for 34 include files sys/types.h, ..., sys/poll.h - found
  -- Looking for 35 include files sys/types.h, ..., sys/richacl.h
  -- Looking for 35 include files sys/types.h, ..., sys/richacl.h - not found
  -- Looking for 35 include files sys/types.h, ..., sys/select.h
  -- Looking for 35 include files sys/types.h, ..., sys/select.h - found
  -- Looking for 36 include files sys/types.h, ..., sys/stat.h
  -- Looking for 36 include files sys/types.h, ..., sys/stat.h - found
  -- Looking for 37 include files sys/types.h, ..., sys/statfs.h
  -- Looking for 37 include files sys/types.h, ..., sys/statfs.h - found
  -- Looking for 38 include files sys/types.h, ..., sys/statvfs.h
  -- Looking for 38 include files sys/types.h, ..., sys/statvfs.h - found
  -- Looking for 39 include files sys/types.h, ..., sys/sysmacros.h
  -- Looking for 39 include files sys/types.h, ..., sys/sysmacros.h - found
  -- Looking for 40 include files sys/types.h, ..., sys/time.h
  -- Looking for 40 include files sys/types.h, ..., sys/time.h - found
  -- Looking for 41 include files sys/types.h, ..., sys/utime.h
  -- Looking for 41 include files sys/types.h, ..., sys/utime.h - not found
  -- Looking for 41 include files sys/types.h, ..., sys/utsname.h
  -- Looking for 41 include files sys/types.h, ..., sys/utsname.h - found
  -- Looking for 42 include files sys/types.h, ..., sys/vfs.h
  -- Looking for 42 include files sys/types.h, ..., sys/vfs.h - found
  -- Looking for 43 include files sys/types.h, ..., sys/wait.h
  -- Looking for 43 include files sys/types.h, ..., sys/wait.h - found
  -- Looking for 44 include files sys/types.h, ..., sys/xattr.h
  -- Looking for 44 include files sys/types.h, ..., sys/xattr.h - found
  -- Looking for 45 include files sys/types.h, ..., time.h
  -- Looking for 45 include files sys/types.h, ..., time.h - found
  -- Looking for 46 include files sys/types.h, ..., unistd.h
  -- Looking for 46 include files sys/types.h, ..., unistd.h - found
  -- Looking for 47 include files sys/types.h, ..., utime.h
  -- Looking for 47 include files sys/types.h, ..., utime.h - found
  -- Looking for 48 include files sys/types.h, ..., wchar.h
  -- Looking for 48 include files sys/types.h, ..., wchar.h - found
  -- Looking for 49 include files sys/types.h, ..., wctype.h
  -- Looking for 49 include files sys/types.h, ..., wctype.h - found
  -- Looking for 50 include files sys/types.h, ..., windows.h
  -- Looking for 50 include files sys/types.h, ..., windows.h - not found
  -- Looking for 50 include files sys/types.h, ..., bcrypt.h
  -- Looking for 50 include files sys/types.h, ..., bcrypt.h - not found
  -- Looking for 50 include files sys/types.h, ..., wincrypt.h
  -- Looking for 50 include files sys/types.h, ..., wincrypt.h - not found
  -- Looking for 50 include files sys/types.h, ..., winioctl.h
  -- Looking for 50 include files sys/types.h, ..., winioctl.h - not found
  -- Performing Test SAFE_TO_DEFINE_EXTENSIONS
  -- Performing Test SAFE_TO_DEFINE_EXTENSIONS - Success
  -- Looking for MD5Init in md
  -- Looking for MD5Init in md - not found
  -- Performing Test HAVE_ICONV_libc_const
  -- Performing Test HAVE_ICONV_libc_const - Failed
  -- Performing Test HAVE_ICONV_libc_
  -- Performing Test HAVE_ICONV_libc_ - Failed
  -- Could NOT find EXPAT (missing: EXPAT_LIBRARY EXPAT_INCLUDE_DIR) 
  -- Looking for regcomp
  -- Looking for regcomp - found
  -- Looking for _CrtSetReportMode
  -- Looking for _CrtSetReportMode - not found
  -- Looking for arc4random_buf
  -- Looking for arc4random_buf - found
  -- Looking for chflags
  -- Looking for chflags - not found
  -- Looking for chown
  -- Looking for chown - found
  -- Looking for chroot
  -- Looking for chroot - found
  -- Looking for closefrom
  -- Looking for closefrom - not found
  -- Looking for close_range
  -- Looking for close_range - not found
  -- Looking for ctime_r
  -- Looking for ctime_r - found
  -- Looking for fchdir
  -- Looking for fchdir - found
  -- Looking for fchflags
  -- Looking for fchflags - not found
  -- Looking for fchmod
  -- Looking for fchmod - found
  -- Looking for fchown
  -- Looking for fchown - found
  -- Looking for fcntl
  -- Looking for fcntl - found
  -- Looking for fdopendir
  -- Looking for fdopendir - found
  -- Looking for fnmatch
  -- Looking for fnmatch - found
  -- Looking for fork
  -- Looking for fork - found
  -- Looking for fstat
  -- Looking for fstat - found
  -- Looking for fstatat
  -- Looking for fstatat - found
  -- Looking for fstatfs
  -- Looking for fstatfs - found
  -- Looking for fstatvfs
  -- Looking for fstatvfs - found
  -- Looking for ftruncate
  -- Looking for ftruncate - found
  -- Looking for futimens
  -- Looking for futimens - found
  -- Looking for futimes
  -- Looking for futimes - found
  -- Looking for futimesat
  -- Looking for futimesat - found
  -- Looking for getegid
  -- Looking for getegid - found
  -- Looking for geteuid
  -- Looking for geteuid - found
  -- Looking for getgrgid_r
  -- Looking for getgrgid_r - found
  -- Looking for getgrnam_r
  -- Looking for getgrnam_r - found
  -- Looking for getline
  -- Looking for getline - found
  -- Looking for getpid
  -- Looking for getpid - found
  -- Looking for getpwnam_r
  -- Looking for getpwnam_r - found
  -- Looking for getpwuid_r
  -- Looking for getpwuid_r - found
  -- Looking for getresgid
  -- Looking for getresgid - found
  -- Looking for getresuid
  -- Looking for getresuid - found
  -- Looking for getvfsbyname
  -- Looking for getvfsbyname - not found
  -- Looking for gmtime_r
  -- Looking for gmtime_r - found
  -- Looking for issetugid
  -- Looking for issetugid - not found
  -- Looking for lchflags
  -- Looking for lchflags - not found
  -- Looking for lchmod
  -- Looking for lchmod - not found
  -- Looking for lchown
  -- Looking for lchown - found
  -- Looking for link
  -- Looking for link - found
  -- Looking for linkat
  -- Looking for linkat - found
  -- Looking for localtime_r
  -- Looking for localtime_r - found
  -- Looking for lstat
  -- Looking for lstat - found
  -- Looking for lutimes
  -- Looking for lutimes - found
  -- Looking for mbrtowc
  -- Looking for mbrtowc - found
  -- Looking for memmove
  -- Looking for memmove - found
  -- Looking for mkdir
  -- Looking for mkdir - found
  -- Looking for mkfifo
  -- Looking for mkfifo - found
  -- Looking for mknod
  -- Looking for mknod - found
  -- Looking for mkstemp
  -- Looking for mkstemp - found
  -- Looking for nl_langinfo
  -- Looking for nl_langinfo - found
  -- Looking for openat
  -- Looking for openat - found
  -- Looking for pipe
  -- Looking for pipe - found
  -- Looking for poll
  -- Looking for poll - found
  -- Looking for posix_spawn
  -- Looking for posix_spawn - not found
  -- Looking for posix_spawnp
  -- Looking for posix_spawnp - not found
  -- Looking for readlink
  -- Looking for readlink - found
  -- Looking for readpassphrase
  -- Looking for readpassphrase - not found
  -- Looking for select
  -- Looking for select - found
  -- Looking for setenv
  -- Looking for setenv - found
  -- Looking for setlocale
  -- Looking for setlocale - found
  -- Looking for sigaction
  -- Looking for sigaction - found
  -- Looking for statfs
  -- Looking for statfs - found
  -- Looking for statvfs
  -- Looking for statvfs - found
  -- Looking for strchr
  -- Looking for strchr - found
  -- Looking for strdup
  -- Looking for strdup - found
  -- Looking for strerror
  -- Looking for strerror - found
  -- Looking for strncpy_s
  -- Looking for strncpy_s - not found
  -- Looking for strnlen
  -- Looking for strnlen - found
  -- Looking for strrchr
  -- Looking for strrchr - found
  -- Looking for symlink
  -- Looking for symlink - found
  -- Looking for sysconf
  -- Looking for sysconf - found
  -- Looking for tcgetattr
  -- Looking for tcgetattr - found
  -- Looking for tcsetattr
  -- Looking for tcsetattr - found
  -- Looking for timegm
  -- Looking for timegm - found
  -- Looking for tzset
  -- Looking for tzset - found
  -- Looking for unlinkat
  -- Looking for unlinkat - found
  -- Looking for unsetenv
  -- Looking for unsetenv - found
  -- Looking for utime
  -- Looking for utime - found
  -- Looking for utimes
  -- Looking for utimes - found
  -- Looking for utimensat
  -- Looking for utimensat - found
  -- Looking for vfork
  -- Looking for vfork - found
  -- Looking for wcrtomb
  -- Looking for wcrtomb - found
  -- Looking for wcscmp
  -- Looking for wcscmp - found
  -- Looking for wcscpy
  -- Looking for wcscpy - found
  -- Looking for wcslen
  -- Looking for wcslen - found
  -- Looking for wctomb
  -- Looking for wctomb - found
  -- Looking for _fseeki64
  -- Looking for _fseeki64 - not found
  -- Looking for _get_timezone
  -- Looking for _get_timezone - not found
  -- Looking for ctime_s
  -- Looking for ctime_s - not found
  -- Looking for gmtime_s
  -- Looking for gmtime_s - not found
  -- Looking for localtime_s
  -- Looking for localtime_s - not found
  -- Looking for _mkgmtime
  -- Looking for _mkgmtime - not found
  -- Looking for cygwin_conv_path
  -- Looking for cygwin_conv_path - not found
  -- Looking for fseeko
  -- Looking for fseeko - found
  -- Looking for strerror_r
  -- Looking for strerror_r - found
  -- Looking for strftime
  -- Looking for strftime - found
  -- Looking for vprintf
  -- Looking for vprintf - found
  -- Looking for wmemcmp
  -- Looking for wmemcmp - found
  -- Looking for wmemcpy
  -- Looking for wmemcpy - found
  -- Looking for wmemmove
  -- Looking for wmemmove - found
  -- Performing Test HAVE_STRUCT_VFSCONF
  -- Performing Test HAVE_STRUCT_VFSCONF - Failed
  -- Performing Test HAVE_STRUCT_XVFSCONF
  -- Performing Test HAVE_STRUCT_XVFSCONF - Failed
  -- Performing Test HAVE_STRUCT_STATFS
  -- Performing Test HAVE_STRUCT_STATFS - Failed
  -- Performing Test HAVE_DIRFD
  -- Performing Test HAVE_DIRFD - Success
  -- Performing Test HAVE_READLINKAT
  -- Performing Test HAVE_READLINKAT - Success
  -- Performing Test MAJOR_IN_MKDEV
  -- Performing Test MAJOR_IN_MKDEV - Failed
  -- Performing Test MAJOR_IN_SYSMACROS
  -- Performing Test MAJOR_IN_SYSMACROS - Success
  -- Looking for EFTYPE
  -- Looking for EFTYPE - not found
  -- Looking for EILSEQ
  -- Looking for EILSEQ - found
  -- Looking for D_MD_ORDER
  -- Looking for D_MD_ORDER - not found
  -- Looking for INT32_MAX
  -- Looking for INT32_MAX - found
  -- Looking for INT32_MIN
  -- Looking for INT32_MIN - found
  -- Looking for INT64_MAX
  -- Looking for INT64_MAX - found
  -- Looking for INT64_MIN
  -- Looking for INT64_MIN - found
  -- Looking for INTMAX_MAX
  -- Looking for INTMAX_MAX - found
  -- Looking for INTMAX_MIN
  -- Looking for INTMAX_MIN - found
  -- Looking for UINT32_MAX
  -- Looking for UINT32_MAX - found
  -- Looking for UINT64_MAX
  -- Looking for UINT64_MAX - found
  -- Looking for UINTMAX_MAX
  -- Looking for UINTMAX_MAX - found
  -- Looking for SIZE_MAX
  -- Looking for SIZE_MAX - found
  -- Looking for SSIZE_MAX
  -- Looking for SSIZE_MAX - found
  -- Performing Test HAVE_STRUCT_TM_TM_GMTOFF
  -- Performing Test HAVE_STRUCT_TM_TM_GMTOFF - Success
  -- Performing Test HAVE_STRUCT_TM___TM_GMTOFF
  -- Performing Test HAVE_STRUCT_TM___TM_GMTOFF - Failed
  -- Performing Test HAVE_STRUCT_STAT_ST_BIRTHTIME
  -- Performing Test HAVE_STRUCT_STAT_ST_BIRTHTIME - Failed
  -- Performing Test HAVE_STRUCT_STAT_ST_BIRTHTIMESPEC_TV_NSEC
  -- Performing Test HAVE_STRUCT_STAT_ST_BIRTHTIMESPEC_TV_NSEC - Failed
  -- Performing Test HAVE_STRUCT_STAT_ST_MTIMESPEC_TV_NSEC
  -- Performing Test HAVE_STRUCT_STAT_ST_MTIMESPEC_TV_NSEC - Failed
  -- Performing Test HAVE_STRUCT_STAT_ST_MTIM_TV_NSEC
  -- Performing Test HAVE_STRUCT_STAT_ST_MTIM_TV_NSEC - Success
  -- Performing Test HAVE_STRUCT_STAT_ST_MTIME_N
  -- Performing Test HAVE_STRUCT_STAT_ST_MTIME_N - Failed
  -- Performing Test HAVE_STRUCT_STAT_ST_UMTIME
  -- Performing Test HAVE_STRUCT_STAT_ST_UMTIME - Failed
  -- Performing Test HAVE_STRUCT_STAT_ST_MTIME_USEC
  -- Performing Test HAVE_STRUCT_STAT_ST_MTIME_USEC - Failed
  -- Performing Test HAVE_STRUCT_STAT_ST_BLKSIZE
  -- Performing Test HAVE_STRUCT_STAT_ST_BLKSIZE - Success
  -- Performing Test HAVE_STRUCT_STAT_ST_FLAGS
  -- Performing Test HAVE_STRUCT_STAT_ST_FLAGS - Failed
  -- Performing Test HAVE_STRUCT_STATVFS_F_IOSIZE
  -- Performing Test HAVE_STRUCT_STATVFS_F_IOSIZE - Failed
  -- Looking for stddef.h
  -- Looking for stddef.h - found
  -- Check size of short
  -- Check size of short - done
  -- Check size of int
  -- Check size of int - done
  -- Check size of long
  -- Check size of long - done
  -- Check size of long long
  -- Check size of long long - done
  -- Check size of unsigned short
  -- Check size of unsigned short - done
  -- Check size of unsigned
  -- Check size of unsigned - done
  -- Check size of unsigned long
  -- Check size of unsigned long - done
  -- Check size of unsigned long long
  -- Check size of unsigned long long - done
  -- Check size of __int64
  -- Check size of __int64 - failed
  -- Check size of unsigned __int64
  -- Check size of unsigned __int64 - failed
  -- Check size of int16_t
  -- Check size of int16_t - done
  -- Check size of int32_t
  -- Check size of int32_t - done
  -- Check size of int64_t
  -- Check size of int64_t - done
  -- Check size of intmax_t
  -- Check size of intmax_t - done
  -- Check size of uint8_t
  -- Check size of uint8_t - done
  -- Check size of uint16_t
  -- Check size of uint16_t - done
  -- Check size of uint32_t
  -- Check size of uint32_t - done
  -- Check size of uint64_t
  -- Check size of uint64_t - done
  -- Check size of uintmax_t
  -- Check size of uintmax_t - done
  -- Check size of dev_t
  -- Check size of dev_t - done
  -- Check size of gid_t
  -- Check size of gid_t - done
  -- Check size of id_t
  -- Check size of id_t - done
  -- Check size of mode_t
  -- Check size of mode_t - done
  -- Check size of off_t
  -- Check size of off_t - done
  -- Check size of size_t
  -- Check size of size_t - done
  -- Check size of ssize_t
  -- Check size of ssize_t - done
  -- Check size of uid_t
  -- Check size of uid_t - done
  -- Check size of pid_t
  -- Check size of pid_t - done
  -- Check size of intptr_t
  -- Check size of intptr_t - done
  -- Check size of uintptr_t
  -- Check size of uintptr_t - done
  -- Check size of wchar_t
  -- Check size of wchar_t - done
  -- Checking _FILE_OFFSET_BITS for large files
  -- Checking _FILE_OFFSET_BITS for large files - needed
  -- Looking for setxattr in attr
  -- Looking for setxattr in attr - not found
  -- Looking for setxattr in gnu
  -- Looking for setxattr in gnu - not found
  -- Looking for EXTATTR_NAMESPACE_USER
  -- Looking for EXTATTR_NAMESPACE_USER - not found
  -- Looking for XATTR_NOFOLLOW
  -- Looking for XATTR_NOFOLLOW - not found
  -- Looking for fgetxattr
  -- Looking for fgetxattr - found
  -- Looking for flistxattr
  -- Looking for flistxattr - found
  -- Looking for fsetxattr
  -- Looking for fsetxattr - found
  -- Looking for getxattr
  -- Looking for getxattr - found
  -- Looking for lgetxattr
  -- Looking for lgetxattr - found
  -- Looking for listxattr
  -- Looking for listxattr - found
  -- Looking for llistxattr
  -- Looking for llistxattr - found
  -- Looking for lsetxattr
  -- Looking for lsetxattr - found
  -- Extended attributes support: Linux
  -- Looking for acl
  -- Looking for acl - not found
  -- Looking for facl
  -- Looking for facl - not found
  -- Looking for acl_get_file in acl
  -- Looking for acl_get_file in acl - not found
  -- Performing Test HAVE_ACL_T
  -- Performing Test HAVE_ACL_T - Failed
  -- Performing Test HAVE_ACL_ENTRY_T
  -- Performing Test HAVE_ACL_ENTRY_T - Failed
  -- Performing Test HAVE_ACL_PERMSET_T
  -- Performing Test HAVE_ACL_PERMSET_T - Failed
  -- Performing Test HAVE_ACL_TAG_T
  -- Performing Test HAVE_ACL_TAG_T - Failed
  -- Looking for richacl_get_file in richacl
  -- Looking for richacl_get_file in richacl - not found
  -- Performing Test HAVE_STRUCT_RICHACE
  -- Performing Test HAVE_STRUCT_RICHACE - Failed
  -- Performing Test HAVE_STRUCT_RICHACL
  -- Performing Test HAVE_STRUCT_RICHACL - Failed
  -- ACL support: none
  -- Checking support for ARCHIVE_CRYPTO_MD5_LIBC
  -- Checking support for ARCHIVE_CRYPTO_MD5_LIBC -- not found
  -- Checking support for ARCHIVE_CRYPTO_RMD160_LIBC
  -- Checking support for ARCHIVE_CRYPTO_RMD160_LIBC -- not found
  -- Checking support for ARCHIVE_CRYPTO_SHA1_LIBC
  -- Checking support for ARCHIVE_CRYPTO_SHA1_LIBC -- not found
  -- Checking support for ARCHIVE_CRYPTO_SHA256_LIBC
  -- Checking support for ARCHIVE_CRYPTO_SHA256_LIBC -- not found
  -- Checking support for ARCHIVE_CRYPTO_SHA384_LIBC
  -- Checking support for ARCHIVE_CRYPTO_SHA384_LIBC -- not found
  -- Checking support for ARCHIVE_CRYPTO_SHA512_LIBC
  -- Checking support for ARCHIVE_CRYPTO_SHA512_LIBC -- not found
  -- Checking support for ARCHIVE_CRYPTO_SHA256_LIBC2
  -- Checking support for ARCHIVE_CRYPTO_SHA256_LIBC2 -- not found
  -- Checking support for ARCHIVE_CRYPTO_SHA384_LIBC2
  -- Checking support for ARCHIVE_CRYPTO_SHA384_LIBC2 -- not found
  -- Checking support for ARCHIVE_CRYPTO_SHA512_LIBC2
  -- Checking support for ARCHIVE_CRYPTO_SHA512_LIBC2 -- not found
  -- Checking support for ARCHIVE_CRYPTO_SHA256_LIBC3
  -- Checking support for ARCHIVE_CRYPTO_SHA256_LIBC3 -- not found
  -- Checking support for ARCHIVE_CRYPTO_SHA384_LIBC3
  -- Checking support for ARCHIVE_CRYPTO_SHA384_LIBC3 -- not found
  -- Checking support for ARCHIVE_CRYPTO_SHA512_LIBC3
  -- Checking support for ARCHIVE_CRYPTO_SHA512_LIBC3 -- not found
  -- Checking support for ARCHIVE_CRYPTO_MD5_LIBSYSTEM
  -- Checking support for ARCHIVE_CRYPTO_MD5_LIBSYSTEM -- not found
  -- Checking support for ARCHIVE_CRYPTO_SHA1_LIBSYSTEM
  -- Checking support for ARCHIVE_CRYPTO_SHA1_LIBSYSTEM -- not found
  -- Checking support for ARCHIVE_CRYPTO_SHA256_LIBSYSTEM
  -- Checking support for ARCHIVE_CRYPTO_SHA256_LIBSYSTEM -- not found
  -- Checking support for ARCHIVE_CRYPTO_SHA384_LIBSYSTEM
  -- Checking support for ARCHIVE_CRYPTO_SHA384_LIBSYSTEM -- not found
  -- Checking support for ARCHIVE_CRYPTO_SHA512_LIBSYSTEM
  -- Checking support for ARCHIVE_CRYPTO_SHA512_LIBSYSTEM -- not found
  -- Checking support for ARCHIVE_CRYPTO_MD5_LIBMD
  -- Checking support for ARCHIVE_CRYPTO_MD5_LIBMD -- not found
  -- Checking support for ARCHIVE_CRYPTO_RMD160_LIBMD
  -- Checking support for ARCHIVE_CRYPTO_RMD160_LIBMD -- not found
  -- Checking support for ARCHIVE_CRYPTO_SHA1_LIBMD
  -- Checking support for ARCHIVE_CRYPTO_SHA1_LIBMD -- not found
  -- Checking support for ARCHIVE_CRYPTO_SHA256_LIBMD
  -- Checking support for ARCHIVE_CRYPTO_SHA256_LIBMD -- not found
  -- Checking support for ARCHIVE_CRYPTO_SHA512_LIBMD
  -- Checking support for ARCHIVE_CRYPTO_SHA512_LIBMD -- not found
  -- Performing Test HAVE_VISIBILITY_ATTR
  -- Performing Test HAVE_VISIBILITY_ATTR - Success
  -- Performing Test HAVE_BUILTIN_BSWAP16
  -- Performing Test HAVE_BUILTIN_BSWAP16 - Success
  -- Performing Test HAVE_BUILTIN_BSWAP32
  -- Performing Test HAVE_BUILTIN_BSWAP32 - Success
  -- Performing Test HAVE_BUILTIN_BSWAP64
  -- Performing Test HAVE_BUILTIN_BSWAP64 - Success
  -- Could NOT find OpenGL (missing: OPENGL_opengl_LIBRARY OPENGL_glx_LIBRARY OPENGL_INCLUDE_DIR) 
  -- Performing Test HAVE_MATH_LIBRARY
  -- Performing Test HAVE_MATH_LIBRARY - Success
  -- Found ZLIB: /Users/zhanziyuan/Library/Android/sdk/ndk/29.0.14206865/toolchains/llvm/prebuilt/darwin-x86_64/sysroot/usr/lib/arm-linux-androideabi/26/libz.so (found version "1.3.0.1") 
  -- Could NOT find PNG (missing: PNG_LIBRARY PNG_PNG_INCLUDE_DIR) 
  -- Could NOT find JPEG (missing: JPEG_LIBRARY JPEG_INCLUDE_DIR) 
  -- TIFF is disabled when statically linking.
  -- Could NOT find GIF (missing: GIF_LIBRARY GIF_INCLUDE_DIR) 
  -- Looking for include file GLUT/glut.h
  -- Looking for include file GLUT/glut.h - not found
  -- Looking for include file GL/glut.h
  -- Looking for include file GL/glut.h - not found
  -- Looking for include file OpenGL/glut.h
  -- Looking for include file OpenGL/glut.h - not found
  -- Looking for include file shlwapi.h
  -- Looking for include file shlwapi.h - not found
  -- Looking for include file wincodec.h
  -- Looking for include file wincodec.h - not found
  -- Performing Test WEBP_HAVE_FLAG_AVX2
  -- Performing Test WEBP_HAVE_FLAG_AVX2 - Failed
  -- Performing Test WEBP_HAVE_FLAG_AVX2
  -- Performing Test WEBP_HAVE_FLAG_AVX2 - Failed
  -- Performing Test HAS_COMPILE_FLAG
  -- Performing Test HAS_COMPILE_FLAG - Failed
  -- Performing Test WEBP_HAVE_FLAG_SSE41
  -- Performing Test WEBP_HAVE_FLAG_SSE41 - Failed
  -- Performing Test WEBP_HAVE_FLAG_SSE41
  -- Performing Test WEBP_HAVE_FLAG_SSE41 - Failed
  -- Performing Test HAS_COMPILE_FLAG
  -- Performing Test HAS_COMPILE_FLAG - Failed
  -- Performing Test WEBP_HAVE_FLAG_SSE2
  -- Performing Test WEBP_HAVE_FLAG_SSE2 - Failed
  -- Performing Test WEBP_HAVE_FLAG_SSE2
  -- Performing Test WEBP_HAVE_FLAG_SSE2 - Failed
  -- Performing Test HAS_COMPILE_FLAG
  -- Performing Test HAS_COMPILE_FLAG - Failed
  -- Performing Test WEBP_HAVE_FLAG_MIPS32
  -- Performing Test WEBP_HAVE_FLAG_MIPS32 - Failed
  -- Performing Test WEBP_HAVE_FLAG_MIPS32
  -- Performing Test WEBP_HAVE_FLAG_MIPS32 - Failed
  -- Performing Test WEBP_HAVE_FLAG_MIPS_DSP_R2
  -- Performing Test WEBP_HAVE_FLAG_MIPS_DSP_R2 - Failed
  -- Performing Test WEBP_HAVE_FLAG_MIPS_DSP_R2
  -- Performing Test WEBP_HAVE_FLAG_MIPS_DSP_R2 - Failed
  -- Performing Test HAS_COMPILE_FLAG
  -- Performing Test HAS_COMPILE_FLAG - Failed
  -- Performing Test WEBP_HAVE_FLAG_NEON
  -- Performing Test WEBP_HAVE_FLAG_NEON - Success
  -- Performing Test WEBP_HAVE_FLAG_MSA
  -- Performing Test WEBP_HAVE_FLAG_MSA - Failed
  -- Performing Test WEBP_HAVE_FLAG_MSA
  -- Performing Test WEBP_HAVE_FLAG_MSA - Failed
  -- Performing Test HAS_COMPILE_FLAG
  -- Performing Test HAS_COMPILE_FLAG - Failed
  -- Rust Toolchain: nightly-2026-08-22-aarch64-apple-darwin
  -- Rust Target: thumbv7neon-linux-androideabi
  -- Configuring incomplete, errors occurred!
  See also "/Users/zhanziyuan/Documents/GitHub/EhViewer/app/.cxx/Debug/1i5i5y2o/armeabi-v7a/CMakeFiles/CMakeOutput.log".
  See also "/Users/zhanziyuan/Documents/GitHub/EhViewer/app/.cxx/Debug/1i5i5y2o/armeabi-v7a/CMakeFiles/CMakeError.log".
  
  C++ build system [configure] failed while executing:
      /Users/zhanziyuan/Library/Android/sdk/cmake/3.22.1/bin/cmake \
        -H/Users/zhanziyuan/Documents/GitHub/EhViewer/app/src/main/cpp \
        -DCMAKE_SYSTEM_NAME=Android \
        -DCMAKE_EXPORT_COMPILE_COMMANDS=ON \
        -DCMAKE_SYSTEM_VERSION=26 \
        -DANDROID_PLATFORM=android-26 \
        -DANDROID_ABI=armeabi-v7a \
        -DCMAKE_ANDROID_ARCH_ABI=armeabi-v7a \
        -DANDROID_NDK=/Users/zhanziyuan/Library/Android/sdk/ndk/29.0.14206865 \
        -DCMAKE_ANDROID_NDK=/Users/zhanziyuan/Library/Android/sdk/ndk/29.0.14206865 \
        -DCMAKE_TOOLCHAIN_FILE=/Users/zhanziyuan/Library/Android/sdk/ndk/29.0.14206865/build/cmake/android.toolchain.cmake \
        -DCMAKE_MAKE_PROGRAM=/Users/zhanziyuan/Library/Android/sdk/cmake/3.22.1/bin/ninja \
        -DCMAKE_LIBRARY_OUTPUT_DIRECTORY=/Users/zhanziyuan/Documents/GitHub/EhViewer/app/build/intermediates/cxx/Debug/1i5i5y2o/obj/armeabi-v7a \
        -DCMAKE_RUNTIME_OUTPUT_DIRECTORY=/Users/zhanziyuan/Documents/GitHub/EhViewer/app/build/intermediates/cxx/Debug/1i5i5y2o/obj/armeabi-v7a \
        -DCMAKE_BUILD_TYPE=Debug \
        -B/Users/zhanziyuan/Documents/GitHub/EhViewer/app/.cxx/Debug/1i5i5y2o/armeabi-v7a \
        -GNinja
    from /Users/zhanziyuan/Documents/GitHub/EhViewer/app
  CMake Error at /Users/zhanziyuan/Documents/GitHub/EhViewer/app/.cxx/Debug/1i5i5y2o/armeabi-v7a/_deps/corrosion-src/cmake/FindRust.cmake:812 (message):
    Target thumbv7neon-linux-androideabi is not installed for toolchain
    nightly-2026-08-22-aarch64-apple-darwin.
  
    Help: Run `rustup target add --toolchain
    nightly-2026-08-22-aarch64-apple-darwin thumbv7neon-linux-androideabi` to
    install the missing target or configure corrosion with
    `Rust_RUSTUP_INSTALL_MISSING_TARGET=ON`.
  Call Stack (most recent call first):
    /Users/zhanziyuan/Documents/GitHub/EhViewer/app/.cxx/Debug/1i5i5y2o/armeabi-v7a/_deps/corrosion-src/cmake/Corrosion.cmake:47 (find_package)
    /Users/zhanziyuan/Documents/GitHub/EhViewer/app/.cxx/Debug/1i5i5y2o/armeabi-v7a/_deps/corrosion-src/CMakeLists.txt:30 (include) : com.android.ide.common.process.ProcessException: -- The C compiler identification is Clang 21.0.0
  -- Detecting C compiler ABI info
  -- Detecting C compiler ABI info - done
  -- Check for working C compiler: /Users/zhanziyuan/Library/Android/sdk/ndk/29.0.14206865/toolchains/llvm/prebuilt/darwin-x86_64/bin/clang - skipped
  -- Detecting C compile features
  -- Detecting C compile features - done
  -- Performing Test TUKLIB_LARGE_FILE_SUPPORT_BY_DEFAULT
  -- Performing Test TUKLIB_LARGE_FILE_SUPPORT_BY_DEFAULT - Failed
  -- Performing Test TUKLIB_LARGE_FILE_SUPPORT_WITH_FOB64
  -- Performing Test TUKLIB_LARGE_FILE_SUPPORT_WITH_FOB64 - Success
  -- Performing Test HAVE___BUILTIN_BSWAPXX
  -- Performing Test HAVE___BUILTIN_BSWAPXX - Success
  -- Check if unaligned memory access should be used
  -- Performing Test TUKLIB_FAST_UNALIGNED_DEFINED_BY_PREPROCESSOR
  -- Performing Test TUKLIB_FAST_UNALIGNED_DEFINED_BY_PREPROCESSOR - Success
  -- Check if unaligned memory access should be used - yes
  -- Performing Test HAVE___BUILTIN_ASSUME_ALIGNED
  -- Performing Test HAVE___BUILTIN_ASSUME_ALIGNED - Success
  -- Looking for clock_gettime
  -- Looking for clock_gettime - found
  -- Looking for CLOCK_MONOTONIC
  -- Looking for CLOCK_MONOTONIC - found
  -- Failed to find Gettext libintl (missing: Intl_LIBRARY Intl_INCLUDE_DIR) 
  -- Found Gettext: /opt/homebrew/bin/msgmerge (found version "1.0") 
  -- Performing Test HAVE_COMPILER_OPTION_-Wall
  -- Performing Test HAVE_COMPILER_OPTION_-Wall - Success
  -- Performing Test HAVE_COMPILER_OPTION_-Wextra
  -- Performing Test HAVE_COMPILER_OPTION_-Wextra - Success
  -- Performing Test HAVE_COMPILER_OPTION_-Wvla
  -- Performing Test HAVE_COMPILER_OPTION_-Wvla - Success
  -- Performing Test HAVE_COMPILER_OPTION_-Wformat_2
  -- Performing Test HAVE_COMPILER_OPTION_-Wformat_2 - Success
  -- Performing Test HAVE_COMPILER_OPTION_-Winit-self
  -- Performing Test HAVE_COMPILER_OPTION_-Winit-self - Success
  -- Performing Test HAVE_COMPILER_OPTION_-Wmissing-include-dirs
  -- Performing Test HAVE_COMPILER_OPTION_-Wmissing-include-dirs - Success
  -- Performing Test HAVE_COMPILER_OPTION_-Wshift-overflow_2
  -- Performing Test HAVE_COMPILER_OPTION_-Wshift-overflow_2 - Failed
  -- Performing Test HAVE_COMPILER_OPTION_-Wstrict-overflow_3
  -- Performing Test HAVE_COMPILER_OPTION_-Wstrict-overflow_3 - Success
  -- Performing Test HAVE_COMPILER_OPTION_-Walloc-zero
  -- Performing Test HAVE_COMPILER_OPTION_-Walloc-zero - Failed
  -- Performing Test HAVE_COMPILER_OPTION_-Wduplicated-cond
  -- Performing Test HAVE_COMPILER_OPTION_-Wduplicated-cond - Failed
  -- Performing Test HAVE_COMPILER_OPTION_-Wfloat-equal
  -- Performing Test HAVE_COMPILER_OPTION_-Wfloat-equal - Success
  -- Performing Test HAVE_COMPILER_OPTION_-Wundef
  -- Performing Test HAVE_COMPILER_OPTION_-Wundef - Success
  -- Performing Test HAVE_COMPILER_OPTION_-Wshadow
  -- Performing Test HAVE_COMPILER_OPTION_-Wshadow - Success
  -- Performing Test HAVE_COMPILER_OPTION_-Wpointer-arith
  -- Performing Test HAVE_COMPILER_OPTION_-Wpointer-arith - Success
  -- Performing Test HAVE_COMPILER_OPTION_-Wbad-function-cast
  -- Performing Test HAVE_COMPILER_OPTION_-Wbad-function-cast - Success
  -- Performing Test HAVE_COMPILER_OPTION_-Wwrite-strings
  -- Performing Test HAVE_COMPILER_OPTION_-Wwrite-strings - Success
  -- Performing Test HAVE_COMPILER_OPTION_-Wdate-time
  -- Performing Test HAVE_COMPILER_OPTION_-Wdate-time - Success
  -- Performing Test HAVE_COMPILER_OPTION_-Wsign-conversion
  -- Performing Test HAVE_COMPILER_OPTION_-Wsign-conversion - Success
  -- Performing Test HAVE_COMPILER_OPTION_-Wfloat-conversion
  -- Performing Test HAVE_COMPILER_OPTION_-Wfloat-conversion - Success
  -- Performing Test HAVE_COMPILER_OPTION_-Wlogical-op
  -- Performing Test HAVE_COMPILER_OPTION_-Wlogical-op - Failed
  -- Performing Test HAVE_COMPILER_OPTION_-Waggregate-return
  -- Performing Test HAVE_COMPILER_OPTION_-Waggregate-return - Success
  -- Performing Test HAVE_COMPILER_OPTION_-Wstrict-prototypes
  -- Performing Test HAVE_COMPILER_OPTION_-Wstrict-prototypes - Success
  -- Performing Test HAVE_COMPILER_OPTION_-Wold-style-definition
  -- Performing Test HAVE_COMPILER_OPTION_-Wold-style-definition - Success
  -- Performing Test HAVE_COMPILER_OPTION_-Wmissing-prototypes
  -- Performing Test HAVE_COMPILER_OPTION_-Wmissing-prototypes - Success
  -- Performing Test HAVE_COMPILER_OPTION_-Wmissing-declarations
  -- Performing Test HAVE_COMPILER_OPTION_-Wmissing-declarations - Success
  -- Performing Test HAVE_COMPILER_OPTION_-Wredundant-decls
  -- Performing Test HAVE_COMPILER_OPTION_-Wredundant-decls - Success
  -- Performing Test HAVE_COMPILER_OPTION_-Wimplicit-fallthrough
  -- Performing Test HAVE_COMPILER_OPTION_-Wimplicit-fallthrough - Success
  -- Performing Test HAVE_COMPILER_OPTION_-Wimplicit-fallthrough_5
  -- Performing Test HAVE_COMPILER_OPTION_-Wimplicit-fallthrough_5 - Failed
  -- Performing Test HAVE_COMPILER_OPTION_-Wc99-compat
  -- Performing Test HAVE_COMPILER_OPTION_-Wc99-compat - Success
  -- Performing Test HAVE_COMPILER_OPTION_-Wc11-extensions
  -- Performing Test HAVE_COMPILER_OPTION_-Wc11-extensions - Success
  -- Performing Test HAVE_COMPILER_OPTION_-Wc2x-compat
  -- Performing Test HAVE_COMPILER_OPTION_-Wc2x-compat - Success
  -- Performing Test HAVE_COMPILER_OPTION_-Wc2x-extensions
  -- Performing Test HAVE_COMPILER_OPTION_-Wc2x-extensions - Success
  -- Performing Test HAVE_COMPILER_OPTION_-Warray-bounds-pointer-arithmetic
  -- Performing Test HAVE_COMPILER_OPTION_-Warray-bounds-pointer-arithmetic - Success
  -- Performing Test HAVE_COMPILER_OPTION_-Wassign-enum
  -- Performing Test HAVE_COMPILER_OPTION_-Wassign-enum - Success
  -- Performing Test HAVE_COMPILER_OPTION_-Wconditional-uninitialized
  -- Performing Test HAVE_COMPILER_OPTION_-Wconditional-uninitialized - Success
  -- Performing Test HAVE_COMPILER_OPTION_-Wdocumentation
  -- Performing Test HAVE_COMPILER_OPTION_-Wdocumentation - Success
  -- Performing Test HAVE_COMPILER_OPTION_-Wduplicate-enum
  -- Performing Test HAVE_COMPILER_OPTION_-Wduplicate-enum - Success
  -- Performing Test HAVE_COMPILER_OPTION_-Wempty-translation-unit
  -- Performing Test HAVE_COMPILER_OPTION_-Wempty-translation-unit - Success
  -- Performing Test HAVE_COMPILER_OPTION_-Wextra-semi-stmt
  -- Performing Test HAVE_COMPILER_OPTION_-Wextra-semi-stmt - Success
  -- Performing Test HAVE_COMPILER_OPTION_-Wflexible-array-extensions
  -- Performing Test HAVE_COMPILER_OPTION_-Wflexible-array-extensions - Success
  -- Performing Test HAVE_COMPILER_OPTION_-Wmissing-variable-declarations
  -- Performing Test HAVE_COMPILER_OPTION_-Wmissing-variable-declarations - Success
  -- Performing Test HAVE_COMPILER_OPTION_-Wnewline-eof
  -- Performing Test HAVE_COMPILER_OPTION_-Wnewline-eof - Success
  -- Performing Test HAVE_COMPILER_OPTION_-Wshift-sign-overflow
  -- Performing Test HAVE_COMPILER_OPTION_-Wshift-sign-overflow - Success
  -- Performing Test HAVE_COMPILER_OPTION_-Wstring-conversion
  -- Performing Test HAVE_COMPILER_OPTION_-Wstring-conversion - Success
  -- Looking for pthread.h
  -- Looking for pthread.h - found
  -- Performing Test CMAKE_HAVE_LIBC_PTHREAD
  -- Performing Test CMAKE_HAVE_LIBC_PTHREAD - Failed
  -- Check if compiler accepts -pthread
  -- Check if compiler accepts -pthread - yes
  -- Found Threads: TRUE  
  -- Looking for pthread_condattr_setclock
  -- Looking for pthread_condattr_setclock - found
  -- Checking how to detect the number of available CPU cores
  -- Performing Test TUKLIB_CPUCORES_SCHED_GETAFFINITY
  -- Performing Test TUKLIB_CPUCORES_SCHED_GETAFFINITY - Success
  -- Checking how to detect the amount of physical memory
  -- Performing Test TUKLIB_PHYSMEM_SPECIAL
  -- Performing Test TUKLIB_PHYSMEM_SPECIAL - Failed
  -- Performing Test TUKLIB_PHYSMEM_AIX
  -- Performing Test TUKLIB_PHYSMEM_AIX - Failed
  -- Performing Test TUKLIB_PHYSMEM_SYSCONF
  -- Performing Test TUKLIB_PHYSMEM_SYSCONF - Success
  -- Performing Test HAVE_FUNC_ATTRIBUTE_CONSTRUCTOR
  -- Performing Test HAVE_FUNC_ATTRIBUTE_CONSTRUCTOR - Success
  -- Looking for cpuid.h
  -- Looking for cpuid.h - not found
  -- Looking for immintrin.h
  -- Looking for immintrin.h - not found
  -- Performing Test HAVE_ARM64_CRC32
  -- Performing Test HAVE_ARM64_CRC32 - Failed
  -- Performing Test HAVE_LOONGARCH_CRC32
  -- Performing Test HAVE_LOONGARCH_CRC32 - Failed
  -- Looking for getopt_long
  -- Looking for getopt_long - found
  -- Looking for cap_rights_limit
  -- Looking for cap_rights_limit - not found
  -- Looking for pledge
  -- Looking for pledge - not found
  -- Performing Test HAVE_LINUX_LANDLOCK
  -- Performing Test HAVE_LINUX_LANDLOCK - Success
  -- Could NOT find PkgConfig (missing: PKG_CONFIG_EXECUTABLE) 
  -- Found ZLIB: /Users/zhanziyuan/Library/Android/sdk/ndk/29.0.14206865/toolchains/llvm/prebuilt/darwin-x86_64/sysroot/usr/lib/arm-linux-androideabi/26/libz.so (found suitable version "1.3.0.1", minimum required is "1.2.1") 
  -- Could NOT find BZip2 (missing: BZIP2_LIBRARIES BZIP2_INCLUDE_DIR) 
  -- Could NOT find LibLZMA (missing: LIBLZMA_LIBRARY LIBLZMA_INCLUDE_DIR LIBLZMA_HAS_AUTO_DECODER LIBLZMA_HAS_EASY_ENCODER LIBLZMA_HAS_LZMA_PRESET) 
  -- Could NOT find LIBB2 (missing: LIBB2_LIBRARY LIBB2_INCLUDE_DIR) 
  -- Could NOT find LZ4 (missing: LZ4_LIBRARY LZ4_INCLUDE_DIR) 
  -- Checking for one of the modules 'libzstd'
  -- Could NOT find ZSTD (missing: ZSTD_LIBRARY ZSTD_INCLUDE_DIR) 
  -- Performing Test HAVE_DIRENT_H
  -- Performing Test HAVE_DIRENT_H - Success
  -- Looking for include file sys/types.h
  -- Looking for include file sys/types.h - found
  -- Looking for include files sys/types.h, acl/libacl.h
  -- Looking for include files sys/types.h, acl/libacl.h - not found
  -- Looking for include files sys/types.h, attr/xattr.h
  -- Looking for include files sys/types.h, attr/xattr.h - not found
  -- Looking for include files sys/types.h, ctype.h
  -- Looking for include files sys/types.h, ctype.h - found
  -- Looking for 3 include files sys/types.h, ..., copyfile.h
  -- Looking for 3 include files sys/types.h, ..., copyfile.h - not found
  -- Looking for 3 include files sys/types.h, ..., direct.h
  -- Looking for 3 include files sys/types.h, ..., direct.h - not found
  -- Looking for 3 include files sys/types.h, ..., dlfcn.h
  -- Looking for 3 include files sys/types.h, ..., dlfcn.h - found
  -- Looking for 4 include files sys/types.h, ..., errno.h
  -- Looking for 4 include files sys/types.h, ..., errno.h - found
  -- Looking for 5 include files sys/types.h, ..., ext2fs/ext2_fs.h
  -- Looking for 5 include files sys/types.h, ..., ext2fs/ext2_fs.h - not found
  -- Performing Test HAVE_WORKING_EXT2_IOC_GETFLAGS
  -- Performing Test HAVE_WORKING_EXT2_IOC_GETFLAGS - Failed
  -- Looking for 5 include files sys/types.h, ..., fcntl.h
  -- Looking for 5 include files sys/types.h, ..., fcntl.h - found
  -- Looking for 6 include files sys/types.h, ..., fnmatch.h
  -- Looking for 6 include files sys/types.h, ..., fnmatch.h - found
  -- Looking for 7 include files sys/types.h, ..., grp.h
  -- Looking for 7 include files sys/types.h, ..., grp.h - found
  -- Looking for 8 include files sys/types.h, ..., inttypes.h
  -- Looking for 8 include files sys/types.h, ..., inttypes.h - found
  -- Looking for 9 include files sys/types.h, ..., io.h
  -- Looking for 9 include files sys/types.h, ..., io.h - not found
  -- Looking for 9 include files sys/types.h, ..., langinfo.h
  -- Looking for 9 include files sys/types.h, ..., langinfo.h - found
  -- Looking for 10 include files sys/types.h, ..., limits.h
  -- Looking for 10 include files sys/types.h, ..., limits.h - found
  -- Looking for 11 include files sys/types.h, ..., linux/types.h
  -- Looking for 11 include files sys/types.h, ..., linux/types.h - found
  -- Looking for 12 include files sys/types.h, ..., linux/fiemap.h
  -- Looking for 12 include files sys/types.h, ..., linux/fiemap.h - found
  -- Looking for 13 include files sys/types.h, ..., linux/fs.h
  -- Looking for 13 include files sys/types.h, ..., linux/fs.h - found
  -- Performing Test HAVE_WORKING_FS_IOC_GETFLAGS
  -- Performing Test HAVE_WORKING_FS_IOC_GETFLAGS - Success
  -- Looking for 14 include files sys/types.h, ..., linux/magic.h
  -- Looking for 14 include files sys/types.h, ..., linux/magic.h - found
  -- Looking for 15 include files sys/types.h, ..., locale.h
  -- Looking for 15 include files sys/types.h, ..., locale.h - found
  -- Looking for 16 include files sys/types.h, ..., membership.h
  -- Looking for 16 include files sys/types.h, ..., membership.h - not found
  -- Looking for 16 include files sys/types.h, ..., memory.h
  -- Looking for 16 include files sys/types.h, ..., memory.h - found
  -- Looking for 17 include files sys/types.h, ..., paths.h
  -- Looking for 17 include files sys/types.h, ..., paths.h - found
  -- Looking for 18 include files sys/types.h, ..., poll.h
  -- Looking for 18 include files sys/types.h, ..., poll.h - found
  -- Looking for 19 include files sys/types.h, ..., process.h
  -- Looking for 19 include files sys/types.h, ..., process.h - not found
  -- Looking for 19 include files sys/types.h, ..., pthread.h
  -- Looking for 19 include files sys/types.h, ..., pthread.h - found
  -- Looking for 20 include files sys/types.h, ..., pwd.h
  -- Looking for 20 include files sys/types.h, ..., pwd.h - found
  -- Looking for 21 include files sys/types.h, ..., readpassphrase.h
  -- Looking for 21 include files sys/types.h, ..., readpassphrase.h - not found
  -- Looking for 21 include files sys/types.h, ..., regex.h
  -- Looking for 21 include files sys/types.h, ..., regex.h - found
  -- Looking for 22 include files sys/types.h, ..., signal.h
  -- Looking for 22 include files sys/types.h, ..., signal.h - found
  -- Looking for 23 include files sys/types.h, ..., spawn.h
  -- Looking for 23 include files sys/types.h, ..., spawn.h - found
  -- Looking for 24 include files sys/types.h, ..., stdarg.h
  -- Looking for 24 include files sys/types.h, ..., stdarg.h - found
  -- Looking for 25 include files sys/types.h, ..., stdint.h
  -- Looking for 25 include files sys/types.h, ..., stdint.h - found
  -- Looking for 26 include files sys/types.h, ..., stdio.h
  -- Looking for 26 include files sys/types.h, ..., stdio.h - found
  -- Looking for 27 include files sys/types.h, ..., stdlib.h
  -- Looking for 27 include files sys/types.h, ..., stdlib.h - found
  -- Looking for 28 include files sys/types.h, ..., string.h
  -- Looking for 28 include files sys/types.h, ..., string.h - found
  -- Looking for 29 include files sys/types.h, ..., strings.h
  -- Looking for 29 include files sys/types.h, ..., strings.h - found
  -- Looking for 30 include files sys/types.h, ..., sys/acl.h
  -- Looking for 30 include files sys/types.h, ..., sys/acl.h - not found
  -- Looking for 30 include files sys/types.h, ..., sys/cdefs.h
  -- Looking for 30 include files sys/types.h, ..., sys/cdefs.h - found
  -- Looking for 31 include files sys/types.h, ..., sys/extattr.h
  -- Looking for 31 include files sys/types.h, ..., sys/extattr.h - not found
  -- Looking for 31 include files sys/types.h, ..., sys/ioctl.h
  -- Looking for 31 include files sys/types.h, ..., sys/ioctl.h - found
  -- Looking for 32 include files sys/types.h, ..., sys/mkdev.h
  -- Looking for 32 include files sys/types.h, ..., sys/mkdev.h - not found
  -- Looking for 32 include files sys/types.h, ..., sys/mount.h
  -- Looking for 32 include files sys/types.h, ..., sys/mount.h - found
  -- Looking for 33 include files sys/types.h, ..., sys/param.h
  -- Looking for 33 include files sys/types.h, ..., sys/param.h - found
  -- Looking for 34 include files sys/types.h, ..., sys/poll.h
  -- Looking for 34 include files sys/types.h, ..., sys/poll.h - found
  -- Looking for 35 include files sys/types.h, ..., sys/richacl.h
  -- Looking for 35 include files sys/types.h, ..., sys/richacl.h - not found
  -- Looking for 35 include files sys/types.h, ..., sys/select.h
  -- Looking for 35 include files sys/types.h, ..., sys/select.h - found
  -- Looking for 36 include files sys/types.h, ..., sys/stat.h
  -- Looking for 36 include files sys/types.h, ..., sys/stat.h - found
  -- Looking for 37 include files sys/types.h, ..., sys/statfs.h
  -- Looking for 37 include files sys/types.h, ..., sys/statfs.h - found
  -- Looking for 38 include files sys/types.h, ..., sys/statvfs.h
  -- Looking for 38 include files sys/types.h, ..., sys/statvfs.h - found
  -- Looking for 39 include files sys/types.h, ..., sys/sysmacros.h
  -- Looking for 39 include files sys/types.h, ..., sys/sysmacros.h - found
  -- Looking for 40 include files sys/types.h, ..., sys/time.h
  -- Looking for 40 include files sys/types.h, ..., sys/time.h - found
  -- Looking for 41 include files sys/types.h, ..., sys/utime.h
  -- Looking for 41 include files sys/types.h, ..., sys/utime.h - not found
  -- Looking for 41 include files sys/types.h, ..., sys/utsname.h
  -- Looking for 41 include files sys/types.h, ..., sys/utsname.h - found
  -- Looking for 42 include files sys/types.h, ..., sys/vfs.h
  -- Looking for 42 include files sys/types.h, ..., sys/vfs.h - found
  -- Looking for 43 include files sys/types.h, ..., sys/wait.h
  -- Looking for 43 include files sys/types.h, ..., sys/wait.h - found
  -- Looking for 44 include files sys/types.h, ..., sys/xattr.h
  -- Looking for 44 include files sys/types.h, ..., sys/xattr.h - found
  -- Looking for 45 include files sys/types.h, ..., time.h
  -- Looking for 45 include files sys/types.h, ..., time.h - found
  -- Looking for 46 include files sys/types.h, ..., unistd.h
  -- Looking for 46 include files sys/types.h, ..., unistd.h - found
  -- Looking for 47 include files sys/types.h, ..., utime.h
  -- Looking for 47 include files sys/types.h, ..., utime.h - found
  -- Looking for 48 include files sys/types.h, ..., wchar.h
  -- Looking for 48 include files sys/types.h, ..., wchar.h - found
  -- Looking for 49 include files sys/types.h, ..., wctype.h
  -- Looking for 49 include files sys/types.h, ..., wctype.h - found
  -- Looking for 50 include files sys/types.h, ..., windows.h
  -- Looking for 50 include files sys/types.h, ..., windows.h - not found
  -- Looking for 50 include files sys/types.h, ..., bcrypt.h
  -- Looking for 50 include files sys/types.h, ..., bcrypt.h - not found
  -- Looking for 50 include files sys/types.h, ..., wincrypt.h
  -- Looking for 50 include files sys/types.h, ..., wincrypt.h - not found
  -- Looking for 50 include files sys/types.h, ..., winioctl.h
  -- Looking for 50 include files sys/types.h, ..., winioctl.h - not found
  -- Performing Test SAFE_TO_DEFINE_EXTENSIONS
  -- Performing Test SAFE_TO_DEFINE_EXTENSIONS - Success
  -- Looking for MD5Init in md
  -- Looking for MD5Init in md - not found
  -- Performing Test HAVE_ICONV_libc_const
  -- Performing Test HAVE_ICONV_libc_const - Failed
  -- Performing Test HAVE_ICONV_libc_
  -- Performing Test HAVE_ICONV_libc_ - Failed
  -- Could NOT find EXPAT (missing: EXPAT_LIBRARY EXPAT_INCLUDE_DIR) 
  -- Looking for regcomp
  -- Looking for regcomp - found
  -- Looking for _CrtSetReportMode
  -- Looking for _CrtSetReportMode - not found
  -- Looking for arc4random_buf
  -- Looking for arc4random_buf - found
  -- Looking for chflags
  -- Looking for chflags - not found
  -- Looking for chown
  -- Looking for chown - found
  -- Looking for chroot
  -- Looking for chroot - found
  -- Looking for closefrom
  -- Looking for closefrom - not found
  -- Looking for close_range
  -- Looking for close_range - not found
  -- Looking for ctime_r
  -- Looking for ctime_r - found
  -- Looking for fchdir
  -- Looking for fchdir - found
  -- Looking for fchflags
  -- Looking for fchflags - not found
  -- Looking for fchmod
  -- Looking for fchmod - found
  -- Looking for fchown
  -- Looking for fchown - found
  -- Looking for fcntl
  -- Looking for fcntl - found
  -- Looking for fdopendir
  -- Looking for fdopendir - found
  -- Looking for fnmatch
  -- Looking for fnmatch - found
  -- Looking for fork
  -- Looking for fork - found
  -- Looking for fstat
  -- Looking for fstat - found
  -- Looking for fstatat
  -- Looking for fstatat - found
  -- Looking for fstatfs
  -- Looking for fstatfs - found
  -- Looking for fstatvfs
  -- Looking for fstatvfs - found
  -- Looking for ftruncate
  -- Looking for ftruncate - found
  -- Looking for futimens
  -- Looking for futimens - found
  -- Looking for futimes
  -- Looking for futimes - found
  -- Looking for futimesat
  -- Looking for futimesat - found
  -- Looking for getegid
  -- Looking for getegid - found
  -- Looking for geteuid
  -- Looking for geteuid - found
  -- Looking for getgrgid_r
  -- Looking for getgrgid_r - found
  -- Looking for getgrnam_r
  -- Looking for getgrnam_r - found
  -- Looking for getline
  -- Looking for getline - found
  -- Looking for getpid
  -- Looking for getpid - found
  -- Looking for getpwnam_r
  -- Looking for getpwnam_r - found
  -- Looking for getpwuid_r
  -- Looking for getpwuid_r - found
  -- Looking for getresgid
  -- Looking for getresgid - found
  -- Looking for getresuid
  -- Looking for getresuid - found
  -- Looking for getvfsbyname
  -- Looking for getvfsbyname - not found
  -- Looking for gmtime_r
  -- Looking for gmtime_r - found
  -- Looking for issetugid
  -- Looking for issetugid - not found
  -- Looking for lchflags
  -- Looking for lchflags - not found
  -- Looking for lchmod
  -- Looking for lchmod - not found
  -- Looking for lchown
  -- Looking for lchown - found
  -- Looking for link
  -- Looking for link - found
  -- Looking for linkat
  -- Looking for linkat - found
  -- Looking for localtime_r
  -- Looking for localtime_r - found
  -- Looking for lstat
  -- Looking for lstat - found
  -- Looking for lutimes
  -- Looking for lutimes - found
  -- Looking for mbrtowc
  -- Looking for mbrtowc - found
  -- Looking for memmove
  -- Looking for memmove - found
  -- Looking for mkdir
  -- Looking for mkdir - found
  -- Looking for mkfifo
  -- Looking for mkfifo - found
  -- Looking for mknod
  -- Looking for mknod - found
  -- Looking for mkstemp
  -- Looking for mkstemp - found
  -- Looking for nl_langinfo
  -- Looking for nl_langinfo - found
  -- Looking for openat
  -- Looking for openat - found
  -- Looking for pipe
  -- Looking for pipe - found
  -- Looking for poll
  -- Looking for poll - found
  -- Looking for posix_spawn
  -- Looking for posix_spawn - not found
  -- Looking for posix_spawnp
  -- Looking for posix_spawnp - not found
  -- Looking for readlink
  -- Looking for readlink - found
  -- Looking for readpassphrase
  -- Looking for readpassphrase - not found
  -- Looking for select
  -- Looking for select - found
  -- Looking for setenv
  -- Looking for setenv - found
  -- Looking for setlocale
  -- Looking for setlocale - found
  -- Looking for sigaction
  -- Looking for sigaction - found
  -- Looking for statfs
  -- Looking for statfs - found
  -- Looking for statvfs
  -- Looking for statvfs - found
  -- Looking for strchr
  -- Looking for strchr - found
  -- Looking for strdup
  -- Looking for strdup - found
  -- Looking for strerror
  -- Looking for strerror - found
  -- Looking for strncpy_s
  -- Looking for strncpy_s - not found
  -- Looking for strnlen
  -- Looking for strnlen - found
  -- Looking for strrchr
  -- Looking for strrchr - found
  -- Looking for symlink
  -- Looking for symlink - found
  -- Looking for sysconf
  -- Looking for sysconf - found
  -- Looking for tcgetattr
  -- Looking for tcgetattr - found
  -- Looking for tcsetattr
  -- Looking for tcsetattr - found
  -- Looking for timegm
  -- Looking for timegm - found
  -- Looking for tzset
  -- Looking for tzset - found
  -- Looking for unlinkat
  -- Looking for unlinkat - found
  -- Looking for unsetenv
  -- Looking for unsetenv - found
  -- Looking for utime
  -- Looking for utime - found
  -- Looking for utimes
  -- Looking for utimes - found
  -- Looking for utimensat
  -- Looking for utimensat - found
  -- Looking for vfork
  -- Looking for vfork - found
  -- Looking for wcrtomb
  -- Looking for wcrtomb - found
  -- Looking for wcscmp
  -- Looking for wcscmp - found
  -- Looking for wcscpy
  -- Looking for wcscpy - found
  -- Looking for wcslen
  -- Looking for wcslen - found
  -- Looking for wctomb
  -- Looking for wctomb - found
  -- Looking for _fseeki64
  -- Looking for _fseeki64 - not found
  -- Looking for _get_timezone
  -- Looking for _get_timezone - not found
  -- Looking for ctime_s
  -- Looking for ctime_s - not found
  -- Looking for gmtime_s
  -- Looking for gmtime_s - not found
  -- Looking for localtime_s
  -- Looking for localtime_s - not found
  -- Looking for _mkgmtime
  -- Looking for _mkgmtime - not found
  -- Looking for cygwin_conv_path
  -- Looking for cygwin_conv_path - not found
  -- Looking for fseeko
  -- Looking for fseeko - found
  -- Looking for strerror_r
  -- Looking for strerror_r - found
  -- Looking for strftime
  -- Looking for strftime - found
  -- Looking for vprintf
  -- Looking for vprintf - found
  -- Looking for wmemcmp
  -- Looking for wmemcmp - found
  -- Looking for wmemcpy
  -- Looking for wmemcpy - found
  -- Looking for wmemmove
  -- Looking for wmemmove - found
  -- Performing Test HAVE_STRUCT_VFSCONF
  -- Performing Test HAVE_STRUCT_VFSCONF - Failed
  -- Performing Test HAVE_STRUCT_XVFSCONF
  -- Performing Test HAVE_STRUCT_XVFSCONF - Failed
  -- Performing Test HAVE_STRUCT_STATFS
  -- Performing Test HAVE_STRUCT_STATFS - Failed
  -- Performing Test HAVE_DIRFD
  -- Performing Test HAVE_DIRFD - Success
  -- Performing Test HAVE_READLINKAT
  -- Performing Test HAVE_READLINKAT - Success
  -- Performing Test MAJOR_IN_MKDEV
  -- Performing Test MAJOR_IN_MKDEV - Failed
  -- Performing Test MAJOR_IN_SYSMACROS
  -- Performing Test MAJOR_IN_SYSMACROS - Success
  -- Looking for EFTYPE
  -- Looking for EFTYPE - not found
  -- Looking for EILSEQ
  -- Looking for EILSEQ - found
  -- Looking for D_MD_ORDER
  -- Looking for D_MD_ORDER - not found
  -- Looking for INT32_MAX
  -- Looking for INT32_MAX - found
  -- Looking for INT32_MIN
  -- Looking for INT32_MIN - found
  -- Looking for INT64_MAX
  -- Looking for INT64_MAX - found
  -- Looking for INT64_MIN
  -- Looking for INT64_MIN - found
  -- Looking for INTMAX_MAX
  -- Looking for INTMAX_MAX - found
  -- Looking for INTMAX_MIN
  -- Looking for INTMAX_MIN - found
  -- Looking for UINT32_MAX
  -- Looking for UINT32_MAX - found
  -- Looking for UINT64_MAX
  -- Looking for UINT64_MAX - found
  -- Looking for UINTMAX_MAX
  -- Looking for UINTMAX_MAX - found
  -- Looking for SIZE_MAX
  -- Looking for SIZE_MAX - found
  -- Looking for SSIZE_MAX
  -- Looking for SSIZE_MAX - found
  -- Performing Test HAVE_STRUCT_TM_TM_GMTOFF
  -- Performing Test HAVE_STRUCT_TM_TM_GMTOFF - Success
  -- Performing Test HAVE_STRUCT_TM___TM_GMTOFF
  -- Performing Test HAVE_STRUCT_TM___TM_GMTOFF - Failed
  -- Performing Test HAVE_STRUCT_STAT_ST_BIRTHTIME
  -- Performing Test HAVE_STRUCT_STAT_ST_BIRTHTIME - Failed
  -- Performing Test HAVE_STRUCT_STAT_ST_BIRTHTIMESPEC_TV_NSEC
  -- Performing Test HAVE_STRUCT_STAT_ST_BIRTHTIMESPEC_TV_NSEC - Failed
  -- Performing Test HAVE_STRUCT_STAT_ST_MTIMESPEC_TV_NSEC
  -- Performing Test HAVE_STRUCT_STAT_ST_MTIMESPEC_TV_NSEC - Failed
  -- Performing Test HAVE_STRUCT_STAT_ST_MTIM_TV_NSEC
  -- Performing Test HAVE_STRUCT_STAT_ST_MTIM_TV_NSEC - Success
  -- Performing Test HAVE_STRUCT_STAT_ST_MTIME_N
  -- Performing Test HAVE_STRUCT_STAT_ST_MTIME_N - Failed
  -- Performing Test HAVE_STRUCT_STAT_ST_UMTIME
  -- Performing Test HAVE_STRUCT_STAT_ST_UMTIME - Failed
  -- Performing Test HAVE_STRUCT_STAT_ST_MTIME_USEC
  -- Performing Test HAVE_STRUCT_STAT_ST_MTIME_USEC - Failed
  -- Performing Test HAVE_STRUCT_STAT_ST_BLKSIZE
  -- Performing Test HAVE_STRUCT_STAT_ST_BLKSIZE - Success
  -- Performing Test HAVE_STRUCT_STAT_ST_FLAGS
  -- Performing Test HAVE_STRUCT_STAT_ST_FLAGS - Failed
  -- Performing Test HAVE_STRUCT_STATVFS_F_IOSIZE
  -- Performing Test HAVE_STRUCT_STATVFS_F_IOSIZE - Failed
  -- Looking for stddef.h
  -- Looking for stddef.h - found
  -- Check size of short
  -- Check size of short - done
  -- Check size of int
  -- Check size of int - done
  -- Check size of long
  -- Check size of long - done
  -- Check size of long long
  -- Check size of long long - done
  -- Check size of unsigned short
  -- Check size of unsigned short - done
  -- Check size of unsigned
  -- Check size of unsigned - done
  -- Check size of unsigned long
  -- Check size of unsigned long - done
  -- Check size of unsigned long long
  -- Check size of unsigned long long - done
  -- Check size of __int64
  -- Check size of __int64 - failed
  -- Check size of unsigned __int64
  -- Check size of unsigned __int64 - failed
  -- Check size of int16_t
  -- Check size of int16_t - done
  -- Check size of int32_t
  -- Check size of int32_t - done
  -- Check size of int64_t
  -- Check size of int64_t - done
  -- Check size of intmax_t
  -- Check size of intmax_t - done
  -- Check size of uint8_t
  -- Check size of uint8_t - done
  -- Check size of uint16_t
  -- Check size of uint16_t - done
  -- Check size of uint32_t
  -- Check size of uint32_t - done
  -- Check size of uint64_t
  -- Check size of uint64_t - done
  -- Check size of uintmax_t
  -- Check size of uintmax_t - done
  -- Check size of dev_t
  -- Check size of dev_t - done
  -- Check size of gid_t
  -- Check size of gid_t - done
  -- Check size of id_t
  -- Check size of id_t - done
  -- Check size of mode_t
  -- Check size of mode_t - done
  -- Check size of off_t
  -- Check size of off_t - done
  -- Check size of size_t
  -- Check size of size_t - done
  -- Check size of ssize_t
  -- Check size of ssize_t - done
  -- Check size of uid_t
  -- Check size of uid_t - done
  -- Check size of pid_t
  -- Check size of pid_t - done
  -- Check size of intptr_t
  -- Check size of intptr_t - done
  -- Check size of uintptr_t
  -- Check size of uintptr_t - done
  -- Check size of wchar_t
  -- Check size of wchar_t - done
  -- Checking _FILE_OFFSET_BITS for large files
  -- Checking _FILE_OFFSET_BITS for large files - needed
  -- Looking for setxattr in attr
  -- Looking for setxattr in attr - not found
  -- Looking for setxattr in gnu
  -- Looking for setxattr in gnu - not found
  -- Looking for EXTATTR_NAMESPACE_USER
  -- Looking for EXTATTR_NAMESPACE_USER - not found
  -- Looking for XATTR_NOFOLLOW
  -- Looking for XATTR_NOFOLLOW - not found
  -- Looking for fgetxattr
  -- Looking for fgetxattr - found
  -- Looking for flistxattr
  -- Looking for flistxattr - found
  -- Looking for fsetxattr
  -- Looking for fsetxattr - found
  -- Looking for getxattr
  -- Looking for getxattr - found
  -- Looking for lgetxattr
  -- Looking for lgetxattr - found
  -- Looking for listxattr
  -- Looking for listxattr - found
  -- Looking for llistxattr
  -- Looking for llistxattr - found
  -- Looking for lsetxattr
  -- Looking for lsetxattr - found
  -- Extended attributes support: Linux
  -- Looking for acl
  -- Looking for acl - not found
  -- Looking for facl
  -- Looking for facl - not found
  -- Looking for acl_get_file in acl
  -- Looking for acl_get_file in acl - not found
  -- Performing Test HAVE_ACL_T
  -- Performing Test HAVE_ACL_T - Failed
  -- Performing Test HAVE_ACL_ENTRY_T
  -- Performing Test HAVE_ACL_ENTRY_T - Failed
  -- Performing Test HAVE_ACL_PERMSET_T
  -- Performing Test HAVE_ACL_PERMSET_T - Failed
  -- Performing Test HAVE_ACL_TAG_T
  -- Performing Test HAVE_ACL_TAG_T - Failed
  -- Looking for richacl_get_file in richacl
  -- Looking for richacl_get_file in richacl - not found
  -- Performing Test HAVE_STRUCT_RICHACE
  -- Performing Test HAVE_STRUCT_RICHACE - Failed
  -- Performing Test HAVE_STRUCT_RICHACL
  -- Performing Test HAVE_STRUCT_RICHACL - Failed
  -- ACL support: none
  -- Checking support for ARCHIVE_CRYPTO_MD5_LIBC
  -- Checking support for ARCHIVE_CRYPTO_MD5_LIBC -- not found
  -- Checking support for ARCHIVE_CRYPTO_RMD160_LIBC
  -- Checking support for ARCHIVE_CRYPTO_RMD160_LIBC -- not found
  -- Checking support for ARCHIVE_CRYPTO_SHA1_LIBC
  -- Checking support for ARCHIVE_CRYPTO_SHA1_LIBC -- not found
  -- Checking support for ARCHIVE_CRYPTO_SHA256_LIBC
  -- Checking support for ARCHIVE_CRYPTO_SHA256_LIBC -- not found
  -- Checking support for ARCHIVE_CRYPTO_SHA384_LIBC
  -- Checking support for ARCHIVE_CRYPTO_SHA384_LIBC -- not found
  -- Checking support for ARCHIVE_CRYPTO_SHA512_LIBC
  -- Checking support for ARCHIVE_CRYPTO_SHA512_LIBC -- not found
  -- Checking support for ARCHIVE_CRYPTO_SHA256_LIBC2
  -- Checking support for ARCHIVE_CRYPTO_SHA256_LIBC2 -- not found
  -- Checking support for ARCHIVE_CRYPTO_SHA384_LIBC2
  -- Checking support for ARCHIVE_CRYPTO_SHA384_LIBC2 -- not found
  -- Checking support for ARCHIVE_CRYPTO_SHA512_LIBC2
  -- Checking support for ARCHIVE_CRYPTO_SHA512_LIBC2 -- not found
  -- Checking support for ARCHIVE_CRYPTO_SHA256_LIBC3
  -- Checking support for ARCHIVE_CRYPTO_SHA256_LIBC3 -- not found
  -- Checking support for ARCHIVE_CRYPTO_SHA384_LIBC3
  -- Checking support for ARCHIVE_CRYPTO_SHA384_LIBC3 -- not found
  -- Checking support for ARCHIVE_CRYPTO_SHA512_LIBC3
  -- Checking support for ARCHIVE_CRYPTO_SHA512_LIBC3 -- not found
  -- Checking support for ARCHIVE_CRYPTO_MD5_LIBSYSTEM
  -- Checking support for ARCHIVE_CRYPTO_MD5_LIBSYSTEM -- not found
  -- Checking support for ARCHIVE_CRYPTO_SHA1_LIBSYSTEM
  -- Checking support for ARCHIVE_CRYPTO_SHA1_LIBSYSTEM -- not found
  -- Checking support for ARCHIVE_CRYPTO_SHA256_LIBSYSTEM
  -- Checking support for ARCHIVE_CRYPTO_SHA256_LIBSYSTEM -- not found
  -- Checking support for ARCHIVE_CRYPTO_SHA384_LIBSYSTEM
  -- Checking support for ARCHIVE_CRYPTO_SHA384_LIBSYSTEM -- not found
  -- Checking support for ARCHIVE_CRYPTO_SHA512_LIBSYSTEM
  -- Checking support for ARCHIVE_CRYPTO_SHA512_LIBSYSTEM -- not found
  -- Checking support for ARCHIVE_CRYPTO_MD5_LIBMD
  -- Checking support for ARCHIVE_CRYPTO_MD5_LIBMD -- not found
  -- Checking support for ARCHIVE_CRYPTO_RMD160_LIBMD
  -- Checking support for ARCHIVE_CRYPTO_RMD160_LIBMD -- not found
  -- Checking support for ARCHIVE_CRYPTO_SHA1_LIBMD
  -- Checking support for ARCHIVE_CRYPTO_SHA1_LIBMD -- not found
  -- Checking support for ARCHIVE_CRYPTO_SHA256_LIBMD
  -- Checking support for ARCHIVE_CRYPTO_SHA256_LIBMD -- not found
  -- Checking support for ARCHIVE_CRYPTO_SHA512_LIBMD
  -- Checking support for ARCHIVE_CRYPTO_SHA512_LIBMD -- not found
  -- Performing Test HAVE_VISIBILITY_ATTR
  -- Performing Test HAVE_VISIBILITY_ATTR - Success
  -- Performing Test HAVE_BUILTIN_BSWAP16
  -- Performing Test HAVE_BUILTIN_BSWAP16 - Success
  -- Performing Test HAVE_BUILTIN_BSWAP32
  -- Performing Test HAVE_BUILTIN_BSWAP32 - Success
  -- Performing Test HAVE_BUILTIN_BSWAP64
  -- Performing Test HAVE_BUILTIN_BSWAP64 - Success
  -- Could NOT find OpenGL (missing: OPENGL_opengl_LIBRARY OPENGL_glx_LIBRARY OPENGL_INCLUDE_DIR) 
  -- Performing Test HAVE_MATH_LIBRARY
  -- Performing Test HAVE_MATH_LIBRARY - Success
  -- Found ZLIB: /Users/zhanziyuan/Library/Android/sdk/ndk/29.0.14206865/toolchains/llvm/prebuilt/darwin-x86_64/sysroot/usr/lib/arm-linux-androideabi/26/libz.so (found version "1.3.0.1") 
  -- Could NOT find PNG (missing: PNG_LIBRARY PNG_PNG_INCLUDE_DIR) 
  -- Could NOT find JPEG (missing: JPEG_LIBRARY JPEG_INCLUDE_DIR) 
  -- TIFF is disabled when statically linking.
  -- Could NOT find GIF (missing: GIF_LIBRARY GIF_INCLUDE_DIR) 
  -- Looking for include file GLUT/glut.h
  -- Looking for include file GLUT/glut.h - not found
  -- Looking for include file GL/glut.h
  -- Looking for include file GL/glut.h - not found
  -- Looking for include file OpenGL/glut.h
  -- Looking for include file OpenGL/glut.h - not found
  -- Looking for include file shlwapi.h
  -- Looking for include file shlwapi.h - not found
  -- Looking for include file wincodec.h
  -- Looking for include file wincodec.h - not found
  -- Performing Test WEBP_HAVE_FLAG_AVX2
  -- Performing Test WEBP_HAVE_FLAG_AVX2 - Failed
  -- Performing Test WEBP_HAVE_FLAG_AVX2
  -- Performing Test WEBP_HAVE_FLAG_AVX2 - Failed
  -- Performing Test HAS_COMPILE_FLAG
  -- Performing Test HAS_COMPILE_FLAG - Failed
  -- Performing Test WEBP_HAVE_FLAG_SSE41
  -- Performing Test WEBP_HAVE_FLAG_SSE41 - Failed
  -- Performing Test WEBP_HAVE_FLAG_SSE41
  -- Performing Test WEBP_HAVE_FLAG_SSE41 - Failed
  -- Performing Test HAS_COMPILE_FLAG
  -- Performing Test HAS_COMPILE_FLAG - Failed
  -- Performing Test WEBP_HAVE_FLAG_SSE2
  -- Performing Test WEBP_HAVE_FLAG_SSE2 - Failed
  -- Performing Test WEBP_HAVE_FLAG_SSE2
  -- Performing Test WEBP_HAVE_FLAG_SSE2 - Failed
  -- Performing Test HAS_COMPILE_FLAG
  -- Performing Test HAS_COMPILE_FLAG - Failed
  -- Performing Test WEBP_HAVE_FLAG_MIPS32
  -- Performing Test WEBP_HAVE_FLAG_MIPS32 - Failed
  -- Performing Test WEBP_HAVE_FLAG_MIPS32
  -- Performing Test WEBP_HAVE_FLAG_MIPS32 - Failed
  -- Performing Test WEBP_HAVE_FLAG_MIPS_DSP_R2
  -- Performing Test WEBP_HAVE_FLAG_MIPS_DSP_R2 - Failed
  -- Performing Test WEBP_HAVE_FLAG_MIPS_DSP_R2
  -- Performing Test WEBP_HAVE_FLAG_MIPS_DSP_R2 - Failed
  -- Performing Test HAS_COMPILE_FLAG
  -- Performing Test HAS_COMPILE_FLAG - Failed
  -- Performing Test WEBP_HAVE_FLAG_NEON
  -- Performing Test WEBP_HAVE_FLAG_NEON - Success
  -- Performing Test WEBP_HAVE_FLAG_MSA
  -- Performing Test WEBP_HAVE_FLAG_MSA - Failed
  -- Performing Test WEBP_HAVE_FLAG_MSA
  -- Performing Test WEBP_HAVE_FLAG_MSA - Failed
  -- Performing Test HAS_COMPILE_FLAG
  -- Performing Test HAS_COMPILE_FLAG - Failed
  -- Rust Toolchain: nightly-2026-08-22-aarch64-apple-darwin
  -- Rust Target: thumbv7neon-linux-androideabi
  -- Configuring incomplete, errors occurred!
  See also "/Users/zhanziyuan/Documents/GitHub/EhViewer/app/.cxx/Debug/1i5i5y2o/armeabi-v7a/CMakeFiles/CMakeOutput.log".
  See also "/Users/zhanziyuan/Documents/GitHub/EhViewer/app/.cxx/Debug/1i5i5y2o/armeabi-v7a/CMakeFiles/CMakeError.log".
  
  C++ build system [configure] failed while executing:
      /Users/zhanziyuan/Library/Android/sdk/cmake/3.22.1/bin/cmake \
        -H/Users/zhanziyuan/Documents/GitHub/EhViewer/app/src/main/cpp \
        -DCMAKE_SYSTEM_NAME=Android \
        -DCMAKE_EXPORT_COMPILE_COMMANDS=ON \
        -DCMAKE_SYSTEM_VERSION=26 \
        -DANDROID_PLATFORM=android-26 \
        -DANDROID_ABI=armeabi-v7a \
        -DCMAKE_ANDROID_ARCH_ABI=armeabi-v7a \
        -DANDROID_NDK=/Users/zhanziyuan/Library/Android/sdk/ndk/29.0.14206865 \
        -DCMAKE_ANDROID_NDK=/Users/zhanziyuan/Library/Android/sdk/ndk/29.0.14206865 \
        -DCMAKE_TOOLCHAIN_FILE=/Users/zhanziyuan/Library/Android/sdk/ndk/29.0.14206865/build/cmake/android.toolchain.cmake \
        -DCMAKE_MAKE_PROGRAM=/Users/zhanziyuan/Library/Android/sdk/cmake/3.22.1/bin/ninja \
        -DCMAKE_LIBRARY_OUTPUT_DIRECTORY=/Users/zhanziyuan/Documents/GitHub/EhViewer/app/build/intermediates/cxx/Debug/1i5i5y2o/obj/armeabi-v7a \
        -DCMAKE_RUNTIME_OUTPUT_DIRECTORY=/Users/zhanziyuan/Documents/GitHub/EhViewer/app/build/intermediates/cxx/Debug/1i5i5y2o/obj/armeabi-v7a \
        -DCMAKE_BUILD_TYPE=Debug \
        -B/Users/zhanziyuan/Documents/GitHub/EhViewer/app/.cxx/Debug/1i5i5y2o/armeabi-v7a \
        -GNinja
    from /Users/zhanziyuan/Documents/GitHub/EhViewer/app
  CMake Error at /Users/zhanziyuan/Documents/GitHub/EhViewer/app/.cxx/Debug/1i5i5y2o/armeabi-v7a/_deps/corrosion-src/cmake/FindRust.cmake:812 (message):
    Target thumbv7neon-linux-androideabi is not installed for toolchain
    nightly-2026-08-22-aarch64-apple-darwin.
  
    Help: Run `rustup target add --toolchain
    nightly-2026-08-22-aarch64-apple-darwin thumbv7neon-linux-androideabi` to
    install the missing target or configure corrosion with
    `Rust_RUSTUP_INSTALL_MISSING_TARGET=ON`.
  Call Stack (most recent call first):
    /Users/zhanziyuan/Documents/GitHub/EhViewer/app/.cxx/Debug/1i5i5y2o/armeabi-v7a/_deps/corrosion-src/cmake/Corrosion.cmake:47 (find_package)
    /Users/zhanziyuan/Documents/GitHub/EhViewer/app/.cxx/Debug/1i5i5y2o/armeabi-v7a/_deps/corrosion-src/CMakeLists.txt:30 (include)
  	at com.android.build.gradle.internal.cxx.process.ExecuteProcessKt.execute(ExecuteProcess.kt:260)
  	at com.android.build.gradle.internal.cxx.process.ExecuteProcessKt$executeProcess$1.invoke(ExecuteProcess.kt:95)
  	at com.android.build.gradle.internal.cxx.process.ExecuteProcessKt$executeProcess$1.invoke(ExecuteProcess.kt:93)
  	at com.android.build.gradle.internal.cxx.timing.TimingEnvironmentKt.time(TimingEnvironment.kt:28)
  	at com.android.build.gradle.internal.cxx.process.ExecuteProcessKt.executeProcess(ExecuteProcess.kt:93)
  	at com.android.build.gradle.internal.cxx.process.ExecuteProcessKt.executeProcess$default(ExecuteProcess.kt:70)
  	at com.android.build.gradle.tasks.CmakeQueryMetadataGenerator.executeProcess(CmakeFileApiMetadataGenerator.kt:55)
  	at com.android.build.gradle.tasks.ExternalNativeJsonGenerator$configureOneAbi$1$1$3.invoke(ExternalNativeJsonGenerator.kt:226)
  	at com.android.build.gradle.tasks.ExternalNativeJsonGenerator$configureOneAbi$1$1$3.invoke(ExternalNativeJsonGenerator.kt:226)
  	at com.android.build.gradle.internal.cxx.timing.TimingEnvironmentKt.time(TimingEnvironment.kt:28)
  	at com.android.build.gradle.tasks.ExternalNativeJsonGenerator.configureOneAbi(ExternalNativeJsonGenerator.kt:226)
  	at com.android.build.gradle.tasks.ExternalNativeJsonGenerator.configure(ExternalNativeJsonGenerator.kt:108)
  	at com.android.build.gradle.tasks.ExternalNativeBuildJsonTask.doTaskAction(ExternalNativeBuildJsonTask.kt:76)
  	at com.android.build.gradle.internal.tasks.UnsafeOutputsTask$taskAction$$inlined$recordTaskAction$1.invoke(BaseTask.kt:71)
  	at com.android.build.gradle.internal.tasks.Blocks.recordSpan(Blocks.java:51)
  	at com.android.build.gradle.internal.tasks.UnsafeOutputsTask.taskAction(UnsafeOutputsTask.kt:72)
  	at java.base/jdk.internal.reflect.DirectMethodHandleAccessor.invoke(Unknown Source)
  	at java.base/java.lang.reflect.Method.invoke(Unknown Source)
  	at org.gradle.internal.reflect.JavaMethod.invoke(JavaMethod.java:125)
  	at org.gradle.api.internal.project.taskfactory.StandardTaskAction.doExecute(StandardTaskAction.java:58)
  	at org.gradle.api.internal.project.taskfactory.StandardTaskAction.execute(StandardTaskAction.java:51)
  	at org.gradle.api.internal.project.taskfactory.StandardTaskAction.execute(StandardTaskAction.java:29)
  	at org.gradle.api.internal.tasks.execution.TaskExecution$3.run(TaskExecution.java:259)
  	at org.gradle.internal.operations.DefaultBuildOperationRunner$1.execute(DefaultBuildOperationRunner.java:30)
  	at org.gradle.internal.operations.DefaultBuildOperationRunner$1.execute(DefaultBuildOperationRunner.java:27)
  	at org.gradle.internal.operations.DefaultBuildOperationRunner$2.execute(DefaultBuildOperationRunner.java:67)
  	at org.gradle.internal.operations.DefaultBuildOperationRunner$2.execute(DefaultBuildOperationRunner.java:60)
  	at org.gradle.internal.operations.DefaultBuildOperationRunner.execute(DefaultBuildOperationRunner.java:167)
  	at org.gradle.internal.operations.DefaultBuildOperationRunner.execute(DefaultBuildOperationRunner.java:60)
  	at org.gradle.internal.operations.DefaultBuildOperationRunner.run(DefaultBuildOperationRunner.java:48)
  	at org.gradle.api.internal.tasks.execution.TaskExecution.executeAction(TaskExecution.java:244)
  	at org.gradle.api.internal.tasks.execution.TaskExecution.executeActions(TaskExecution.java:227)
  	at org.gradle.api.internal.tasks.execution.TaskExecution.executeWithPreviousOutputFiles(TaskExecution.java:210)
  	at org.gradle.api.internal.tasks.execution.TaskExecution.execute(TaskExecution.java:176)
  	at org.gradle.internal.execution.steps.ExecuteStep.executeInternal(ExecuteStep.java:167)
  	at org.gradle.internal.execution.steps.ExecuteStep.access$000(ExecuteStep.java:47)
  	at org.gradle.internal.execution.steps.ExecuteStep$1.call(ExecuteStep.java:137)
  	at org.gradle.internal.execution.steps.ExecuteStep$1.call(ExecuteStep.java:134)
  	at org.gradle.internal.operations.DefaultBuildOperationRunner$CallableBuildOperationWorker.execute(DefaultBuildOperationRunner.java:210)
  	at org.gradle.internal.operations.DefaultBuildOperationRunner$CallableBuildOperationWorker.execute(DefaultBuildOperationRunner.java:205)
  	at org.gradle.internal.operations.DefaultBuildOperationRunner$2.execute(DefaultBuildOperationRunner.java:67)
  	at org.gradle.internal.operations.DefaultBuildOperationRunner$2.execute(DefaultBuildOperationRunner.java:60)
  	at org.gradle.internal.operations.DefaultBuildOperationRunner.execute(DefaultBuildOperationRunner.java:167)
  	at org.gradle.internal.operations.DefaultBuildOperationRunner.execute(DefaultBuildOperationRunner.java:60)
  	at org.gradle.internal.operations.DefaultBuildOperationRunner.call(DefaultBuildOperationRunner.java:54)
  	at org.gradle.internal.execution.steps.ExecuteStep.execute(ExecuteStep.java:134)
  	at org.gradle.internal.execution.steps.ExecuteStep$Mutable.execute(ExecuteStep.java:80)
  	at org.gradle.internal.execution.steps.CancelExecutionStep.execute(CancelExecutionStep.java:42)
  	at org.gradle.internal.execution.steps.TimeoutStep.executeWithoutTimeout(TimeoutStep.java:75)
  	at org.gradle.internal.execution.steps.TimeoutStep.execute(TimeoutStep.java:55)
  	at org.gradle.internal.execution.steps.PreCreateOutputParentsStep.execute(PreCreateOutputParentsStep.java:51)
  	at org.gradle.internal.execution.steps.PreCreateOutputParentsStep.execute(PreCreateOutputParentsStep.java:29)
  	at org.gradle.internal.execution.steps.RemovePreviousOutputsStep.executeMutable(RemovePreviousOutputsStep.java:67)
  	at org.gradle.internal.execution.steps.RemovePreviousOutputsStep.executeMutable(RemovePreviousOutputsStep.java:39)
  	at org.gradle.internal.execution.steps.MutableStep.execute(MutableStep.java:26)
  	at org.gradle.internal.execution.steps.BroadcastChangingOutputsStep.execute(BroadcastChangingOutputsStep.java:42)
  	at org.gradle.internal.execution.steps.BroadcastChangingOutputsStep.execute(BroadcastChangingOutputsStep.java:24)
  	at org.gradle.internal.execution.steps.CaptureOutputsAfterExecutionStep.execute(CaptureOutputsAfterExecutionStep.java:69)
  	at org.gradle.internal.execution.steps.CaptureOutputsAfterExecutionStep.execute(CaptureOutputsAfterExecutionStep.java:46)
  	at org.gradle.internal.execution.steps.ResolveInputChangesStep.executeMutable(ResolveInputChangesStep.java:39)
  	at org.gradle.internal.execution.steps.ResolveInputChangesStep.executeMutable(ResolveInputChangesStep.java:28)
  	at org.gradle.internal.execution.steps.MutableStep.execute(MutableStep.java:26)
  	at org.gradle.internal.execution.steps.BuildCacheStep.executeWithoutCache(BuildCacheStep.java:189)
  	at org.gradle.internal.execution.steps.BuildCacheStep.lambda$execute$1(BuildCacheStep.java:76)
  	at org.gradle.internal.Either$Right.fold(Either.java:176)
  	at org.gradle.internal.execution.caching.CachingState.fold(CachingState.java:62)
  	at org.gradle.internal.execution.steps.BuildCacheStep.execute(BuildCacheStep.java:74)
  	at org.gradle.internal.execution.steps.BuildCacheStep.execute(BuildCacheStep.java:49)
  	at org.gradle.internal.execution.steps.StoreExecutionStateStep.executeMutable(StoreExecutionStateStep.java:46)
  	at org.gradle.internal.execution.steps.StoreExecutionStateStep.executeMutable(StoreExecutionStateStep.java:35)
  	at org.gradle.internal.execution.steps.MutableStep.execute(MutableStep.java:26)
  	at org.gradle.internal.execution.steps.SkipUpToDateStep.executeBecause(SkipUpToDateStep.java:75)
  	at org.gradle.internal.execution.steps.SkipUpToDateStep.lambda$execute$2(SkipUpToDateStep.java:53)
  	at java.base/java.util.Optional.orElseGet(Unknown Source)
  	at org.gradle.internal.execution.steps.SkipUpToDateStep.execute(SkipUpToDateStep.java:53)
  	at org.gradle.internal.execution.steps.SkipUpToDateStep.execute(SkipUpToDateStep.java:35)
  	at org.gradle.internal.execution.steps.legacy.MarkSnapshottingInputsFinishedStep.execute(MarkSnapshottingInputsFinishedStep.java:37)
  	at org.gradle.internal.execution.steps.legacy.MarkSnapshottingInputsFinishedStep.execute(MarkSnapshottingInputsFinishedStep.java:27)
  	at org.gradle.internal.execution.steps.ResolveMutableCachingStateStep.executeDelegate(ResolveMutableCachingStateStep.java:70)
  	at org.gradle.internal.execution.steps.ResolveMutableCachingStateStep.executeDelegate(ResolveMutableCachingStateStep.java:32)
  	at org.gradle.internal.execution.steps.AbstractResolveCachingStateStep.execute(AbstractResolveCachingStateStep.java:69)
  	at org.gradle.internal.execution.steps.AbstractResolveCachingStateStep.execute(AbstractResolveCachingStateStep.java:37)
  	at org.gradle.internal.execution.steps.ResolveChangesStep.executeMutable(ResolveChangesStep.java:63)
  	at org.gradle.internal.execution.steps.ResolveChangesStep.executeMutable(ResolveChangesStep.java:34)
  	at org.gradle.internal.execution.steps.MutableStep.execute(MutableStep.java:26)
  	at org.gradle.internal.execution.steps.ValidateStep$Mutable.executeDelegate(ValidateStep.java:79)
  	at org.gradle.internal.execution.steps.ValidateStep$Mutable.executeDelegate(ValidateStep.java:65)
  	at org.gradle.internal.execution.steps.ValidateStep.execute(ValidateStep.java:105)
  	at org.gradle.internal.execution.steps.ValidateStep$Mutable.execute(ValidateStep.java:65)
  	at org.gradle.internal.execution.steps.CaptureMutableStateBeforeExecutionStep.executeMutable(CaptureMutableStateBeforeExecutionStep.java:86)
  	at org.gradle.internal.execution.steps.CaptureMutableStateBeforeExecutionStep.execute(CaptureMutableStateBeforeExecutionStep.java:65)
  	at org.gradle.internal.execution.steps.CaptureMutableStateBeforeExecutionStep.execute(CaptureMutableStateBeforeExecutionStep.java:45)
  	at org.gradle.internal.execution.steps.SkipEmptyMutableWorkStep.executeWithNonEmptySources(SkipEmptyMutableWorkStep.java:210)
  	at org.gradle.internal.execution.steps.SkipEmptyMutableWorkStep.executeMutable(SkipEmptyMutableWorkStep.java:85)
  	at org.gradle.internal.execution.steps.SkipEmptyMutableWorkStep.executeMutable(SkipEmptyMutableWorkStep.java:53)
  	at org.gradle.internal.execution.steps.MutableStep.execute(MutableStep.java:26)
  	at org.gradle.internal.execution.steps.legacy.MarkSnapshottingInputsStartedStep.execute(MarkSnapshottingInputsStartedStep.java:38)
  	at org.gradle.internal.execution.steps.LoadPreviousExecutionStateStep.executeMutable(LoadPreviousExecutionStateStep.java:36)
  	at org.gradle.internal.execution.steps.LoadPreviousExecutionStateStep.executeMutable(LoadPreviousExecutionStateStep.java:23)
  	at org.gradle.internal.execution.steps.MutableStep.execute(MutableStep.java:26)
  	at org.gradle.internal.execution.steps.HandleStaleOutputsStep.executeMutable(HandleStaleOutputsStep.java:77)
  	at org.gradle.internal.execution.steps.HandleStaleOutputsStep.executeMutable(HandleStaleOutputsStep.java:43)
  	at org.gradle.internal.execution.steps.MutableStep.execute(MutableStep.java:26)
  	at org.gradle.internal.execution.steps.AssignMutableWorkspaceStep.lambda$executeMutable$0(AssignMutableWorkspaceStep.java:34)
  	at org.gradle.api.internal.tasks.execution.TaskExecution$4.withWorkspace(TaskExecution.java:305)
  	at org.gradle.internal.execution.steps.AssignMutableWorkspaceStep.executeMutable(AssignMutableWorkspaceStep.java:30)
  	at org.gradle.internal.execution.steps.AssignMutableWorkspaceStep.executeMutable(AssignMutableWorkspaceStep.java:21)
  	at org.gradle.internal.execution.steps.MutableStep.execute(MutableStep.java:26)
  	at org.gradle.internal.execution.steps.ChoosePipelineStep.execute(ChoosePipelineStep.java:40)
  	at org.gradle.internal.execution.steps.ChoosePipelineStep.execute(ChoosePipelineStep.java:23)
  	at org.gradle.internal.execution.steps.ExecuteWorkBuildOperationFiringStep.lambda$execute$2(ExecuteWorkBuildOperationFiringStep.java:67)
  	at java.base/java.util.Optional.orElseGet(Unknown Source)
  	at org.gradle.internal.execution.steps.ExecuteWorkBuildOperationFiringStep.execute(ExecuteWorkBuildOperationFiringStep.java:67)
  	at org.gradle.internal.execution.steps.ExecuteWorkBuildOperationFiringStep.execute(ExecuteWorkBuildOperationFiringStep.java:39)
  	at org.gradle.internal.execution.steps.IdentityCacheStep.execute(IdentityCacheStep.java:46)
  	at org.gradle.internal.execution.steps.IdentityCacheStep.execute(IdentityCacheStep.java:34)
  	at org.gradle.internal.execution.steps.IdentifyStep.execute(IdentifyStep.java:56)
  	at org.gradle.internal.execution.steps.IdentifyStep.execute(IdentifyStep.java:38)
  	at org.gradle.internal.execution.impl.DefaultExecutionEngine$1.execute(DefaultExecutionEngine.java:68)
  	at org.gradle.api.internal.tasks.execution.ExecuteActionsTaskExecuter.executeIfValid(ExecuteActionsTaskExecuter.java:132)
  	at org.gradle.api.internal.tasks.execution.ExecuteActionsTaskExecuter.execute(ExecuteActionsTaskExecuter.java:121)
  	at org.gradle.api.internal.tasks.execution.ProblemsTaskPathTrackingTaskExecuter.execute(ProblemsTaskPathTrackingTaskExecuter.java:41)
  	at org.gradle.api.internal.tasks.execution.ResolveTaskExecutionModeExecuter.execute(ResolveTaskExecutionModeExecuter.java:51)
  	at org.gradle.api.internal.tasks.execution.FinalizePropertiesTaskExecuter.execute(FinalizePropertiesTaskExecuter.java:46)
  	at org.gradle.api.internal.tasks.execution.SkipTaskWithNoActionsExecuter.execute(SkipTaskWithNoActionsExecuter.java:57)
  	at org.gradle.api.internal.tasks.execution.SkipOnlyIfTaskExecuter.execute(SkipOnlyIfTaskExecuter.java:74)
  	at org.gradle.api.internal.tasks.execution.CatchExceptionTaskExecuter.execute(CatchExceptionTaskExecuter.java:36)
  	at org.gradle.api.internal.tasks.execution.EventFiringTaskExecuter$1.executeTask(EventFiringTaskExecuter.java:77)
  	at org.gradle.api.internal.tasks.execution.EventFiringTaskExecuter$1.call(EventFiringTaskExecuter.java:55)
  	at org.gradle.api.internal.tasks.execution.EventFiringTaskExecuter$1.call(EventFiringTaskExecuter.java:52)
  	at org.gradle.internal.operations.DefaultBuildOperationRunner$CallableBuildOperationWorker.execute(DefaultBuildOperationRunner.java:210)
  	at org.gradle.internal.operations.DefaultBuildOperationRunner$CallableBuildOperationWorker.execute(DefaultBuildOperationRunner.java:205)
  	at org.gradle.internal.operations.DefaultBuildOperationRunner$2.execute(DefaultBuildOperationRunner.java:67)
  	at org.gradle.internal.operations.DefaultBuildOperationRunner$2.execute(DefaultBuildOperationRunner.java:60)
  	at org.gradle.internal.operations.DefaultBuildOperationRunner.execute(DefaultBuildOperationRunner.java:167)
  	at org.gradle.internal.operations.DefaultBuildOperationRunner.execute(DefaultBuildOperationRunner.java:60)
  	at org.gradle.internal.operations.DefaultBuildOperationRunner.call(DefaultBuildOperationRunner.java:54)
  	at org.gradle.api.internal.tasks.execution.EventFiringTaskExecuter.execute(EventFiringTaskExecuter.java:52)
  	at org.gradle.execution.plan.DefaultNodeExecutor.executeLocalTaskNode(DefaultNodeExecutor.java:55)
  	at org.gradle.execution.plan.DefaultNodeExecutor.execute(DefaultNodeExecutor.java:34)
  	at org.gradle.execution.taskgraph.DefaultTaskExecutionGraph$InvokeNodeExecutorsAction.execute(DefaultTaskExecutionGraph.java:355)
  	at org.gradle.execution.taskgraph.DefaultTaskExecutionGraph$InvokeNodeExecutorsAction.execute(DefaultTaskExecutionGraph.java:343)
  	at org.gradle.execution.taskgraph.DefaultTaskExecutionGraph$BuildOperationAwareExecutionAction.lambda$execute$0(DefaultTaskExecutionGraph.java:339)
  	at org.gradle.internal.operations.CurrentBuildOperationRef.with(CurrentBuildOperationRef.java:84)
  	at org.gradle.execution.taskgraph.DefaultTaskExecutionGraph$BuildOperationAwareExecutionAction.execute(DefaultTaskExecutionGraph.java:339)
  	at org.gradle.execution.taskgraph.DefaultTaskExecutionGraph$BuildOperationAwareExecutionAction.execute(DefaultTaskExecutionGraph.java:328)
  	at org.gradle.execution.plan.DefaultPlanExecutor$ExecutorWorker.execute(DefaultPlanExecutor.java:459)
  	at org.gradle.execution.plan.DefaultPlanExecutor$ExecutorWorker.run(DefaultPlanExecutor.java:376)
  	at org.gradle.internal.concurrent.ExecutorPolicy$CatchAndRecordFailures.onExecute(ExecutorPolicy.java:65)
  	at org.gradle.internal.concurrent.AbstractManagedExecutor$1.run(AbstractManagedExecutor.java:47)
  	at java.base/java.util.concurrent.ThreadPoolExecutor.runWorker(Unknown Source)
  	at java.base/java.util.concurrent.ThreadPoolExecutor$Worker.run(Unknown Source)
  	at java.base/java.lang.Thread.run(Unknown Source)
  Caused by: com.android.ide.common.process.ProcessException: -- The C compiler identification is Clang 21.0.0
  -- Detecting C compiler ABI info
  -- Detecting C compiler ABI info - done
  -- Check for working C compiler: /Users/zhanziyuan/Library/Android/sdk/ndk/29.0.14206865/toolchains/llvm/prebuilt/darwin-x86_64/bin/clang - skipped
  -- Detecting C compile features
  -- Detecting C compile features - done
  -- Performing Test TUKLIB_LARGE_FILE_SUPPORT_BY_DEFAULT
  -- Performing Test TUKLIB_LARGE_FILE_SUPPORT_BY_DEFAULT - Failed
  -- Performing Test TUKLIB_LARGE_FILE_SUPPORT_WITH_FOB64
  -- Performing Test TUKLIB_LARGE_FILE_SUPPORT_WITH_FOB64 - Success
  -- Performing Test HAVE___BUILTIN_BSWAPXX
  -- Performing Test HAVE___BUILTIN_BSWAPXX - Success
  -- Check if unaligned memory access should be used
  -- Performing Test TUKLIB_FAST_UNALIGNED_DEFINED_BY_PREPROCESSOR
  -- Performing Test TUKLIB_FAST_UNALIGNED_DEFINED_BY_PREPROCESSOR - Success
  -- Check if unaligned memory access should be used - yes
  -- Performing Test HAVE___BUILTIN_ASSUME_ALIGNED
  -- Performing Test HAVE___BUILTIN_ASSUME_ALIGNED - Success
  -- Looking for clock_gettime
  -- Looking for clock_gettime - found
  -- Looking for CLOCK_MONOTONIC
  -- Looking for CLOCK_MONOTONIC - found
  -- Failed to find Gettext libintl (missing: Intl_LIBRARY Intl_INCLUDE_DIR) 
  -- Found Gettext: /opt/homebrew/bin/msgmerge (found version "1.0") 
  -- Performing Test HAVE_COMPILER_OPTION_-Wall
  -- Performing Test HAVE_COMPILER_OPTION_-Wall - Success
  -- Performing Test HAVE_COMPILER_OPTION_-Wextra
  -- Performing Test HAVE_COMPILER_OPTION_-Wextra - Success
  -- Performing Test HAVE_COMPILER_OPTION_-Wvla
  -- Performing Test HAVE_COMPILER_OPTION_-Wvla - Success
  -- Performing Test HAVE_COMPILER_OPTION_-Wformat_2
  -- Performing Test HAVE_COMPILER_OPTION_-Wformat_2 - Success
  -- Performing Test HAVE_COMPILER_OPTION_-Winit-self
  -- Performing Test HAVE_COMPILER_OPTION_-Winit-self - Success
  -- Performing Test HAVE_COMPILER_OPTION_-Wmissing-include-dirs
  -- Performing Test HAVE_COMPILER_OPTION_-Wmissing-include-dirs - Success
  -- Performing Test HAVE_COMPILER_OPTION_-Wshift-overflow_2
  -- Performing Test HAVE_COMPILER_OPTION_-Wshift-overflow_2 - Failed
  -- Performing Test HAVE_COMPILER_OPTION_-Wstrict-overflow_3
  -- Performing Test HAVE_COMPILER_OPTION_-Wstrict-overflow_3 - Success
  -- Performing Test HAVE_COMPILER_OPTION_-Walloc-zero
  -- Performing Test HAVE_COMPILER_OPTION_-Walloc-zero - Failed
  -- Performing Test HAVE_COMPILER_OPTION_-Wduplicated-cond
  -- Performing Test HAVE_COMPILER_OPTION_-Wduplicated-cond - Failed
  -- Performing Test HAVE_COMPILER_OPTION_-Wfloat-equal
  -- Performing Test HAVE_COMPILER_OPTION_-Wfloat-equal - Success
  -- Performing Test HAVE_COMPILER_OPTION_-Wundef
  -- Performing Test HAVE_COMPILER_OPTION_-Wundef - Success
  -- Performing Test HAVE_COMPILER_OPTION_-Wshadow
  -- Performing Test HAVE_COMPILER_OPTION_-Wshadow - Success
  -- Performing Test HAVE_COMPILER_OPTION_-Wpointer-arith
  -- Performing Test HAVE_COMPILER_OPTION_-Wpointer-arith - Success
  -- Performing Test HAVE_COMPILER_OPTION_-Wbad-function-cast
  -- Performing Test HAVE_COMPILER_OPTION_-Wbad-function-cast - Success
  -- Performing Test HAVE_COMPILER_OPTION_-Wwrite-strings
  -- Performing Test HAVE_COMPILER_OPTION_-Wwrite-strings - Success
  -- Performing Test HAVE_COMPILER_OPTION_-Wdate-time
  -- Performing Test HAVE_COMPILER_OPTION_-Wdate-time - Success
  -- Performing Test HAVE_COMPILER_OPTION_-Wsign-conversion
  -- Performing Test HAVE_COMPILER_OPTION_-Wsign-conversion - Success
  -- Performing Test HAVE_COMPILER_OPTION_-Wfloat-conversion
  -- Performing Test HAVE_COMPILER_OPTION_-Wfloat-conversion - Success
  -- Performing Test HAVE_COMPILER_OPTION_-Wlogical-op
  -- Performing Test HAVE_COMPILER_OPTION_-Wlogical-op - Failed
  -- Performing Test HAVE_COMPILER_OPTION_-Waggregate-return
  -- Performing Test HAVE_COMPILER_OPTION_-Waggregate-return - Success
  -- Performing Test HAVE_COMPILER_OPTION_-Wstrict-prototypes
  -- Performing Test HAVE_COMPILER_OPTION_-Wstrict-prototypes - Success
  -- Performing Test HAVE_COMPILER_OPTION_-Wold-style-definition
  -- Performing Test HAVE_COMPILER_OPTION_-Wold-style-definition - Success
  -- Performing Test HAVE_COMPILER_OPTION_-Wmissing-prototypes
  -- Performing Test HAVE_COMPILER_OPTION_-Wmissing-prototypes - Success
  -- Performing Test HAVE_COMPILER_OPTION_-Wmissing-declarations
  -- Performing Test HAVE_COMPILER_OPTION_-Wmissing-declarations - Success
  -- Performing Test HAVE_COMPILER_OPTION_-Wredundant-decls
  -- Performing Test HAVE_COMPILER_OPTION_-Wredundant-decls - Success
  -- Performing Test HAVE_COMPILER_OPTION_-Wimplicit-fallthrough
  -- Performing Test HAVE_COMPILER_OPTION_-Wimplicit-fallthrough - Success
  -- Performing Test HAVE_COMPILER_OPTION_-Wimplicit-fallthrough_5
  -- Performing Test HAVE_COMPILER_OPTION_-Wimplicit-fallthrough_5 - Failed
  -- Performing Test HAVE_COMPILER_OPTION_-Wc99-compat
  -- Performing Test HAVE_COMPILER_OPTION_-Wc99-compat - Success
  -- Performing Test HAVE_COMPILER_OPTION_-Wc11-extensions
  -- Performing Test HAVE_COMPILER_OPTION_-Wc11-extensions - Success
  -- Performing Test HAVE_COMPILER_OPTION_-Wc2x-compat
  -- Performing Test HAVE_COMPILER_OPTION_-Wc2x-compat - Success
  -- Performing Test HAVE_COMPILER_OPTION_-Wc2x-extensions
  -- Performing Test HAVE_COMPILER_OPTION_-Wc2x-extensions - Success
  -- Performing Test HAVE_COMPILER_OPTION_-Warray-bounds-pointer-arithmetic
  -- Performing Test HAVE_COMPILER_OPTION_-Warray-bounds-pointer-arithmetic - Success
  -- Performing Test HAVE_COMPILER_OPTION_-Wassign-enum
  -- Performing Test HAVE_COMPILER_OPTION_-Wassign-enum - Success
  -- Performing Test HAVE_COMPILER_OPTION_-Wconditional-uninitialized
  -- Performing Test HAVE_COMPILER_OPTION_-Wconditional-uninitialized - Success
  -- Performing Test HAVE_COMPILER_OPTION_-Wdocumentation
  -- Performing Test HAVE_COMPILER_OPTION_-Wdocumentation - Success
  -- Performing Test HAVE_COMPILER_OPTION_-Wduplicate-enum
  -- Performing Test HAVE_COMPILER_OPTION_-Wduplicate-enum - Success
  -- Performing Test HAVE_COMPILER_OPTION_-Wempty-translation-unit
  -- Performing Test HAVE_COMPILER_OPTION_-Wempty-translation-unit - Success
  -- Performing Test HAVE_COMPILER_OPTION_-Wextra-semi-stmt
  -- Performing Test HAVE_COMPILER_OPTION_-Wextra-semi-stmt - Success
  -- Performing Test HAVE_COMPILER_OPTION_-Wflexible-array-extensions
  -- Performing Test HAVE_COMPILER_OPTION_-Wflexible-array-extensions - Success
  -- Performing Test HAVE_COMPILER_OPTION_-Wmissing-variable-declarations
  -- Performing Test HAVE_COMPILER_OPTION_-Wmissing-variable-declarations - Success
  -- Performing Test HAVE_COMPILER_OPTION_-Wnewline-eof
  -- Performing Test HAVE_COMPILER_OPTION_-Wnewline-eof - Success
  -- Performing Test HAVE_COMPILER_OPTION_-Wshift-sign-overflow
  -- Performing Test HAVE_COMPILER_OPTION_-Wshift-sign-overflow - Success
  -- Performing Test HAVE_COMPILER_OPTION_-Wstring-conversion
  -- Performing Test HAVE_COMPILER_OPTION_-Wstring-conversion - Success
  -- Looking for pthread.h
  -- Looking for pthread.h - found
  -- Performing Test CMAKE_HAVE_LIBC_PTHREAD
  -- Performing Test CMAKE_HAVE_LIBC_PTHREAD - Failed
  -- Check if compiler accepts -pthread
  -- Check if compiler accepts -pthread - yes
  -- Found Threads: TRUE  
  -- Looking for pthread_condattr_setclock
  -- Looking for pthread_condattr_setclock - found
  -- Checking how to detect the number of available CPU cores
  -- Performing Test TUKLIB_CPUCORES_SCHED_GETAFFINITY
  -- Performing Test TUKLIB_CPUCORES_SCHED_GETAFFINITY - Success
  -- Checking how to detect the amount of physical memory
  -- Performing Test TUKLIB_PHYSMEM_SPECIAL
  -- Performing Test TUKLIB_PHYSMEM_SPECIAL - Failed
  -- Performing Test TUKLIB_PHYSMEM_AIX
  -- Performing Test TUKLIB_PHYSMEM_AIX - Failed
  -- Performing Test TUKLIB_PHYSMEM_SYSCONF
  -- Performing Test TUKLIB_PHYSMEM_SYSCONF - Success
  -- Performing Test HAVE_FUNC_ATTRIBUTE_CONSTRUCTOR
  -- Performing Test HAVE_FUNC_ATTRIBUTE_CONSTRUCTOR - Success
  -- Looking for cpuid.h
  -- Looking for cpuid.h - not found
  -- Looking for immintrin.h
  -- Looking for immintrin.h - not found
  -- Performing Test HAVE_ARM64_CRC32
  -- Performing Test HAVE_ARM64_CRC32 - Failed
  -- Performing Test HAVE_LOONGARCH_CRC32
  -- Performing Test HAVE_LOONGARCH_CRC32 - Failed
  -- Looking for getopt_long
  -- Looking for getopt_long - found
  -- Looking for cap_rights_limit
  -- Looking for cap_rights_limit - not found
  -- Looking for pledge
  -- Looking for pledge - not found
  -- Performing Test HAVE_LINUX_LANDLOCK
  -- Performing Test HAVE_LINUX_LANDLOCK - Success
  -- Could NOT find PkgConfig (missing: PKG_CONFIG_EXECUTABLE) 
  -- Found ZLIB: /Users/zhanziyuan/Library/Android/sdk/ndk/29.0.14206865/toolchains/llvm/prebuilt/darwin-x86_64/sysroot/usr/lib/arm-linux-androideabi/26/libz.so (found suitable version "1.3.0.1", minimum required is "1.2.1") 
  -- Could NOT find BZip2 (missing: BZIP2_LIBRARIES BZIP2_INCLUDE_DIR) 
  -- Could NOT find LibLZMA (missing: LIBLZMA_LIBRARY LIBLZMA_INCLUDE_DIR LIBLZMA_HAS_AUTO_DECODER LIBLZMA_HAS_EASY_ENCODER LIBLZMA_HAS_LZMA_PRESET) 
  -- Could NOT find LIBB2 (missing: LIBB2_LIBRARY LIBB2_INCLUDE_DIR) 
  -- Could NOT find LZ4 (missing: LZ4_LIBRARY LZ4_INCLUDE_DIR) 
  -- Checking for one of the modules 'libzstd'
  -- Could NOT find ZSTD (missing: ZSTD_LIBRARY ZSTD_INCLUDE_DIR) 
  -- Performing Test HAVE_DIRENT_H
  -- Performing Test HAVE_DIRENT_H - Success
  -- Looking for include file sys/types.h
  -- Looking for include file sys/types.h - found
  -- Looking for include files sys/types.h, acl/libacl.h
  -- Looking for include files sys/types.h, acl/libacl.h - not found
  -- Looking for include files sys/types.h, attr/xattr.h
  -- Looking for include files sys/types.h, attr/xattr.h - not found
  -- Looking for include files sys/types.h, ctype.h
  -- Looking for include files sys/types.h, ctype.h - found
  -- Looking for 3 include files sys/types.h, ..., copyfile.h
  -- Looking for 3 include files sys/types.h, ..., copyfile.h - not found
  -- Looking for 3 include files sys/types.h, ..., direct.h
  -- Looking for 3 include files sys/types.h, ..., direct.h - not found
  -- Looking for 3 include files sys/types.h, ..., dlfcn.h
  -- Looking for 3 include files sys/types.h, ..., dlfcn.h - found
  -- Looking for 4 include files sys/types.h, ..., errno.h
  -- Looking for 4 include files sys/types.h, ..., errno.h - found
  -- Looking for 5 include files sys/types.h, ..., ext2fs/ext2_fs.h
  -- Looking for 5 include files sys/types.h, ..., ext2fs/ext2_fs.h - not found
  -- Performing Test HAVE_WORKING_EXT2_IOC_GETFLAGS
  -- Performing Test HAVE_WORKING_EXT2_IOC_GETFLAGS - Failed
  -- Looking for 5 include files sys/types.h, ..., fcntl.h
  -- Looking for 5 include files sys/types.h, ..., fcntl.h - found
  -- Looking for 6 include files sys/types.h, ..., fnmatch.h
  -- Looking for 6 include files sys/types.h, ..., fnmatch.h - found
  -- Looking for 7 include files sys/types.h, ..., grp.h
  -- Looking for 7 include files sys/types.h, ..., grp.h - found
  -- Looking for 8 include files sys/types.h, ..., inttypes.h
  -- Looking for 8 include files sys/types.h, ..., inttypes.h - found
  -- Looking for 9 include files sys/types.h, ..., io.h
  -- Looking for 9 include files sys/types.h, ..., io.h - not found
  -- Looking for 9 include files sys/types.h, ..., langinfo.h
  -- Looking for 9 include files sys/types.h, ..., langinfo.h - found
  -- Looking for 10 include files sys/types.h, ..., limits.h
  -- Looking for 10 include files sys/types.h, ..., limits.h - found
  -- Looking for 11 include files sys/types.h, ..., linux/types.h
  -- Looking for 11 include files sys/types.h, ..., linux/types.h - found
  -- Looking for 12 include files sys/types.h, ..., linux/fiemap.h
  -- Looking for 12 include files sys/types.h, ..., linux/fiemap.h - found
  -- Looking for 13 include files sys/types.h, ..., linux/fs.h
  -- Looking for 13 include files sys/types.h, ..., linux/fs.h - found
  -- Performing Test HAVE_WORKING_FS_IOC_GETFLAGS
  -- Performing Test HAVE_WORKING_FS_IOC_GETFLAGS - Success
  -- Looking for 14 include files sys/types.h, ..., linux/magic.h
  -- Looking for 14 include files sys/types.h, ..., linux/magic.h - found
  -- Looking for 15 include files sys/types.h, ..., locale.h
  -- Looking for 15 include files sys/types.h, ..., locale.h - found
  -- Looking for 16 include files sys/types.h, ..., membership.h
  -- Looking for 16 include files sys/types.h, ..., membership.h - not found
  -- Looking for 16 include files sys/types.h, ..., memory.h
  -- Looking for 16 include files sys/types.h, ..., memory.h - found
  -- Looking for 17 include files sys/types.h, ..., paths.h
  -- Looking for 17 include files sys/types.h, ..., paths.h - found
  -- Looking for 18 include files sys/types.h, ..., poll.h
  -- Looking for 18 include files sys/types.h, ..., poll.h - found
  -- Looking for 19 include files sys/types.h, ..., process.h
  -- Looking for 19 include files sys/types.h, ..., process.h - not found
  -- Looking for 19 include files sys/types.h, ..., pthread.h
  -- Looking for 19 include files sys/types.h, ..., pthread.h - found
  -- Looking for 20 include files sys/types.h, ..., pwd.h
  -- Looking for 20 include files sys/types.h, ..., pwd.h - found
  -- Looking for 21 include files sys/types.h, ..., readpassphrase.h
  -- Looking for 21 include files sys/types.h, ..., readpassphrase.h - not found
  -- Looking for 21 include files sys/types.h, ..., regex.h
  -- Looking for 21 include files sys/types.h, ..., regex.h - found
  -- Looking for 22 include files sys/types.h, ..., signal.h
  -- Looking for 22 include files sys/types.h, ..., signal.h - found
  -- Looking for 23 include files sys/types.h, ..., spawn.h
  -- Looking for 23 include files sys/types.h, ..., spawn.h - found
  -- Looking for 24 include files sys/types.h, ..., stdarg.h
  -- Looking for 24 include files sys/types.h, ..., stdarg.h - found
  -- Looking for 25 include files sys/types.h, ..., stdint.h
  -- Looking for 25 include files sys/types.h, ..., stdint.h - found
  -- Looking for 26 include files sys/types.h, ..., stdio.h
  -- Looking for 26 include files sys/types.h, ..., stdio.h - found
  -- Looking for 27 include files sys/types.h, ..., stdlib.h
  -- Looking for 27 include files sys/types.h, ..., stdlib.h - found
  -- Looking for 28 include files sys/types.h, ..., string.h
  -- Looking for 28 include files sys/types.h, ..., string.h - found
  -- Looking for 29 include files sys/types.h, ..., strings.h
  -- Looking for 29 include files sys/types.h, ..., strings.h - found
  -- Looking for 30 include files sys/types.h, ..., sys/acl.h
  -- Looking for 30 include files sys/types.h, ..., sys/acl.h - not found
  -- Looking for 30 include files sys/types.h, ..., sys/cdefs.h
  -- Looking for 30 include files sys/types.h, ..., sys/cdefs.h - found
  -- Looking for 31 include files sys/types.h, ..., sys/extattr.h
  -- Looking for 31 include files sys/types.h, ..., sys/extattr.h - not found
  -- Looking for 31 include files sys/types.h, ..., sys/ioctl.h
  -- Looking for 31 include files sys/types.h, ..., sys/ioctl.h - found
  -- Looking for 32 include files sys/types.h, ..., sys/mkdev.h
  -- Looking for 32 include files sys/types.h, ..., sys/mkdev.h - not found
  -- Looking for 32 include files sys/types.h, ..., sys/mount.h
  -- Looking for 32 include files sys/types.h, ..., sys/mount.h - found
  -- Looking for 33 include files sys/types.h, ..., sys/param.h
  -- Looking for 33 include files sys/types.h, ..., sys/param.h - found
  -- Looking for 34 include files sys/types.h, ..., sys/poll.h
  -- Looking for 34 include files sys/types.h, ..., sys/poll.h - found
  -- Looking for 35 include files sys/types.h, ..., sys/richacl.h
  -- Looking for 35 include files sys/types.h, ..., sys/richacl.h - not found
  -- Looking for 35 include files sys/types.h, ..., sys/select.h
  -- Looking for 35 include files sys/types.h, ..., sys/select.h - found
  -- Looking for 36 include files sys/types.h, ..., sys/stat.h
  -- Looking for 36 include files sys/types.h, ..., sys/stat.h - found
  -- Looking for 37 include files sys/types.h, ..., sys/statfs.h
  -- Looking for 37 include files sys/types.h, ..., sys/statfs.h - found
  -- Looking for 38 include files sys/types.h, ..., sys/statvfs.h
  -- Looking for 38 include files sys/types.h, ..., sys/statvfs.h - found
  -- Looking for 39 include files sys/types.h, ..., sys/sysmacros.h
  -- Looking for 39 include files sys/types.h, ..., sys/sysmacros.h - found
  -- Looking for 40 include files sys/types.h, ..., sys/time.h
  -- Looking for 40 include files sys/types.h, ..., sys/time.h - found
  -- Looking for 41 include files sys/types.h, ..., sys/utime.h
  -- Looking for 41 include files sys/types.h, ..., sys/utime.h - not found
  -- Looking for 41 include files sys/types.h, ..., sys/utsname.h
  -- Looking for 41 include files sys/types.h, ..., sys/utsname.h - found
  -- Looking for 42 include files sys/types.h, ..., sys/vfs.h
  -- Looking for 42 include files sys/types.h, ..., sys/vfs.h - found
  -- Looking for 43 include files sys/types.h, ..., sys/wait.h
  -- Looking for 43 include files sys/types.h, ..., sys/wait.h - found
  -- Looking for 44 include files sys/types.h, ..., sys/xattr.h
  -- Looking for 44 include files sys/types.h, ..., sys/xattr.h - found
  -- Looking for 45 include files sys/types.h, ..., time.h
  -- Looking for 45 include files sys/types.h, ..., time.h - found
  -- Looking for 46 include files sys/types.h, ..., unistd.h
  -- Looking for 46 include files sys/types.h, ..., unistd.h - found
  -- Looking for 47 include files sys/types.h, ..., utime.h
  -- Looking for 47 include files sys/types.h, ..., utime.h - found
  -- Looking for 48 include files sys/types.h, ..., wchar.h
  -- Looking for 48 include files sys/types.h, ..., wchar.h - found
  -- Looking for 49 include files sys/types.h, ..., wctype.h
  -- Looking for 49 include files sys/types.h, ..., wctype.h - found
  -- Looking for 50 include files sys/types.h, ..., windows.h
  -- Looking for 50 include files sys/types.h, ..., windows.h - not found
  -- Looking for 50 include files sys/types.h, ..., bcrypt.h
  -- Looking for 50 include files sys/types.h, ..., bcrypt.h - not found
  -- Looking for 50 include files sys/types.h, ..., wincrypt.h
  -- Looking for 50 include files sys/types.h, ..., wincrypt.h - not found
  -- Looking for 50 include files sys/types.h, ..., winioctl.h
  -- Looking for 50 include files sys/types.h, ..., winioctl.h - not found
  -- Performing Test SAFE_TO_DEFINE_EXTENSIONS
  -- Performing Test SAFE_TO_DEFINE_EXTENSIONS - Success
  -- Looking for MD5Init in md
  -- Looking for MD5Init in md - not found
  -- Performing Test HAVE_ICONV_libc_const
  -- Performing Test HAVE_ICONV_libc_const - Failed
  -- Performing Test HAVE_ICONV_libc_
  -- Performing Test HAVE_ICONV_libc_ - Failed
  -- Could NOT find EXPAT (missing: EXPAT_LIBRARY EXPAT_INCLUDE_DIR) 
  -- Looking for regcomp
  -- Looking for regcomp - found
  -- Looking for _CrtSetReportMode
  -- Looking for _CrtSetReportMode - not found
  -- Looking for arc4random_buf
  -- Looking for arc4random_buf - found
  -- Looking for chflags
  -- Looking for chflags - not found
  -- Looking for chown
  -- Looking for chown - found
  -- Looking for chroot
  -- Looking for chroot - found
  -- Looking for closefrom
  -- Looking for closefrom - not found
  -- Looking for close_range
  -- Looking for close_range - not found
  -- Looking for ctime_r
  -- Looking for ctime_r - found
  -- Looking for fchdir
  -- Looking for fchdir - found
  -- Looking for fchflags
  -- Looking for fchflags - not found
  -- Looking for fchmod
  -- Looking for fchmod - found
  -- Looking for fchown
  -- Looking for fchown - found
  -- Looking for fcntl
  -- Looking for fcntl - found
  -- Looking for fdopendir
  -- Looking for fdopendir - found
  -- Looking for fnmatch
  -- Looking for fnmatch - found
  -- Looking for fork
  -- Looking for fork - found
  -- Looking for fstat
  -- Looking for fstat - found
  -- Looking for fstatat
  -- Looking for fstatat - found
  -- Looking for fstatfs
  -- Looking for fstatfs - found
  -- Looking for fstatvfs
  -- Looking for fstatvfs - found
  -- Looking for ftruncate
  -- Looking for ftruncate - found
  -- Looking for futimens
  -- Looking for futimens - found
  -- Looking for futimes
  -- Looking for futimes - found
  -- Looking for futimesat
  -- Looking for futimesat - found
  -- Looking for getegid
  -- Looking for getegid - found
  -- Looking for geteuid
  -- Looking for geteuid - found
  -- Looking for getgrgid_r
  -- Looking for getgrgid_r - found
  -- Looking for getgrnam_r
  -- Looking for getgrnam_r - found
  -- Looking for getline
  -- Looking for getline - found
  -- Looking for getpid
  -- Looking for getpid - found
  -- Looking for getpwnam_r
  -- Looking for getpwnam_r - found
  -- Looking for getpwuid_r
  -- Looking for getpwuid_r - found
  -- Looking for getresgid
  -- Looking for getresgid - found
  -- Looking for getresuid
  -- Looking for getresuid - found
  -- Looking for getvfsbyname
  -- Looking for getvfsbyname - not found
  -- Looking for gmtime_r
  -- Looking for gmtime_r - found
  -- Looking for issetugid
  -- Looking for issetugid - not found
  -- Looking for lchflags
  -- Looking for lchflags - not found
  -- Looking for lchmod
  -- Looking for lchmod - not found
  -- Looking for lchown
  -- Looking for lchown - found
  -- Looking for link
  -- Looking for link - found
  -- Looking for linkat
  -- Looking for linkat - found
  -- Looking for localtime_r
  -- Looking for localtime_r - found
  -- Looking for lstat
  -- Looking for lstat - found
  -- Looking for lutimes
  -- Looking for lutimes - found
  -- Looking for mbrtowc
  -- Looking for mbrtowc - found
  -- Looking for memmove
  -- Looking for memmove - found
  -- Looking for mkdir
  -- Looking for mkdir - found
  -- Looking for mkfifo
  -- Looking for mkfifo - found
  -- Looking for mknod
  -- Looking for mknod - found
  -- Looking for mkstemp
  -- Looking for mkstemp - found
  -- Looking for nl_langinfo
  -- Looking for nl_langinfo - found
  -- Looking for openat
  -- Looking for openat - found
  -- Looking for pipe
  -- Looking for pipe - found
  -- Looking for poll
  -- Looking for poll - found
  -- Looking for posix_spawn
  -- Looking for posix_spawn - not found
  -- Looking for posix_spawnp
  -- Looking for posix_spawnp - not found
  -- Looking for readlink
  -- Looking for readlink - found
  -- Looking for readpassphrase
  -- Looking for readpassphrase - not found
  -- Looking for select
  -- Looking for select - found
  -- Looking for setenv
  -- Looking for setenv - found
  -- Looking for setlocale
  -- Looking for setlocale - found
  -- Looking for sigaction
  -- Looking for sigaction - found
  -- Looking for statfs
  -- Looking for statfs - found
  -- Looking for statvfs
  -- Looking for statvfs - found
  -- Looking for strchr
  -- Looking for strchr - found
  -- Looking for strdup
  -- Looking for strdup - found
  -- Looking for strerror
  -- Looking for strerror - found
  -- Looking for strncpy_s
  -- Looking for strncpy_s - not found
  -- Looking for strnlen
  -- Looking for strnlen - found
  -- Looking for strrchr
  -- Looking for strrchr - found
  -- Looking for symlink
  -- Looking for symlink - found
  -- Looking for sysconf
  -- Looking for sysconf - found
  -- Looking for tcgetattr
  -- Looking for tcgetattr - found
  -- Looking for tcsetattr
  -- Looking for tcsetattr - found
  -- Looking for timegm
  -- Looking for timegm - found
  -- Looking for tzset
  -- Looking for tzset - found
  -- Looking for unlinkat
  -- Looking for unlinkat - found
  -- Looking for unsetenv
  -- Looking for unsetenv - found
  -- Looking for utime
  -- Looking for utime - found
  -- Looking for utimes
  -- Looking for utimes - found
  -- Looking for utimensat
  -- Looking for utimensat - found
  -- Looking for vfork
  -- Looking for vfork - found
  -- Looking for wcrtomb
  -- Looking for wcrtomb - found
  -- Looking for wcscmp
  -- Looking for wcscmp - found
  -- Looking for wcscpy
  -- Looking for wcscpy - found
  -- Looking for wcslen
  -- Looking for wcslen - found
  -- Looking for wctomb
  -- Looking for wctomb - found
  -- Looking for _fseeki64
  -- Looking for _fseeki64 - not found
  -- Looking for _get_timezone
  -- Looking for _get_timezone - not found
  -- Looking for ctime_s
  -- Looking for ctime_s - not found
  -- Looking for gmtime_s
  -- Looking for gmtime_s - not found
  -- Looking for localtime_s
  -- Looking for localtime_s - not found
  -- Looking for _mkgmtime
  -- Looking for _mkgmtime - not found
  -- Looking for cygwin_conv_path
  -- Looking for cygwin_conv_path - not found
  -- Looking for fseeko
  -- Looking for fseeko - found
  -- Looking for strerror_r
  -- Looking for strerror_r - found
  -- Looking for strftime
  -- Looking for strftime - found
  -- Looking for vprintf
  -- Looking for vprintf - found
  -- Looking for wmemcmp
  -- Looking for wmemcmp - found
  -- Looking for wmemcpy
  -- Looking for wmemcpy - found
  -- Looking for wmemmove
  -- Looking for wmemmove - found
  -- Performing Test HAVE_STRUCT_VFSCONF
  -- Performing Test HAVE_STRUCT_VFSCONF - Failed
  -- Performing Test HAVE_STRUCT_XVFSCONF
  -- Performing Test HAVE_STRUCT_XVFSCONF - Failed
  -- Performing Test HAVE_STRUCT_STATFS
  -- Performing Test HAVE_STRUCT_STATFS - Failed
  -- Performing Test HAVE_DIRFD
  -- Performing Test HAVE_DIRFD - Success
  -- Performing Test HAVE_READLINKAT
  -- Performing Test HAVE_READLINKAT - Success
  -- Performing Test MAJOR_IN_MKDEV
  -- Performing Test MAJOR_IN_MKDEV - Failed
  -- Performing Test MAJOR_IN_SYSMACROS
  -- Performing Test MAJOR_IN_SYSMACROS - Success
  -- Looking for EFTYPE
  -- Looking for EFTYPE - not found
  -- Looking for EILSEQ
  -- Looking for EILSEQ - found
  -- Looking for D_MD_ORDER
  -- Looking for D_MD_ORDER - not found
  -- Looking for INT32_MAX
  -- Looking for INT32_MAX - found
  -- Looking for INT32_MIN
  -- Looking for INT32_MIN - found
  -- Looking for INT64_MAX
  -- Looking for INT64_MAX - found
  -- Looking for INT64_MIN
  -- Looking for INT64_MIN - found
  -- Looking for INTMAX_MAX
  -- Looking for INTMAX_MAX - found
  -- Looking for INTMAX_MIN
  -- Looking for INTMAX_MIN - found
  -- Looking for UINT32_MAX
  -- Looking for UINT32_MAX - found
  -- Looking for UINT64_MAX
  -- Looking for UINT64_MAX - found
  -- Looking for UINTMAX_MAX
  -- Looking for UINTMAX_MAX - found
  -- Looking for SIZE_MAX
  -- Looking for SIZE_MAX - found
  -- Looking for SSIZE_MAX
  -- Looking for SSIZE_MAX - found
  -- Performing Test HAVE_STRUCT_TM_TM_GMTOFF
  -- Performing Test HAVE_STRUCT_TM_TM_GMTOFF - Success
  -- Performing Test HAVE_STRUCT_TM___TM_GMTOFF
  -- Performing Test HAVE_STRUCT_TM___TM_GMTOFF - Failed
  -- Performing Test HAVE_STRUCT_STAT_ST_BIRTHTIME
  -- Performing Test HAVE_STRUCT_STAT_ST_BIRTHTIME - Failed
  -- Performing Test HAVE_STRUCT_STAT_ST_BIRTHTIMESPEC_TV_NSEC
  -- Performing Test HAVE_STRUCT_STAT_ST_BIRTHTIMESPEC_TV_NSEC - Failed
  -- Performing Test HAVE_STRUCT_STAT_ST_MTIMESPEC_TV_NSEC
  -- Performing Test HAVE_STRUCT_STAT_ST_MTIMESPEC_TV_NSEC - Failed
  -- Performing Test HAVE_STRUCT_STAT_ST_MTIM_TV_NSEC
  -- Performing Test HAVE_STRUCT_STAT_ST_MTIM_TV_NSEC - Success
  -- Performing Test HAVE_STRUCT_STAT_ST_MTIME_N
  -- Performing Test HAVE_STRUCT_STAT_ST_MTIME_N - Failed
  -- Performing Test HAVE_STRUCT_STAT_ST_UMTIME
  -- Performing Test HAVE_STRUCT_STAT_ST_UMTIME - Failed
  -- Performing Test HAVE_STRUCT_STAT_ST_MTIME_USEC
  -- Performing Test HAVE_STRUCT_STAT_ST_MTIME_USEC - Failed
  -- Performing Test HAVE_STRUCT_STAT_ST_BLKSIZE
  -- Performing Test HAVE_STRUCT_STAT_ST_BLKSIZE - Success
  -- Performing Test HAVE_STRUCT_STAT_ST_FLAGS
  -- Performing Test HAVE_STRUCT_STAT_ST_FLAGS - Failed
  -- Performing Test HAVE_STRUCT_STATVFS_F_IOSIZE
  -- Performing Test HAVE_STRUCT_STATVFS_F_IOSIZE - Failed
  -- Looking for stddef.h
  -- Looking for stddef.h - found
  -- Check size of short
  -- Check size of short - done
  -- Check size of int
  -- Check size of int - done
  -- Check size of long
  -- Check size of long - done
  -- Check size of long long
  -- Check size of long long - done
  -- Check size of unsigned short
  -- Check size of unsigned short - done
  -- Check size of unsigned
  -- Check size of unsigned - done
  -- Check size of unsigned long
  -- Check size of unsigned long - done
  -- Check size of unsigned long long
  -- Check size of unsigned long long - done
  -- Check size of __int64
  -- Check size of __int64 - failed
  -- Check size of unsigned __int64
  -- Check size of unsigned __int64 - failed
  -- Check size of int16_t
  -- Check size of int16_t - done
  -- Check size of int32_t
  -- Check size of int32_t - done
  -- Check size of int64_t
  -- Check size of int64_t - done
  -- Check size of intmax_t
  -- Check size of intmax_t - done
  -- Check size of uint8_t
  -- Check size of uint8_t - done
  -- Check size of uint16_t
  -- Check size of uint16_t - done
  -- Check size of uint32_t
  -- Check size of uint32_t - done
  -- Check size of uint64_t
  -- Check size of uint64_t - done
  -- Check size of uintmax_t
  -- Check size of uintmax_t - done
  -- Check size of dev_t
  -- Check size of dev_t - done
  -- Check size of gid_t
  -- Check size of gid_t - done
  -- Check size of id_t
  -- Check size of id_t - done
  -- Check size of mode_t
  -- Check size of mode_t - done
  -- Check size of off_t
  -- Check size of off_t - done
  -- Check size of size_t
  -- Check size of size_t - done
  -- Check size of ssize_t
  -- Check size of ssize_t - done
  -- Check size of uid_t
  -- Check size of uid_t - done
  -- Check size of pid_t
  -- Check size of pid_t - done
  -- Check size of intptr_t
  -- Check size of intptr_t - done
  -- Check size of uintptr_t
  -- Check size of uintptr_t - done
  -- Check size of wchar_t
  -- Check size of wchar_t - done
  -- Checking _FILE_OFFSET_BITS for large files
  -- Checking _FILE_OFFSET_BITS for large files - needed
  -- Looking for setxattr in attr
  -- Looking for setxattr in attr - not found
  -- Looking for setxattr in gnu
  -- Looking for setxattr in gnu - not found
  -- Looking for EXTATTR_NAMESPACE_USER
  -- Looking for EXTATTR_NAMESPACE_USER - not found
  -- Looking for XATTR_NOFOLLOW
  -- Looking for XATTR_NOFOLLOW - not found
  -- Looking for fgetxattr
  -- Looking for fgetxattr - found
  -- Looking for flistxattr
  -- Looking for flistxattr - found
  -- Looking for fsetxattr
  -- Looking for fsetxattr - found
  -- Looking for getxattr
  -- Looking for getxattr - found
  -- Looking for lgetxattr
  -- Looking for lgetxattr - found
  -- Looking for listxattr
  -- Looking for listxattr - found
  -- Looking for llistxattr
  -- Looking for llistxattr - found
  -- Looking for lsetxattr
  -- Looking for lsetxattr - found
  -- Extended attributes support: Linux
  -- Looking for acl
  -- Looking for acl - not found
  -- Looking for facl
  -- Looking for facl - not found
  -- Looking for acl_get_file in acl
  -- Looking for acl_get_file in acl - not found
  -- Performing Test HAVE_ACL_T
  -- Performing Test HAVE_ACL_T - Failed
  -- Performing Test HAVE_ACL_ENTRY_T
  -- Performing Test HAVE_ACL_ENTRY_T - Failed
  -- Performing Test HAVE_ACL_PERMSET_T
  -- Performing Test HAVE_ACL_PERMSET_T - Failed
  -- Performing Test HAVE_ACL_TAG_T
  -- Performing Test HAVE_ACL_TAG_T - Failed
  -- Looking for richacl_get_file in richacl
  -- Looking for richacl_get_file in richacl - not found
  -- Performing Test HAVE_STRUCT_RICHACE
  -- Performing Test HAVE_STRUCT_RICHACE - Failed
  -- Performing Test HAVE_STRUCT_RICHACL
  -- Performing Test HAVE_STRUCT_RICHACL - Failed
  -- ACL support: none
  -- Checking support for ARCHIVE_CRYPTO_MD5_LIBC
  -- Checking support for ARCHIVE_CRYPTO_MD5_LIBC -- not found
  -- Checking support for ARCHIVE_CRYPTO_RMD160_LIBC
  -- Checking support for ARCHIVE_CRYPTO_RMD160_LIBC -- not found
  -- Checking support for ARCHIVE_CRYPTO_SHA1_LIBC
  -- Checking support for ARCHIVE_CRYPTO_SHA1_LIBC -- not found
  -- Checking support for ARCHIVE_CRYPTO_SHA256_LIBC
  -- Checking support for ARCHIVE_CRYPTO_SHA256_LIBC -- not found
  -- Checking support for ARCHIVE_CRYPTO_SHA384_LIBC
  -- Checking support for ARCHIVE_CRYPTO_SHA384_LIBC -- not found
  -- Checking support for ARCHIVE_CRYPTO_SHA512_LIBC
  -- Checking support for ARCHIVE_CRYPTO_SHA512_LIBC -- not found
  -- Checking support for ARCHIVE_CRYPTO_SHA256_LIBC2
  -- Checking support for ARCHIVE_CRYPTO_SHA256_LIBC2 -- not found
  -- Checking support for ARCHIVE_CRYPTO_SHA384_LIBC2
  -- Checking support for ARCHIVE_CRYPTO_SHA384_LIBC2 -- not found
  -- Checking support for ARCHIVE_CRYPTO_SHA512_LIBC2
  -- Checking support for ARCHIVE_CRYPTO_SHA512_LIBC2 -- not found
  -- Checking support for ARCHIVE_CRYPTO_SHA256_LIBC3
  -- Checking support for ARCHIVE_CRYPTO_SHA256_LIBC3 -- not found
  -- Checking support for ARCHIVE_CRYPTO_SHA384_LIBC3
  -- Checking support for ARCHIVE_CRYPTO_SHA384_LIBC3 -- not found
  -- Checking support for ARCHIVE_CRYPTO_SHA512_LIBC3
  -- Checking support for ARCHIVE_CRYPTO_SHA512_LIBC3 -- not found
  -- Checking support for ARCHIVE_CRYPTO_MD5_LIBSYSTEM
  -- Checking support for ARCHIVE_CRYPTO_MD5_LIBSYSTEM -- not found
  -- Checking support for ARCHIVE_CRYPTO_SHA1_LIBSYSTEM
  -- Checking support for ARCHIVE_CRYPTO_SHA1_LIBSYSTEM -- not found
  -- Checking support for ARCHIVE_CRYPTO_SHA256_LIBSYSTEM
  -- Checking support for ARCHIVE_CRYPTO_SHA256_LIBSYSTEM -- not found
  -- Checking support for ARCHIVE_CRYPTO_SHA384_LIBSYSTEM
  -- Checking support for ARCHIVE_CRYPTO_SHA384_LIBSYSTEM -- not found
  -- Checking support for ARCHIVE_CRYPTO_SHA512_LIBSYSTEM
  -- Checking support for ARCHIVE_CRYPTO_SHA512_LIBSYSTEM -- not found
  -- Checking support for ARCHIVE_CRYPTO_MD5_LIBMD
  -- Checking support for ARCHIVE_CRYPTO_MD5_LIBMD -- not found
  -- Checking support for ARCHIVE_CRYPTO_RMD160_LIBMD
  -- Checking support for ARCHIVE_CRYPTO_RMD160_LIBMD -- not found
  -- Checking support for ARCHIVE_CRYPTO_SHA1_LIBMD
  -- Checking support for ARCHIVE_CRYPTO_SHA1_LIBMD -- not found
  -- Checking support for ARCHIVE_CRYPTO_SHA256_LIBMD
  -- Checking support for ARCHIVE_CRYPTO_SHA256_LIBMD -- not found
  -- Checking support for ARCHIVE_CRYPTO_SHA512_LIBMD
  -- Checking support for ARCHIVE_CRYPTO_SHA512_LIBMD -- not found
  -- Performing Test HAVE_VISIBILITY_ATTR
  -- Performing Test HAVE_VISIBILITY_ATTR - Success
  -- Performing Test HAVE_BUILTIN_BSWAP16
  -- Performing Test HAVE_BUILTIN_BSWAP16 - Success
  -- Performing Test HAVE_BUILTIN_BSWAP32
  -- Performing Test HAVE_BUILTIN_BSWAP32 - Success
  -- Performing Test HAVE_BUILTIN_BSWAP64
  -- Performing Test HAVE_BUILTIN_BSWAP64 - Success
  -- Could NOT find OpenGL (missing: OPENGL_opengl_LIBRARY OPENGL_glx_LIBRARY OPENGL_INCLUDE_DIR) 
  -- Performing Test HAVE_MATH_LIBRARY
  -- Performing Test HAVE_MATH_LIBRARY - Success
  -- Found ZLIB: /Users/zhanziyuan/Library/Android/sdk/ndk/29.0.14206865/toolchains/llvm/prebuilt/darwin-x86_64/sysroot/usr/lib/arm-linux-androideabi/26/libz.so (found version "1.3.0.1") 
  -- Could NOT find PNG (missing: PNG_LIBRARY PNG_PNG_INCLUDE_DIR) 
  -- Could NOT find JPEG (missing: JPEG_LIBRARY JPEG_INCLUDE_DIR) 
  -- TIFF is disabled when statically linking.
  -- Could NOT find GIF (missing: GIF_LIBRARY GIF_INCLUDE_DIR) 
  -- Looking for include file GLUT/glut.h
  -- Looking for include file GLUT/glut.h - not found
  -- Looking for include file GL/glut.h
  -- Looking for include file GL/glut.h - not found
  -- Looking for include file OpenGL/glut.h
  -- Looking for include file OpenGL/glut.h - not found
  -- Looking for include file shlwapi.h
  -- Looking for include file shlwapi.h - not found
  -- Looking for include file wincodec.h
  -- Looking for include file wincodec.h - not found
  -- Performing Test WEBP_HAVE_FLAG_AVX2
  -- Performing Test WEBP_HAVE_FLAG_AVX2 - Failed
  -- Performing Test WEBP_HAVE_FLAG_AVX2
  -- Performing Test WEBP_HAVE_FLAG_AVX2 - Failed
  -- Performing Test HAS_COMPILE_FLAG
  -- Performing Test HAS_COMPILE_FLAG - Failed
  -- Performing Test WEBP_HAVE_FLAG_SSE41
  -- Performing Test WEBP_HAVE_FLAG_SSE41 - Failed
  -- Performing Test WEBP_HAVE_FLAG_SSE41
  -- Performing Test WEBP_HAVE_FLAG_SSE41 - Failed
  -- Performing Test HAS_COMPILE_FLAG
  -- Performing Test HAS_COMPILE_FLAG - Failed
  -- Performing Test WEBP_HAVE_FLAG_SSE2
  -- Performing Test WEBP_HAVE_FLAG_SSE2 - Failed
  -- Performing Test WEBP_HAVE_FLAG_SSE2
  -- Performing Test WEBP_HAVE_FLAG_SSE2 - Failed
  -- Performing Test HAS_COMPILE_FLAG
  -- Performing Test HAS_COMPILE_FLAG - Failed
  -- Performing Test WEBP_HAVE_FLAG_MIPS32
  -- Performing Test WEBP_HAVE_FLAG_MIPS32 - Failed
  -- Performing Test WEBP_HAVE_FLAG_MIPS32
  -- Performing Test WEBP_HAVE_FLAG_MIPS32 - Failed
  -- Performing Test WEBP_HAVE_FLAG_MIPS_DSP_R2
  -- Performing Test WEBP_HAVE_FLAG_MIPS_DSP_R2 - Failed
  -- Performing Test WEBP_HAVE_FLAG_MIPS_DSP_R2
  -- Performing Test WEBP_HAVE_FLAG_MIPS_DSP_R2 - Failed
  -- Performing Test HAS_COMPILE_FLAG
  -- Performing Test HAS_COMPILE_FLAG - Failed
  -- Performing Test WEBP_HAVE_FLAG_NEON
  -- Performing Test WEBP_HAVE_FLAG_NEON - Success
  -- Performing Test WEBP_HAVE_FLAG_MSA
  -- Performing Test WEBP_HAVE_FLAG_MSA - Failed
  -- Performing Test WEBP_HAVE_FLAG_MSA
  -- Performing Test WEBP_HAVE_FLAG_MSA - Failed
  -- Performing Test HAS_COMPILE_FLAG
  -- Performing Test HAS_COMPILE_FLAG - Failed
  -- Rust Toolchain: nightly-2026-08-22-aarch64-apple-darwin
  -- Rust Target: thumbv7neon-linux-androideabi
  -- Configuring incomplete, errors occurred!
  See also "/Users/zhanziyuan/Documents/GitHub/EhViewer/app/.cxx/Debug/1i5i5y2o/armeabi-v7a/CMakeFiles/CMakeOutput.log".
  See also "/Users/zhanziyuan/Documents/GitHub/EhViewer/app/.cxx/Debug/1i5i5y2o/armeabi-v7a/CMakeFiles/CMakeError.log".
  
  C++ build system [configure] failed while executing:
      /Users/zhanziyuan/Library/Android/sdk/cmake/3.22.1/bin/cmake \
        -H/Users/zhanziyuan/Documents/GitHub/EhViewer/app/src/main/cpp \
        -DCMAKE_SYSTEM_NAME=Android \
        -DCMAKE_EXPORT_COMPILE_COMMANDS=ON \
        -DCMAKE_SYSTEM_VERSION=26 \
        -DANDROID_PLATFORM=android-26 \
        -DANDROID_ABI=armeabi-v7a \
        -DCMAKE_ANDROID_ARCH_ABI=armeabi-v7a \
        -DANDROID_NDK=/Users/zhanziyuan/Library/Android/sdk/ndk/29.0.14206865 \
        -DCMAKE_ANDROID_NDK=/Users/zhanziyuan/Library/Android/sdk/ndk/29.0.14206865 \
        -DCMAKE_TOOLCHAIN_FILE=/Users/zhanziyuan/Library/Android/sdk/ndk/29.0.14206865/build/cmake/android.toolchain.cmake \
        -DCMAKE_MAKE_PROGRAM=/Users/zhanziyuan/Library/Android/sdk/cmake/3.22.1/bin/ninja \
        -DCMAKE_LIBRARY_OUTPUT_DIRECTORY=/Users/zhanziyuan/Documents/GitHub/EhViewer/app/build/intermediates/cxx/Debug/1i5i5y2o/obj/armeabi-v7a \
        -DCMAKE_RUNTIME_OUTPUT_DIRECTORY=/Users/zhanziyuan/Documents/GitHub/EhViewer/app/build/intermediates/cxx/Debug/1i5i5y2o/obj/armeabi-v7a \
        -DCMAKE_BUILD_TYPE=Debug \
        -B/Users/zhanziyuan/Documents/GitHub/EhViewer/app/.cxx/Debug/1i5i5y2o/armeabi-v7a \
        -GNinja
    from /Users/zhanziyuan/Documents/GitHub/EhViewer/app
  CMake Error at /Users/zhanziyuan/Documents/GitHub/EhViewer/app/.cxx/Debug/1i5i5y2o/armeabi-v7a/_deps/corrosion-src/cmake/FindRust.cmake:812 (message):
    Target thumbv7neon-linux-androideabi is not installed for toolchain
    nightly-2026-08-22-aarch64-apple-darwin.
  
    Help: Run `rustup target add --toolchain
    nightly-2026-08-22-aarch64-apple-darwin thumbv7neon-linux-androideabi` to
    install the missing target or configure corrosion with
    `Rust_RUSTUP_INSTALL_MISSING_TARGET=ON`.
  Call Stack (most recent call first):
    /Users/zhanziyuan/Documents/GitHub/EhViewer/app/.cxx/Debug/1i5i5y2o/armeabi-v7a/_deps/corrosion-src/cmake/Corrosion.cmake:47 (find_package)
    /Users/zhanziyuan/Documents/GitHub/EhViewer/app/.cxx/Debug/1i5i5y2o/armeabi-v7a/_deps/corrosion-src/CMakeLists.txt:30 (include)
  	at com.android.build.gradle.internal.cxx.process.ExecuteProcessKt.execute(ExecuteProcess.kt:241)
  	... 152 more


* Try:
> Run with --stacktrace option to get the stack trace.
> Run with --info or --debug option to get more log output.
> Run with --scan to get full insights from a Build Scan (powered by Develocity).
> Get more help at https://help.gradle.org.
==============================================================================

2: Task failed with an exception.
-----------
* What went wrong:
Execution failed for task ':app:configureCMakeRelWithDebInfo[armeabi-v7a]' (registered by plugin 'com.android.internal.application').
> [CXX1429] error when building with cmake using /Users/zhanziyuan/Documents/GitHub/EhViewer/app/src/main/cpp/CMakeLists.txt: -- The C compiler identification is Clang 21.0.0
  -- Detecting C compiler ABI info
  -- Detecting C compiler ABI info - done
  -- Check for working C compiler: /Users/zhanziyuan/Library/Android/sdk/ndk/29.0.14206865/toolchains/llvm/prebuilt/darwin-x86_64/bin/clang - skipped
  -- Detecting C compile features
  -- Detecting C compile features - done
  -- Performing Test TUKLIB_LARGE_FILE_SUPPORT_BY_DEFAULT
  -- Performing Test TUKLIB_LARGE_FILE_SUPPORT_BY_DEFAULT - Failed
  -- Performing Test TUKLIB_LARGE_FILE_SUPPORT_WITH_FOB64
  -- Performing Test TUKLIB_LARGE_FILE_SUPPORT_WITH_FOB64 - Success
  -- Performing Test HAVE___BUILTIN_BSWAPXX
  -- Performing Test HAVE___BUILTIN_BSWAPXX - Success
  -- Check if unaligned memory access should be used
  -- Performing Test TUKLIB_FAST_UNALIGNED_DEFINED_BY_PREPROCESSOR
  -- Performing Test TUKLIB_FAST_UNALIGNED_DEFINED_BY_PREPROCESSOR - Success
  -- Check if unaligned memory access should be used - yes
  -- Performing Test HAVE___BUILTIN_ASSUME_ALIGNED
  -- Performing Test HAVE___BUILTIN_ASSUME_ALIGNED - Success
  -- Looking for clock_gettime
  -- Looking for clock_gettime - found
  -- Looking for CLOCK_MONOTONIC
  -- Looking for CLOCK_MONOTONIC - found
  -- Failed to find Gettext libintl (missing: Intl_LIBRARY Intl_INCLUDE_DIR) 
  -- Found Gettext: /opt/homebrew/bin/msgmerge (found version "1.0") 
  -- Performing Test HAVE_COMPILER_OPTION_-Wall
  -- Performing Test HAVE_COMPILER_OPTION_-Wall - Success
  -- Performing Test HAVE_COMPILER_OPTION_-Wextra
  -- Performing Test HAVE_COMPILER_OPTION_-Wextra - Success
  -- Performing Test HAVE_COMPILER_OPTION_-Wvla
  -- Performing Test HAVE_COMPILER_OPTION_-Wvla - Success
  -- Performing Test HAVE_COMPILER_OPTION_-Wformat_2
  -- Performing Test HAVE_COMPILER_OPTION_-Wformat_2 - Success
  -- Performing Test HAVE_COMPILER_OPTION_-Winit-self
  -- Performing Test HAVE_COMPILER_OPTION_-Winit-self - Success
  -- Performing Test HAVE_COMPILER_OPTION_-Wmissing-include-dirs
  -- Performing Test HAVE_COMPILER_OPTION_-Wmissing-include-dirs - Success
  -- Performing Test HAVE_COMPILER_OPTION_-Wshift-overflow_2
  -- Performing Test HAVE_COMPILER_OPTION_-Wshift-overflow_2 - Failed
  -- Performing Test HAVE_COMPILER_OPTION_-Wstrict-overflow_3
  -- Performing Test HAVE_COMPILER_OPTION_-Wstrict-overflow_3 - Success
  -- Performing Test HAVE_COMPILER_OPTION_-Walloc-zero
  -- Performing Test HAVE_COMPILER_OPTION_-Walloc-zero - Failed
  -- Performing Test HAVE_COMPILER_OPTION_-Wduplicated-cond
  -- Performing Test HAVE_COMPILER_OPTION_-Wduplicated-cond - Failed
  -- Performing Test HAVE_COMPILER_OPTION_-Wfloat-equal
  -- Performing Test HAVE_COMPILER_OPTION_-Wfloat-equal - Success
  -- Performing Test HAVE_COMPILER_OPTION_-Wundef
  -- Performing Test HAVE_COMPILER_OPTION_-Wundef - Success
  -- Performing Test HAVE_COMPILER_OPTION_-Wshadow
  -- Performing Test HAVE_COMPILER_OPTION_-Wshadow - Success
  -- Performing Test HAVE_COMPILER_OPTION_-Wpointer-arith
  -- Performing Test HAVE_COMPILER_OPTION_-Wpointer-arith - Success
  -- Performing Test HAVE_COMPILER_OPTION_-Wbad-function-cast
  -- Performing Test HAVE_COMPILER_OPTION_-Wbad-function-cast - Success
  -- Performing Test HAVE_COMPILER_OPTION_-Wwrite-strings
  -- Performing Test HAVE_COMPILER_OPTION_-Wwrite-strings - Success
  -- Performing Test HAVE_COMPILER_OPTION_-Wdate-time
  -- Performing Test HAVE_COMPILER_OPTION_-Wdate-time - Success
  -- Performing Test HAVE_COMPILER_OPTION_-Wsign-conversion
  -- Performing Test HAVE_COMPILER_OPTION_-Wsign-conversion - Success
  -- Performing Test HAVE_COMPILER_OPTION_-Wfloat-conversion
  -- Performing Test HAVE_COMPILER_OPTION_-Wfloat-conversion - Success
  -- Performing Test HAVE_COMPILER_OPTION_-Wlogical-op
  -- Performing Test HAVE_COMPILER_OPTION_-Wlogical-op - Failed
  -- Performing Test HAVE_COMPILER_OPTION_-Waggregate-return
  -- Performing Test HAVE_COMPILER_OPTION_-Waggregate-return - Success
  -- Performing Test HAVE_COMPILER_OPTION_-Wstrict-prototypes
  -- Performing Test HAVE_COMPILER_OPTION_-Wstrict-prototypes - Success
  -- Performing Test HAVE_COMPILER_OPTION_-Wold-style-definition
  -- Performing Test HAVE_COMPILER_OPTION_-Wold-style-definition - Success
  -- Performing Test HAVE_COMPILER_OPTION_-Wmissing-prototypes
  -- Performing Test HAVE_COMPILER_OPTION_-Wmissing-prototypes - Success
  -- Performing Test HAVE_COMPILER_OPTION_-Wmissing-declarations
  -- Performing Test HAVE_COMPILER_OPTION_-Wmissing-declarations - Success
  -- Performing Test HAVE_COMPILER_OPTION_-Wredundant-decls
  -- Performing Test HAVE_COMPILER_OPTION_-Wredundant-decls - Success
  -- Performing Test HAVE_COMPILER_OPTION_-Wimplicit-fallthrough
  -- Performing Test HAVE_COMPILER_OPTION_-Wimplicit-fallthrough - Success
  -- Performing Test HAVE_COMPILER_OPTION_-Wimplicit-fallthrough_5
  -- Performing Test HAVE_COMPILER_OPTION_-Wimplicit-fallthrough_5 - Failed
  -- Performing Test HAVE_COMPILER_OPTION_-Wc99-compat
  -- Performing Test HAVE_COMPILER_OPTION_-Wc99-compat - Success
  -- Performing Test HAVE_COMPILER_OPTION_-Wc11-extensions
  -- Performing Test HAVE_COMPILER_OPTION_-Wc11-extensions - Success
  -- Performing Test HAVE_COMPILER_OPTION_-Wc2x-compat
  -- Performing Test HAVE_COMPILER_OPTION_-Wc2x-compat - Success
  -- Performing Test HAVE_COMPILER_OPTION_-Wc2x-extensions
  -- Performing Test HAVE_COMPILER_OPTION_-Wc2x-extensions - Success
  -- Performing Test HAVE_COMPILER_OPTION_-Warray-bounds-pointer-arithmetic
  -- Performing Test HAVE_COMPILER_OPTION_-Warray-bounds-pointer-arithmetic - Success
  -- Performing Test HAVE_COMPILER_OPTION_-Wassign-enum
  -- Performing Test HAVE_COMPILER_OPTION_-Wassign-enum - Success
  -- Performing Test HAVE_COMPILER_OPTION_-Wconditional-uninitialized
  -- Performing Test HAVE_COMPILER_OPTION_-Wconditional-uninitialized - Success
  -- Performing Test HAVE_COMPILER_OPTION_-Wdocumentation
  -- Performing Test HAVE_COMPILER_OPTION_-Wdocumentation - Success
  -- Performing Test HAVE_COMPILER_OPTION_-Wduplicate-enum
  -- Performing Test HAVE_COMPILER_OPTION_-Wduplicate-enum - Success
  -- Performing Test HAVE_COMPILER_OPTION_-Wempty-translation-unit
  -- Performing Test HAVE_COMPILER_OPTION_-Wempty-translation-unit - Success
  -- Performing Test HAVE_COMPILER_OPTION_-Wextra-semi-stmt
  -- Performing Test HAVE_COMPILER_OPTION_-Wextra-semi-stmt - Success
  -- Performing Test HAVE_COMPILER_OPTION_-Wflexible-array-extensions
  -- Performing Test HAVE_COMPILER_OPTION_-Wflexible-array-extensions - Success
  -- Performing Test HAVE_COMPILER_OPTION_-Wmissing-variable-declarations
  -- Performing Test HAVE_COMPILER_OPTION_-Wmissing-variable-declarations - Success
  -- Performing Test HAVE_COMPILER_OPTION_-Wnewline-eof
  -- Performing Test HAVE_COMPILER_OPTION_-Wnewline-eof - Success
  -- Performing Test HAVE_COMPILER_OPTION_-Wshift-sign-overflow
  -- Performing Test HAVE_COMPILER_OPTION_-Wshift-sign-overflow - Success
  -- Performing Test HAVE_COMPILER_OPTION_-Wstring-conversion
  -- Performing Test HAVE_COMPILER_OPTION_-Wstring-conversion - Success
  -- Looking for pthread.h
  -- Looking for pthread.h - found
  -- Performing Test CMAKE_HAVE_LIBC_PTHREAD
  -- Performing Test CMAKE_HAVE_LIBC_PTHREAD - Failed
  -- Check if compiler accepts -pthread
  -- Check if compiler accepts -pthread - yes
  -- Found Threads: TRUE  
  -- Looking for pthread_condattr_setclock
  -- Looking for pthread_condattr_setclock - found
  -- Checking how to detect the number of available CPU cores
  -- Performing Test TUKLIB_CPUCORES_SCHED_GETAFFINITY
  -- Performing Test TUKLIB_CPUCORES_SCHED_GETAFFINITY - Success
  -- Checking how to detect the amount of physical memory
  -- Performing Test TUKLIB_PHYSMEM_SPECIAL
  -- Performing Test TUKLIB_PHYSMEM_SPECIAL - Failed
  -- Performing Test TUKLIB_PHYSMEM_AIX
  -- Performing Test TUKLIB_PHYSMEM_AIX - Failed
  -- Performing Test TUKLIB_PHYSMEM_SYSCONF
  -- Performing Test TUKLIB_PHYSMEM_SYSCONF - Success
  -- Performing Test HAVE_FUNC_ATTRIBUTE_CONSTRUCTOR
  -- Performing Test HAVE_FUNC_ATTRIBUTE_CONSTRUCTOR - Success
  -- Looking for cpuid.h
  -- Looking for cpuid.h - not found
  -- Looking for immintrin.h
  -- Looking for immintrin.h - not found
  -- Performing Test HAVE_ARM64_CRC32
  -- Performing Test HAVE_ARM64_CRC32 - Failed
  -- Performing Test HAVE_LOONGARCH_CRC32
  -- Performing Test HAVE_LOONGARCH_CRC32 - Failed
  -- Looking for getopt_long
  -- Looking for getopt_long - found
  -- Looking for cap_rights_limit
  -- Looking for cap_rights_limit - not found
  -- Looking for pledge
  -- Looking for pledge - not found
  -- Performing Test HAVE_LINUX_LANDLOCK
  -- Performing Test HAVE_LINUX_LANDLOCK - Success
  -- Could NOT find PkgConfig (missing: PKG_CONFIG_EXECUTABLE) 
  -- Found ZLIB: /Users/zhanziyuan/Library/Android/sdk/ndk/29.0.14206865/toolchains/llvm/prebuilt/darwin-x86_64/sysroot/usr/lib/arm-linux-androideabi/26/libz.so (found suitable version "1.3.0.1", minimum required is "1.2.1") 
  -- Could NOT find BZip2 (missing: BZIP2_LIBRARIES BZIP2_INCLUDE_DIR) 
  -- Could NOT find LibLZMA (missing: LIBLZMA_LIBRARY LIBLZMA_INCLUDE_DIR LIBLZMA_HAS_AUTO_DECODER LIBLZMA_HAS_EASY_ENCODER LIBLZMA_HAS_LZMA_PRESET) 
  -- Could NOT find LIBB2 (missing: LIBB2_LIBRARY LIBB2_INCLUDE_DIR) 
  -- Could NOT find LZ4 (missing: LZ4_LIBRARY LZ4_INCLUDE_DIR) 
  -- Checking for one of the modules 'libzstd'
  -- Could NOT find ZSTD (missing: ZSTD_LIBRARY ZSTD_INCLUDE_DIR) 
  -- Performing Test HAVE_DIRENT_H
  -- Performing Test HAVE_DIRENT_H - Success
  -- Looking for include file sys/types.h
  -- Looking for include file sys/types.h - found
  -- Looking for include files sys/types.h, acl/libacl.h
  -- Looking for include files sys/types.h, acl/libacl.h - not found
  -- Looking for include files sys/types.h, attr/xattr.h
  -- Looking for include files sys/types.h, attr/xattr.h - not found
  -- Looking for include files sys/types.h, ctype.h
  -- Looking for include files sys/types.h, ctype.h - found
  -- Looking for 3 include files sys/types.h, ..., copyfile.h
  -- Looking for 3 include files sys/types.h, ..., copyfile.h - not found
  -- Looking for 3 include files sys/types.h, ..., direct.h
  -- Looking for 3 include files sys/types.h, ..., direct.h - not found
  -- Looking for 3 include files sys/types.h, ..., dlfcn.h
  -- Looking for 3 include files sys/types.h, ..., dlfcn.h - found
  -- Looking for 4 include files sys/types.h, ..., errno.h
  -- Looking for 4 include files sys/types.h, ..., errno.h - found
  -- Looking for 5 include files sys/types.h, ..., ext2fs/ext2_fs.h
  -- Looking for 5 include files sys/types.h, ..., ext2fs/ext2_fs.h - not found
  -- Performing Test HAVE_WORKING_EXT2_IOC_GETFLAGS
  -- Performing Test HAVE_WORKING_EXT2_IOC_GETFLAGS - Failed
  -- Looking for 5 include files sys/types.h, ..., fcntl.h
  -- Looking for 5 include files sys/types.h, ..., fcntl.h - found
  -- Looking for 6 include files sys/types.h, ..., fnmatch.h
  -- Looking for 6 include files sys/types.h, ..., fnmatch.h - found
  -- Looking for 7 include files sys/types.h, ..., grp.h
  -- Looking for 7 include files sys/types.h, ..., grp.h - found
  -- Looking for 8 include files sys/types.h, ..., inttypes.h
  -- Looking for 8 include files sys/types.h, ..., inttypes.h - found
  -- Looking for 9 include files sys/types.h, ..., io.h
  -- Looking for 9 include files sys/types.h, ..., io.h - not found
  -- Looking for 9 include files sys/types.h, ..., langinfo.h
  -- Looking for 9 include files sys/types.h, ..., langinfo.h - found
  -- Looking for 10 include files sys/types.h, ..., limits.h
  -- Looking for 10 include files sys/types.h, ..., limits.h - found
  -- Looking for 11 include files sys/types.h, ..., linux/types.h
  -- Looking for 11 include files sys/types.h, ..., linux/types.h - found
  -- Looking for 12 include files sys/types.h, ..., linux/fiemap.h
  -- Looking for 12 include files sys/types.h, ..., linux/fiemap.h - found
  -- Looking for 13 include files sys/types.h, ..., linux/fs.h
  -- Looking for 13 include files sys/types.h, ..., linux/fs.h - found
  -- Performing Test HAVE_WORKING_FS_IOC_GETFLAGS
  -- Performing Test HAVE_WORKING_FS_IOC_GETFLAGS - Success
  -- Looking for 14 include files sys/types.h, ..., linux/magic.h
  -- Looking for 14 include files sys/types.h, ..., linux/magic.h - found
  -- Looking for 15 include files sys/types.h, ..., locale.h
  -- Looking for 15 include files sys/types.h, ..., locale.h - found
  -- Looking for 16 include files sys/types.h, ..., membership.h
  -- Looking for 16 include files sys/types.h, ..., membership.h - not found
  -- Looking for 16 include files sys/types.h, ..., memory.h
  -- Looking for 16 include files sys/types.h, ..., memory.h - found
  -- Looking for 17 include files sys/types.h, ..., paths.h
  -- Looking for 17 include files sys/types.h, ..., paths.h - found
  -- Looking for 18 include files sys/types.h, ..., poll.h
  -- Looking for 18 include files sys/types.h, ..., poll.h - found
  -- Looking for 19 include files sys/types.h, ..., process.h
  -- Looking for 19 include files sys/types.h, ..., process.h - not found
  -- Looking for 19 include files sys/types.h, ..., pthread.h
  -- Looking for 19 include files sys/types.h, ..., pthread.h - found
  -- Looking for 20 include files sys/types.h, ..., pwd.h
  -- Looking for 20 include files sys/types.h, ..., pwd.h - found
  -- Looking for 21 include files sys/types.h, ..., readpassphrase.h
  -- Looking for 21 include files sys/types.h, ..., readpassphrase.h - not found
  -- Looking for 21 include files sys/types.h, ..., regex.h
  -- Looking for 21 include files sys/types.h, ..., regex.h - found
  -- Looking for 22 include files sys/types.h, ..., signal.h
  -- Looking for 22 include files sys/types.h, ..., signal.h - found
  -- Looking for 23 include files sys/types.h, ..., spawn.h
  -- Looking for 23 include files sys/types.h, ..., spawn.h - found
  -- Looking for 24 include files sys/types.h, ..., stdarg.h
  -- Looking for 24 include files sys/types.h, ..., stdarg.h - found
  -- Looking for 25 include files sys/types.h, ..., stdint.h
  -- Looking for 25 include files sys/types.h, ..., stdint.h - found
  -- Looking for 26 include files sys/types.h, ..., stdio.h
  -- Looking for 26 include files sys/types.h, ..., stdio.h - found
  -- Looking for 27 include files sys/types.h, ..., stdlib.h
  -- Looking for 27 include files sys/types.h, ..., stdlib.h - found
  -- Looking for 28 include files sys/types.h, ..., string.h
  -- Looking for 28 include files sys/types.h, ..., string.h - found
  -- Looking for 29 include files sys/types.h, ..., strings.h
  -- Looking for 29 include files sys/types.h, ..., strings.h - found
  -- Looking for 30 include files sys/types.h, ..., sys/acl.h
  -- Looking for 30 include files sys/types.h, ..., sys/acl.h - not found
  -- Looking for 30 include files sys/types.h, ..., sys/cdefs.h
  -- Looking for 30 include files sys/types.h, ..., sys/cdefs.h - found
  -- Looking for 31 include files sys/types.h, ..., sys/extattr.h
  -- Looking for 31 include files sys/types.h, ..., sys/extattr.h - not found
  -- Looking for 31 include files sys/types.h, ..., sys/ioctl.h
  -- Looking for 31 include files sys/types.h, ..., sys/ioctl.h - found
  -- Looking for 32 include files sys/types.h, ..., sys/mkdev.h
  -- Looking for 32 include files sys/types.h, ..., sys/mkdev.h - not found
  -- Looking for 32 include files sys/types.h, ..., sys/mount.h
  -- Looking for 32 include files sys/types.h, ..., sys/mount.h - found
  -- Looking for 33 include files sys/types.h, ..., sys/param.h
  -- Looking for 33 include files sys/types.h, ..., sys/param.h - found
  -- Looking for 34 include files sys/types.h, ..., sys/poll.h
  -- Looking for 34 include files sys/types.h, ..., sys/poll.h - found
  -- Looking for 35 include files sys/types.h, ..., sys/richacl.h
  -- Looking for 35 include files sys/types.h, ..., sys/richacl.h - not found
  -- Looking for 35 include files sys/types.h, ..., sys/select.h
  -- Looking for 35 include files sys/types.h, ..., sys/select.h - found
  -- Looking for 36 include files sys/types.h, ..., sys/stat.h
  -- Looking for 36 include files sys/types.h, ..., sys/stat.h - found
  -- Looking for 37 include files sys/types.h, ..., sys/statfs.h
  -- Looking for 37 include files sys/types.h, ..., sys/statfs.h - found
  -- Looking for 38 include files sys/types.h, ..., sys/statvfs.h
  -- Looking for 38 include files sys/types.h, ..., sys/statvfs.h - found
  -- Looking for 39 include files sys/types.h, ..., sys/sysmacros.h
  -- Looking for 39 include files sys/types.h, ..., sys/sysmacros.h - found
  -- Looking for 40 include files sys/types.h, ..., sys/time.h
  -- Looking for 40 include files sys/types.h, ..., sys/time.h - found
  -- Looking for 41 include files sys/types.h, ..., sys/utime.h
  -- Looking for 41 include files sys/types.h, ..., sys/utime.h - not found
  -- Looking for 41 include files sys/types.h, ..., sys/utsname.h
  -- Looking for 41 include files sys/types.h, ..., sys/utsname.h - found
  -- Looking for 42 include files sys/types.h, ..., sys/vfs.h
  -- Looking for 42 include files sys/types.h, ..., sys/vfs.h - found
  -- Looking for 43 include files sys/types.h, ..., sys/wait.h
  -- Looking for 43 include files sys/types.h, ..., sys/wait.h - found
  -- Looking for 44 include files sys/types.h, ..., sys/xattr.h
  -- Looking for 44 include files sys/types.h, ..., sys/xattr.h - found
  -- Looking for 45 include files sys/types.h, ..., time.h
  -- Looking for 45 include files sys/types.h, ..., time.h - found
  -- Looking for 46 include files sys/types.h, ..., unistd.h
  -- Looking for 46 include files sys/types.h, ..., unistd.h - found
  -- Looking for 47 include files sys/types.h, ..., utime.h
  -- Looking for 47 include files sys/types.h, ..., utime.h - found
  -- Looking for 48 include files sys/types.h, ..., wchar.h
  -- Looking for 48 include files sys/types.h, ..., wchar.h - found
  -- Looking for 49 include files sys/types.h, ..., wctype.h
  -- Looking for 49 include files sys/types.h, ..., wctype.h - found
  -- Looking for 50 include files sys/types.h, ..., windows.h
  -- Looking for 50 include files sys/types.h, ..., windows.h - not found
  -- Looking for 50 include files sys/types.h, ..., bcrypt.h
  -- Looking for 50 include files sys/types.h, ..., bcrypt.h - not found
  -- Looking for 50 include files sys/types.h, ..., wincrypt.h
  -- Looking for 50 include files sys/types.h, ..., wincrypt.h - not found
  -- Looking for 50 include files sys/types.h, ..., winioctl.h
  -- Looking for 50 include files sys/types.h, ..., winioctl.h - not found
  -- Performing Test SAFE_TO_DEFINE_EXTENSIONS
  -- Performing Test SAFE_TO_DEFINE_EXTENSIONS - Success
  -- Looking for MD5Init in md
  -- Looking for MD5Init in md - not found
  -- Performing Test HAVE_ICONV_libc_const
  -- Performing Test HAVE_ICONV_libc_const - Failed
  -- Performing Test HAVE_ICONV_libc_
  -- Performing Test HAVE_ICONV_libc_ - Failed
  -- Could NOT find EXPAT (missing: EXPAT_LIBRARY EXPAT_INCLUDE_DIR) 
  -- Looking for regcomp
  -- Looking for regcomp - found
  -- Looking for _CrtSetReportMode
  -- Looking for _CrtSetReportMode - not found
  -- Looking for arc4random_buf
  -- Looking for arc4random_buf - found
  -- Looking for chflags
  -- Looking for chflags - not found
  -- Looking for chown
  -- Looking for chown - found
  -- Looking for chroot
  -- Looking for chroot - found
  -- Looking for closefrom
  -- Looking for closefrom - not found
  -- Looking for close_range
  -- Looking for close_range - not found
  -- Looking for ctime_r
  -- Looking for ctime_r - found
  -- Looking for fchdir
  -- Looking for fchdir - found
  -- Looking for fchflags
  -- Looking for fchflags - not found
  -- Looking for fchmod
  -- Looking for fchmod - found
  -- Looking for fchown
  -- Looking for fchown - found
  -- Looking for fcntl
  -- Looking for fcntl - found
  -- Looking for fdopendir
  -- Looking for fdopendir - found
  -- Looking for fnmatch
  -- Looking for fnmatch - found
  -- Looking for fork
  -- Looking for fork - found
  -- Looking for fstat
  -- Looking for fstat - found
  -- Looking for fstatat
  -- Looking for fstatat - found
  -- Looking for fstatfs
  -- Looking for fstatfs - found
  -- Looking for fstatvfs
  -- Looking for fstatvfs - found
  -- Looking for ftruncate
  -- Looking for ftruncate - found
  -- Looking for futimens
  -- Looking for futimens - found
  -- Looking for futimes
  -- Looking for futimes - found
  -- Looking for futimesat
  -- Looking for futimesat - found
  -- Looking for getegid
  -- Looking for getegid - found
  -- Looking for geteuid
  -- Looking for geteuid - found
  -- Looking for getgrgid_r
  -- Looking for getgrgid_r - found
  -- Looking for getgrnam_r
  -- Looking for getgrnam_r - found
  -- Looking for getline
  -- Looking for getline - found
  -- Looking for getpid
  -- Looking for getpid - found
  -- Looking for getpwnam_r
  -- Looking for getpwnam_r - found
  -- Looking for getpwuid_r
  -- Looking for getpwuid_r - found
  -- Looking for getresgid
  -- Looking for getresgid - found
  -- Looking for getresuid
  -- Looking for getresuid - found
  -- Looking for getvfsbyname
  -- Looking for getvfsbyname - not found
  -- Looking for gmtime_r
  -- Looking for gmtime_r - found
  -- Looking for issetugid
  -- Looking for issetugid - not found
  -- Looking for lchflags
  -- Looking for lchflags - not found
  -- Looking for lchmod
  -- Looking for lchmod - not found
  -- Looking for lchown
  -- Looking for lchown - found
  -- Looking for link
  -- Looking for link - found
  -- Looking for linkat
  -- Looking for linkat - found
  -- Looking for localtime_r
  -- Looking for localtime_r - found
  -- Looking for lstat
  -- Looking for lstat - found
  -- Looking for lutimes
  -- Looking for lutimes - found
  -- Looking for mbrtowc
  -- Looking for mbrtowc - found
  -- Looking for memmove
  -- Looking for memmove - found
  -- Looking for mkdir
  -- Looking for mkdir - found
  -- Looking for mkfifo
  -- Looking for mkfifo - found
  -- Looking for mknod
  -- Looking for mknod - found
  -- Looking for mkstemp
  -- Looking for mkstemp - found
  -- Looking for nl_langinfo
  -- Looking for nl_langinfo - found
  -- Looking for openat
  -- Looking for openat - found
  -- Looking for pipe
  -- Looking for pipe - found
  -- Looking for poll
  -- Looking for poll - found
  -- Looking for posix_spawn
  -- Looking for posix_spawn - not found
  -- Looking for posix_spawnp
  -- Looking for posix_spawnp - not found
  -- Looking for readlink
  -- Looking for readlink - found
  -- Looking for readpassphrase
  -- Looking for readpassphrase - not found
  -- Looking for select
  -- Looking for select - found
  -- Looking for setenv
  -- Looking for setenv - found
  -- Looking for setlocale
  -- Looking for setlocale - found
  -- Looking for sigaction
  -- Looking for sigaction - found
  -- Looking for statfs
  -- Looking for statfs - found
  -- Looking for statvfs
  -- Looking for statvfs - found
  -- Looking for strchr
  -- Looking for strchr - found
  -- Looking for strdup
  -- Looking for strdup - found
  -- Looking for strerror
  -- Looking for strerror - found
  -- Looking for strncpy_s
  -- Looking for strncpy_s - not found
  -- Looking for strnlen
  -- Looking for strnlen - found
  -- Looking for strrchr
  -- Looking for strrchr - found
  -- Looking for symlink
  -- Looking for symlink - found
  -- Looking for sysconf
  -- Looking for sysconf - found
  -- Looking for tcgetattr
  -- Looking for tcgetattr - found
  -- Looking for tcsetattr
  -- Looking for tcsetattr - found
  -- Looking for timegm
  -- Looking for timegm - found
  -- Looking for tzset
  -- Looking for tzset - found
  -- Looking for unlinkat
  -- Looking for unlinkat - found
  -- Looking for unsetenv
  -- Looking for unsetenv - found
  -- Looking for utime
  -- Looking for utime - found
  -- Looking for utimes
  -- Looking for utimes - found
  -- Looking for utimensat
  -- Looking for utimensat - found
  -- Looking for vfork
  -- Looking for vfork - found
  -- Looking for wcrtomb
  -- Looking for wcrtomb - found
  -- Looking for wcscmp
  -- Looking for wcscmp - found
  -- Looking for wcscpy
  -- Looking for wcscpy - found
  -- Looking for wcslen
  -- Looking for wcslen - found
  -- Looking for wctomb
  -- Looking for wctomb - found
  -- Looking for _fseeki64
  -- Looking for _fseeki64 - not found
  -- Looking for _get_timezone
  -- Looking for _get_timezone - not found
  -- Looking for ctime_s
  -- Looking for ctime_s - not found
  -- Looking for gmtime_s
  -- Looking for gmtime_s - not found
  -- Looking for localtime_s
  -- Looking for localtime_s - not found
  -- Looking for _mkgmtime
  -- Looking for _mkgmtime - not found
  -- Looking for cygwin_conv_path
  -- Looking for cygwin_conv_path - not found
  -- Looking for fseeko
  -- Looking for fseeko - found
  -- Looking for strerror_r
  -- Looking for strerror_r - found
  -- Looking for strftime
  -- Looking for strftime - found
  -- Looking for vprintf
  -- Looking for vprintf - found
  -- Looking for wmemcmp
  -- Looking for wmemcmp - found
  -- Looking for wmemcpy
  -- Looking for wmemcpy - found
  -- Looking for wmemmove
  -- Looking for wmemmove - found
  -- Performing Test HAVE_STRUCT_VFSCONF
  -- Performing Test HAVE_STRUCT_VFSCONF - Failed
  -- Performing Test HAVE_STRUCT_XVFSCONF
  -- Performing Test HAVE_STRUCT_XVFSCONF - Failed
  -- Performing Test HAVE_STRUCT_STATFS
  -- Performing Test HAVE_STRUCT_STATFS - Failed
  -- Performing Test HAVE_DIRFD
  -- Performing Test HAVE_DIRFD - Success
  -- Performing Test HAVE_READLINKAT
  -- Performing Test HAVE_READLINKAT - Success
  -- Performing Test MAJOR_IN_MKDEV
  -- Performing Test MAJOR_IN_MKDEV - Failed
  -- Performing Test MAJOR_IN_SYSMACROS
  -- Performing Test MAJOR_IN_SYSMACROS - Success
  -- Looking for EFTYPE
  -- Looking for EFTYPE - not found
  -- Looking for EILSEQ
  -- Looking for EILSEQ - found
  -- Looking for D_MD_ORDER
  -- Looking for D_MD_ORDER - not found
  -- Looking for INT32_MAX
  -- Looking for INT32_MAX - found
  -- Looking for INT32_MIN
  -- Looking for INT32_MIN - found
  -- Looking for INT64_MAX
  -- Looking for INT64_MAX - found
  -- Looking for INT64_MIN
  -- Looking for INT64_MIN - found
  -- Looking for INTMAX_MAX
  -- Looking for INTMAX_MAX - found
  -- Looking for INTMAX_MIN
  -- Looking for INTMAX_MIN - found
  -- Looking for UINT32_MAX
  -- Looking for UINT32_MAX - found
  -- Looking for UINT64_MAX
  -- Looking for UINT64_MAX - found
  -- Looking for UINTMAX_MAX
  -- Looking for UINTMAX_MAX - found
  -- Looking for SIZE_MAX
  -- Looking for SIZE_MAX - found
  -- Looking for SSIZE_MAX
  -- Looking for SSIZE_MAX - found
  -- Performing Test HAVE_STRUCT_TM_TM_GMTOFF
  -- Performing Test HAVE_STRUCT_TM_TM_GMTOFF - Success
  -- Performing Test HAVE_STRUCT_TM___TM_GMTOFF
  -- Performing Test HAVE_STRUCT_TM___TM_GMTOFF - Failed
  -- Performing Test HAVE_STRUCT_STAT_ST_BIRTHTIME
  -- Performing Test HAVE_STRUCT_STAT_ST_BIRTHTIME - Failed
  -- Performing Test HAVE_STRUCT_STAT_ST_BIRTHTIMESPEC_TV_NSEC
  -- Performing Test HAVE_STRUCT_STAT_ST_BIRTHTIMESPEC_TV_NSEC - Failed
  -- Performing Test HAVE_STRUCT_STAT_ST_MTIMESPEC_TV_NSEC
  -- Performing Test HAVE_STRUCT_STAT_ST_MTIMESPEC_TV_NSEC - Failed
  -- Performing Test HAVE_STRUCT_STAT_ST_MTIM_TV_NSEC
  -- Performing Test HAVE_STRUCT_STAT_ST_MTIM_TV_NSEC - Success
  -- Performing Test HAVE_STRUCT_STAT_ST_MTIME_N
  -- Performing Test HAVE_STRUCT_STAT_ST_MTIME_N - Failed
  -- Performing Test HAVE_STRUCT_STAT_ST_UMTIME
  -- Performing Test HAVE_STRUCT_STAT_ST_UMTIME - Failed
  -- Performing Test HAVE_STRUCT_STAT_ST_MTIME_USEC
  -- Performing Test HAVE_STRUCT_STAT_ST_MTIME_USEC - Failed
  -- Performing Test HAVE_STRUCT_STAT_ST_BLKSIZE
  -- Performing Test HAVE_STRUCT_STAT_ST_BLKSIZE - Success
  -- Performing Test HAVE_STRUCT_STAT_ST_FLAGS
  -- Performing Test HAVE_STRUCT_STAT_ST_FLAGS - Failed
  -- Performing Test HAVE_STRUCT_STATVFS_F_IOSIZE
  -- Performing Test HAVE_STRUCT_STATVFS_F_IOSIZE - Failed
  -- Looking for stddef.h
  -- Looking for stddef.h - found
  -- Check size of short
  -- Check size of short - done
  -- Check size of int
  -- Check size of int - done
  -- Check size of long
  -- Check size of long - done
  -- Check size of long long
  -- Check size of long long - done
  -- Check size of unsigned short
  -- Check size of unsigned short - done
  -- Check size of unsigned
  -- Check size of unsigned - done
  -- Check size of unsigned long
  -- Check size of unsigned long - done
  -- Check size of unsigned long long
  -- Check size of unsigned long long - done
  -- Check size of __int64
  -- Check size of __int64 - failed
  -- Check size of unsigned __int64
  -- Check size of unsigned __int64 - failed
  -- Check size of int16_t
  -- Check size of int16_t - done
  -- Check size of int32_t
  -- Check size of int32_t - done
  -- Check size of int64_t
  -- Check size of int64_t - done
  -- Check size of intmax_t
  -- Check size of intmax_t - done
  -- Check size of uint8_t
  -- Check size of uint8_t - done
  -- Check size of uint16_t
  -- Check size of uint16_t - done
  -- Check size of uint32_t
  -- Check size of uint32_t - done
  -- Check size of uint64_t
  -- Check size of uint64_t - done
  -- Check size of uintmax_t
  -- Check size of uintmax_t - done
  -- Check size of dev_t
  -- Check size of dev_t - done
  -- Check size of gid_t
  -- Check size of gid_t - done
  -- Check size of id_t
  -- Check size of id_t - done
  -- Check size of mode_t
  -- Check size of mode_t - done
  -- Check size of off_t
  -- Check size of off_t - done
  -- Check size of size_t
  -- Check size of size_t - done
  -- Check size of ssize_t
  -- Check size of ssize_t - done
  -- Check size of uid_t
  -- Check size of uid_t - done
  -- Check size of pid_t
  -- Check size of pid_t - done
  -- Check size of intptr_t
  -- Check size of intptr_t - done
  -- Check size of uintptr_t
  -- Check size of uintptr_t - done
  -- Check size of wchar_t
  -- Check size of wchar_t - done
  -- Checking _FILE_OFFSET_BITS for large files
  -- Checking _FILE_OFFSET_BITS for large files - needed
  -- Looking for setxattr in attr
  -- Looking for setxattr in attr - not found
  -- Looking for setxattr in gnu
  -- Looking for setxattr in gnu - not found
  -- Looking for EXTATTR_NAMESPACE_USER
  -- Looking for EXTATTR_NAMESPACE_USER - not found
  -- Looking for XATTR_NOFOLLOW
  -- Looking for XATTR_NOFOLLOW - not found
  -- Looking for fgetxattr
  -- Looking for fgetxattr - found
  -- Looking for flistxattr
  -- Looking for flistxattr - found
  -- Looking for fsetxattr
  -- Looking for fsetxattr - found
  -- Looking for getxattr
  -- Looking for getxattr - found
  -- Looking for lgetxattr
  -- Looking for lgetxattr - found
  -- Looking for listxattr
  -- Looking for listxattr - found
  -- Looking for llistxattr
  -- Looking for llistxattr - found
  -- Looking for lsetxattr
  -- Looking for lsetxattr - found
  -- Extended attributes support: Linux
  -- Looking for acl
  -- Looking for acl - not found
  -- Looking for facl
  -- Looking for facl - not found
  -- Looking for acl_get_file in acl
  -- Looking for acl_get_file in acl - not found
  -- Performing Test HAVE_ACL_T
  -- Performing Test HAVE_ACL_T - Failed
  -- Performing Test HAVE_ACL_ENTRY_T
  -- Performing Test HAVE_ACL_ENTRY_T - Failed
  -- Performing Test HAVE_ACL_PERMSET_T
  -- Performing Test HAVE_ACL_PERMSET_T - Failed
  -- Performing Test HAVE_ACL_TAG_T
  -- Performing Test HAVE_ACL_TAG_T - Failed
  -- Looking for richacl_get_file in richacl
  -- Looking for richacl_get_file in richacl - not found
  -- Performing Test HAVE_STRUCT_RICHACE
  -- Performing Test HAVE_STRUCT_RICHACE - Failed
  -- Performing Test HAVE_STRUCT_RICHACL
  -- Performing Test HAVE_STRUCT_RICHACL - Failed
  -- ACL support: none
  -- Checking support for ARCHIVE_CRYPTO_MD5_LIBC
  -- Checking support for ARCHIVE_CRYPTO_MD5_LIBC -- not found
  -- Checking support for ARCHIVE_CRYPTO_RMD160_LIBC
  -- Checking support for ARCHIVE_CRYPTO_RMD160_LIBC -- not found
  -- Checking support for ARCHIVE_CRYPTO_SHA1_LIBC
  -- Checking support for ARCHIVE_CRYPTO_SHA1_LIBC -- not found
  -- Checking support for ARCHIVE_CRYPTO_SHA256_LIBC
  -- Checking support for ARCHIVE_CRYPTO_SHA256_LIBC -- not found
  -- Checking support for ARCHIVE_CRYPTO_SHA384_LIBC
  -- Checking support for ARCHIVE_CRYPTO_SHA384_LIBC -- not found
  -- Checking support for ARCHIVE_CRYPTO_SHA512_LIBC
  -- Checking support for ARCHIVE_CRYPTO_SHA512_LIBC -- not found
  -- Checking support for ARCHIVE_CRYPTO_SHA256_LIBC2
  -- Checking support for ARCHIVE_CRYPTO_SHA256_LIBC2 -- not found
  -- Checking support for ARCHIVE_CRYPTO_SHA384_LIBC2
  -- Checking support for ARCHIVE_CRYPTO_SHA384_LIBC2 -- not found
  -- Checking support for ARCHIVE_CRYPTO_SHA512_LIBC2
  -- Checking support for ARCHIVE_CRYPTO_SHA512_LIBC2 -- not found
  -- Checking support for ARCHIVE_CRYPTO_SHA256_LIBC3
  -- Checking support for ARCHIVE_CRYPTO_SHA256_LIBC3 -- not found
  -- Checking support for ARCHIVE_CRYPTO_SHA384_LIBC3
  -- Checking support for ARCHIVE_CRYPTO_SHA384_LIBC3 -- not found
  -- Checking support for ARCHIVE_CRYPTO_SHA512_LIBC3
  -- Checking support for ARCHIVE_CRYPTO_SHA512_LIBC3 -- not found
  -- Checking support for ARCHIVE_CRYPTO_MD5_LIBSYSTEM
  -- Checking support for ARCHIVE_CRYPTO_MD5_LIBSYSTEM -- not found
  -- Checking support for ARCHIVE_CRYPTO_SHA1_LIBSYSTEM
  -- Checking support for ARCHIVE_CRYPTO_SHA1_LIBSYSTEM -- not found
  -- Checking support for ARCHIVE_CRYPTO_SHA256_LIBSYSTEM
  -- Checking support for ARCHIVE_CRYPTO_SHA256_LIBSYSTEM -- not found
  -- Checking support for ARCHIVE_CRYPTO_SHA384_LIBSYSTEM
  -- Checking support for ARCHIVE_CRYPTO_SHA384_LIBSYSTEM -- not found
  -- Checking support for ARCHIVE_CRYPTO_SHA512_LIBSYSTEM
  -- Checking support for ARCHIVE_CRYPTO_SHA512_LIBSYSTEM -- not found
  -- Checking support for ARCHIVE_CRYPTO_MD5_LIBMD
  -- Checking support for ARCHIVE_CRYPTO_MD5_LIBMD -- not found
  -- Checking support for ARCHIVE_CRYPTO_RMD160_LIBMD
  -- Checking support for ARCHIVE_CRYPTO_RMD160_LIBMD -- not found
  -- Checking support for ARCHIVE_CRYPTO_SHA1_LIBMD
  -- Checking support for ARCHIVE_CRYPTO_SHA1_LIBMD -- not found
  -- Checking support for ARCHIVE_CRYPTO_SHA256_LIBMD
  -- Checking support for ARCHIVE_CRYPTO_SHA256_LIBMD -- not found
  -- Checking support for ARCHIVE_CRYPTO_SHA512_LIBMD
  -- Checking support for ARCHIVE_CRYPTO_SHA512_LIBMD -- not found
  -- Performing Test HAVE_VISIBILITY_ATTR
  -- Performing Test HAVE_VISIBILITY_ATTR - Success
  -- Performing Test HAVE_BUILTIN_BSWAP16
  -- Performing Test HAVE_BUILTIN_BSWAP16 - Success
  -- Performing Test HAVE_BUILTIN_BSWAP32
  -- Performing Test HAVE_BUILTIN_BSWAP32 - Success
  -- Performing Test HAVE_BUILTIN_BSWAP64
  -- Performing Test HAVE_BUILTIN_BSWAP64 - Success
  -- Could NOT find OpenGL (missing: OPENGL_opengl_LIBRARY OPENGL_glx_LIBRARY OPENGL_INCLUDE_DIR) 
  -- Performing Test HAVE_MATH_LIBRARY
  -- Performing Test HAVE_MATH_LIBRARY - Success
  -- Found ZLIB: /Users/zhanziyuan/Library/Android/sdk/ndk/29.0.14206865/toolchains/llvm/prebuilt/darwin-x86_64/sysroot/usr/lib/arm-linux-androideabi/26/libz.so (found version "1.3.0.1") 
  -- Could NOT find PNG (missing: PNG_LIBRARY PNG_PNG_INCLUDE_DIR) 
  -- Could NOT find JPEG (missing: JPEG_LIBRARY JPEG_INCLUDE_DIR) 
  -- TIFF is disabled when statically linking.
  -- Could NOT find GIF (missing: GIF_LIBRARY GIF_INCLUDE_DIR) 
  -- Looking for include file GLUT/glut.h
  -- Looking for include file GLUT/glut.h - not found
  -- Looking for include file GL/glut.h
  -- Looking for include file GL/glut.h - not found
  -- Looking for include file OpenGL/glut.h
  -- Looking for include file OpenGL/glut.h - not found
  -- Looking for include file shlwapi.h
  -- Looking for include file shlwapi.h - not found
  -- Looking for include file wincodec.h
  -- Looking for include file wincodec.h - not found
  -- Performing Test WEBP_HAVE_FLAG_AVX2
  -- Performing Test WEBP_HAVE_FLAG_AVX2 - Failed
  -- Performing Test WEBP_HAVE_FLAG_AVX2
  -- Performing Test WEBP_HAVE_FLAG_AVX2 - Failed
  -- Performing Test HAS_COMPILE_FLAG
  -- Performing Test HAS_COMPILE_FLAG - Failed
  -- Performing Test WEBP_HAVE_FLAG_SSE41
  -- Performing Test WEBP_HAVE_FLAG_SSE41 - Failed
  -- Performing Test WEBP_HAVE_FLAG_SSE41
  -- Performing Test WEBP_HAVE_FLAG_SSE41 - Failed
  -- Performing Test HAS_COMPILE_FLAG
  -- Performing Test HAS_COMPILE_FLAG - Failed
  -- Performing Test WEBP_HAVE_FLAG_SSE2
  -- Performing Test WEBP_HAVE_FLAG_SSE2 - Failed
  -- Performing Test WEBP_HAVE_FLAG_SSE2
  -- Performing Test WEBP_HAVE_FLAG_SSE2 - Failed
  -- Performing Test HAS_COMPILE_FLAG
  -- Performing Test HAS_COMPILE_FLAG - Failed
  -- Performing Test WEBP_HAVE_FLAG_MIPS32
  -- Performing Test WEBP_HAVE_FLAG_MIPS32 - Failed
  -- Performing Test WEBP_HAVE_FLAG_MIPS32
  -- Performing Test WEBP_HAVE_FLAG_MIPS32 - Failed
  -- Performing Test WEBP_HAVE_FLAG_MIPS_DSP_R2
  -- Performing Test WEBP_HAVE_FLAG_MIPS_DSP_R2 - Failed
  -- Performing Test WEBP_HAVE_FLAG_MIPS_DSP_R2
  -- Performing Test WEBP_HAVE_FLAG_MIPS_DSP_R2 - Failed
  -- Performing Test HAS_COMPILE_FLAG
  -- Performing Test HAS_COMPILE_FLAG - Failed
  -- Performing Test WEBP_HAVE_FLAG_NEON
  -- Performing Test WEBP_HAVE_FLAG_NEON - Success
  -- Performing Test WEBP_HAVE_FLAG_MSA
  -- Performing Test WEBP_HAVE_FLAG_MSA - Failed
  -- Performing Test WEBP_HAVE_FLAG_MSA
  -- Performing Test WEBP_HAVE_FLAG_MSA - Failed
  -- Performing Test HAS_COMPILE_FLAG
  -- Performing Test HAS_COMPILE_FLAG - Failed
  -- Rust Toolchain: nightly-2026-08-22-aarch64-apple-darwin
  -- Rust Target: thumbv7neon-linux-androideabi
  -- Configuring incomplete, errors occurred!
  See also "/Users/zhanziyuan/Documents/GitHub/EhViewer/app/.cxx/RelWithDebInfo/56n3v2n2/armeabi-v7a/CMakeFiles/CMakeOutput.log".
  See also "/Users/zhanziyuan/Documents/GitHub/EhViewer/app/.cxx/RelWithDebInfo/56n3v2n2/armeabi-v7a/CMakeFiles/CMakeError.log".
  
  C++ build system [configure] failed while executing:
      /Users/zhanziyuan/Library/Android/sdk/cmake/3.22.1/bin/cmake \
        -H/Users/zhanziyuan/Documents/GitHub/EhViewer/app/src/main/cpp \
        -DCMAKE_SYSTEM_NAME=Android \
        -DCMAKE_EXPORT_COMPILE_COMMANDS=ON \
        -DCMAKE_SYSTEM_VERSION=26 \
        -DANDROID_PLATFORM=android-26 \
        -DANDROID_ABI=armeabi-v7a \
        -DCMAKE_ANDROID_ARCH_ABI=armeabi-v7a \
        -DANDROID_NDK=/Users/zhanziyuan/Library/Android/sdk/ndk/29.0.14206865 \
        -DCMAKE_ANDROID_NDK=/Users/zhanziyuan/Library/Android/sdk/ndk/29.0.14206865 \
        -DCMAKE_TOOLCHAIN_FILE=/Users/zhanziyuan/Library/Android/sdk/ndk/29.0.14206865/build/cmake/android.toolchain.cmake \
        -DCMAKE_MAKE_PROGRAM=/Users/zhanziyuan/Library/Android/sdk/cmake/3.22.1/bin/ninja \
        -DCMAKE_LIBRARY_OUTPUT_DIRECTORY=/Users/zhanziyuan/Documents/GitHub/EhViewer/app/build/intermediates/cxx/RelWithDebInfo/56n3v2n2/obj/armeabi-v7a \
        -DCMAKE_RUNTIME_OUTPUT_DIRECTORY=/Users/zhanziyuan/Documents/GitHub/EhViewer/app/build/intermediates/cxx/RelWithDebInfo/56n3v2n2/obj/armeabi-v7a \
        -DCMAKE_BUILD_TYPE=RelWithDebInfo \
        -B/Users/zhanziyuan/Documents/GitHub/EhViewer/app/.cxx/RelWithDebInfo/56n3v2n2/armeabi-v7a \
        -GNinja
    from /Users/zhanziyuan/Documents/GitHub/EhViewer/app
  CMake Error at /Users/zhanziyuan/Documents/GitHub/EhViewer/app/.cxx/RelWithDebInfo/56n3v2n2/armeabi-v7a/_deps/corrosion-src/cmake/FindRust.cmake:812 (message):
    Target thumbv7neon-linux-androideabi is not installed for toolchain
    nightly-2026-08-22-aarch64-apple-darwin.
  
    Help: Run `rustup target add --toolchain
    nightly-2026-08-22-aarch64-apple-darwin thumbv7neon-linux-androideabi` to
    install the missing target or configure corrosion with
    `Rust_RUSTUP_INSTALL_MISSING_TARGET=ON`.
  Call Stack (most recent call first):
    /Users/zhanziyuan/Documents/GitHub/EhViewer/app/.cxx/RelWithDebInfo/56n3v2n2/armeabi-v7a/_deps/corrosion-src/cmake/Corrosion.cmake:47 (find_package)
    /Users/zhanziyuan/Documents/GitHub/EhViewer/app/.cxx/RelWithDebInfo/56n3v2n2/armeabi-v7a/_deps/corrosion-src/CMakeLists.txt:30 (include) : com.android.ide.common.process.ProcessException: -- The C compiler identification is Clang 21.0.0
  -- Detecting C compiler ABI info
  -- Detecting C compiler ABI info - done
  -- Check for working C compiler: /Users/zhanziyuan/Library/Android/sdk/ndk/29.0.14206865/toolchains/llvm/prebuilt/darwin-x86_64/bin/clang - skipped
  -- Detecting C compile features
  -- Detecting C compile features - done
  -- Performing Test TUKLIB_LARGE_FILE_SUPPORT_BY_DEFAULT
  -- Performing Test TUKLIB_LARGE_FILE_SUPPORT_BY_DEFAULT - Failed
  -- Performing Test TUKLIB_LARGE_FILE_SUPPORT_WITH_FOB64
  -- Performing Test TUKLIB_LARGE_FILE_SUPPORT_WITH_FOB64 - Success
  -- Performing Test HAVE___BUILTIN_BSWAPXX
  -- Performing Test HAVE___BUILTIN_BSWAPXX - Success
  -- Check if unaligned memory access should be used
  -- Performing Test TUKLIB_FAST_UNALIGNED_DEFINED_BY_PREPROCESSOR
  -- Performing Test TUKLIB_FAST_UNALIGNED_DEFINED_BY_PREPROCESSOR - Success
  -- Check if unaligned memory access should be used - yes
  -- Performing Test HAVE___BUILTIN_ASSUME_ALIGNED
  -- Performing Test HAVE___BUILTIN_ASSUME_ALIGNED - Success
  -- Looking for clock_gettime
  -- Looking for clock_gettime - found
  -- Looking for CLOCK_MONOTONIC
  -- Looking for CLOCK_MONOTONIC - found
  -- Failed to find Gettext libintl (missing: Intl_LIBRARY Intl_INCLUDE_DIR) 
  -- Found Gettext: /opt/homebrew/bin/msgmerge (found version "1.0") 
  -- Performing Test HAVE_COMPILER_OPTION_-Wall
  -- Performing Test HAVE_COMPILER_OPTION_-Wall - Success
  -- Performing Test HAVE_COMPILER_OPTION_-Wextra
  -- Performing Test HAVE_COMPILER_OPTION_-Wextra - Success
  -- Performing Test HAVE_COMPILER_OPTION_-Wvla
  -- Performing Test HAVE_COMPILER_OPTION_-Wvla - Success
  -- Performing Test HAVE_COMPILER_OPTION_-Wformat_2
  -- Performing Test HAVE_COMPILER_OPTION_-Wformat_2 - Success
  -- Performing Test HAVE_COMPILER_OPTION_-Winit-self
  -- Performing Test HAVE_COMPILER_OPTION_-Winit-self - Success
  -- Performing Test HAVE_COMPILER_OPTION_-Wmissing-include-dirs
  -- Performing Test HAVE_COMPILER_OPTION_-Wmissing-include-dirs - Success
  -- Performing Test HAVE_COMPILER_OPTION_-Wshift-overflow_2
  -- Performing Test HAVE_COMPILER_OPTION_-Wshift-overflow_2 - Failed
  -- Performing Test HAVE_COMPILER_OPTION_-Wstrict-overflow_3
  -- Performing Test HAVE_COMPILER_OPTION_-Wstrict-overflow_3 - Success
  -- Performing Test HAVE_COMPILER_OPTION_-Walloc-zero
  -- Performing Test HAVE_COMPILER_OPTION_-Walloc-zero - Failed
  -- Performing Test HAVE_COMPILER_OPTION_-Wduplicated-cond
  -- Performing Test HAVE_COMPILER_OPTION_-Wduplicated-cond - Failed
  -- Performing Test HAVE_COMPILER_OPTION_-Wfloat-equal
  -- Performing Test HAVE_COMPILER_OPTION_-Wfloat-equal - Success
  -- Performing Test HAVE_COMPILER_OPTION_-Wundef
  -- Performing Test HAVE_COMPILER_OPTION_-Wundef - Success
  -- Performing Test HAVE_COMPILER_OPTION_-Wshadow
  -- Performing Test HAVE_COMPILER_OPTION_-Wshadow - Success
  -- Performing Test HAVE_COMPILER_OPTION_-Wpointer-arith
  -- Performing Test HAVE_COMPILER_OPTION_-Wpointer-arith - Success
  -- Performing Test HAVE_COMPILER_OPTION_-Wbad-function-cast
  -- Performing Test HAVE_COMPILER_OPTION_-Wbad-function-cast - Success
  -- Performing Test HAVE_COMPILER_OPTION_-Wwrite-strings
  -- Performing Test HAVE_COMPILER_OPTION_-Wwrite-strings - Success
  -- Performing Test HAVE_COMPILER_OPTION_-Wdate-time
  -- Performing Test HAVE_COMPILER_OPTION_-Wdate-time - Success
  -- Performing Test HAVE_COMPILER_OPTION_-Wsign-conversion
  -- Performing Test HAVE_COMPILER_OPTION_-Wsign-conversion - Success
  -- Performing Test HAVE_COMPILER_OPTION_-Wfloat-conversion
  -- Performing Test HAVE_COMPILER_OPTION_-Wfloat-conversion - Success
  -- Performing Test HAVE_COMPILER_OPTION_-Wlogical-op
  -- Performing Test HAVE_COMPILER_OPTION_-Wlogical-op - Failed
  -- Performing Test HAVE_COMPILER_OPTION_-Waggregate-return
  -- Performing Test HAVE_COMPILER_OPTION_-Waggregate-return - Success
  -- Performing Test HAVE_COMPILER_OPTION_-Wstrict-prototypes
  -- Performing Test HAVE_COMPILER_OPTION_-Wstrict-prototypes - Success
  -- Performing Test HAVE_COMPILER_OPTION_-Wold-style-definition
  -- Performing Test HAVE_COMPILER_OPTION_-Wold-style-definition - Success
  -- Performing Test HAVE_COMPILER_OPTION_-Wmissing-prototypes
  -- Performing Test HAVE_COMPILER_OPTION_-Wmissing-prototypes - Success
  -- Performing Test HAVE_COMPILER_OPTION_-Wmissing-declarations
  -- Performing Test HAVE_COMPILER_OPTION_-Wmissing-declarations - Success
  -- Performing Test HAVE_COMPILER_OPTION_-Wredundant-decls
  -- Performing Test HAVE_COMPILER_OPTION_-Wredundant-decls - Success
  -- Performing Test HAVE_COMPILER_OPTION_-Wimplicit-fallthrough
  -- Performing Test HAVE_COMPILER_OPTION_-Wimplicit-fallthrough - Success
  -- Performing Test HAVE_COMPILER_OPTION_-Wimplicit-fallthrough_5
  -- Performing Test HAVE_COMPILER_OPTION_-Wimplicit-fallthrough_5 - Failed
  -- Performing Test HAVE_COMPILER_OPTION_-Wc99-compat
  -- Performing Test HAVE_COMPILER_OPTION_-Wc99-compat - Success
  -- Performing Test HAVE_COMPILER_OPTION_-Wc11-extensions
  -- Performing Test HAVE_COMPILER_OPTION_-Wc11-extensions - Success
  -- Performing Test HAVE_COMPILER_OPTION_-Wc2x-compat
  -- Performing Test HAVE_COMPILER_OPTION_-Wc2x-compat - Success
  -- Performing Test HAVE_COMPILER_OPTION_-Wc2x-extensions
  -- Performing Test HAVE_COMPILER_OPTION_-Wc2x-extensions - Success
  -- Performing Test HAVE_COMPILER_OPTION_-Warray-bounds-pointer-arithmetic
  -- Performing Test HAVE_COMPILER_OPTION_-Warray-bounds-pointer-arithmetic - Success
  -- Performing Test HAVE_COMPILER_OPTION_-Wassign-enum
  -- Performing Test HAVE_COMPILER_OPTION_-Wassign-enum - Success
  -- Performing Test HAVE_COMPILER_OPTION_-Wconditional-uninitialized
  -- Performing Test HAVE_COMPILER_OPTION_-Wconditional-uninitialized - Success
  -- Performing Test HAVE_COMPILER_OPTION_-Wdocumentation
  -- Performing Test HAVE_COMPILER_OPTION_-Wdocumentation - Success
  -- Performing Test HAVE_COMPILER_OPTION_-Wduplicate-enum
  -- Performing Test HAVE_COMPILER_OPTION_-Wduplicate-enum - Success
  -- Performing Test HAVE_COMPILER_OPTION_-Wempty-translation-unit
  -- Performing Test HAVE_COMPILER_OPTION_-Wempty-translation-unit - Success
  -- Performing Test HAVE_COMPILER_OPTION_-Wextra-semi-stmt
  -- Performing Test HAVE_COMPILER_OPTION_-Wextra-semi-stmt - Success
  -- Performing Test HAVE_COMPILER_OPTION_-Wflexible-array-extensions
  -- Performing Test HAVE_COMPILER_OPTION_-Wflexible-array-extensions - Success
  -- Performing Test HAVE_COMPILER_OPTION_-Wmissing-variable-declarations
  -- Performing Test HAVE_COMPILER_OPTION_-Wmissing-variable-declarations - Success
  -- Performing Test HAVE_COMPILER_OPTION_-Wnewline-eof
  -- Performing Test HAVE_COMPILER_OPTION_-Wnewline-eof - Success
  -- Performing Test HAVE_COMPILER_OPTION_-Wshift-sign-overflow
  -- Performing Test HAVE_COMPILER_OPTION_-Wshift-sign-overflow - Success
  -- Performing Test HAVE_COMPILER_OPTION_-Wstring-conversion
  -- Performing Test HAVE_COMPILER_OPTION_-Wstring-conversion - Success
  -- Looking for pthread.h
  -- Looking for pthread.h - found
  -- Performing Test CMAKE_HAVE_LIBC_PTHREAD
  -- Performing Test CMAKE_HAVE_LIBC_PTHREAD - Failed
  -- Check if compiler accepts -pthread
  -- Check if compiler accepts -pthread - yes
  -- Found Threads: TRUE  
  -- Looking for pthread_condattr_setclock
  -- Looking for pthread_condattr_setclock - found
  -- Checking how to detect the number of available CPU cores
  -- Performing Test TUKLIB_CPUCORES_SCHED_GETAFFINITY
  -- Performing Test TUKLIB_CPUCORES_SCHED_GETAFFINITY - Success
  -- Checking how to detect the amount of physical memory
  -- Performing Test TUKLIB_PHYSMEM_SPECIAL
  -- Performing Test TUKLIB_PHYSMEM_SPECIAL - Failed
  -- Performing Test TUKLIB_PHYSMEM_AIX
  -- Performing Test TUKLIB_PHYSMEM_AIX - Failed
  -- Performing Test TUKLIB_PHYSMEM_SYSCONF
  -- Performing Test TUKLIB_PHYSMEM_SYSCONF - Success
  -- Performing Test HAVE_FUNC_ATTRIBUTE_CONSTRUCTOR
  -- Performing Test HAVE_FUNC_ATTRIBUTE_CONSTRUCTOR - Success
  -- Looking for cpuid.h
  -- Looking for cpuid.h - not found
  -- Looking for immintrin.h
  -- Looking for immintrin.h - not found
  -- Performing Test HAVE_ARM64_CRC32
  -- Performing Test HAVE_ARM64_CRC32 - Failed
  -- Performing Test HAVE_LOONGARCH_CRC32
  -- Performing Test HAVE_LOONGARCH_CRC32 - Failed
  -- Looking for getopt_long
  -- Looking for getopt_long - found
  -- Looking for cap_rights_limit
  -- Looking for cap_rights_limit - not found
  -- Looking for pledge
  -- Looking for pledge - not found
  -- Performing Test HAVE_LINUX_LANDLOCK
  -- Performing Test HAVE_LINUX_LANDLOCK - Success
  -- Could NOT find PkgConfig (missing: PKG_CONFIG_EXECUTABLE) 
  -- Found ZLIB: /Users/zhanziyuan/Library/Android/sdk/ndk/29.0.14206865/toolchains/llvm/prebuilt/darwin-x86_64/sysroot/usr/lib/arm-linux-androideabi/26/libz.so (found suitable version "1.3.0.1", minimum required is "1.2.1") 
  -- Could NOT find BZip2 (missing: BZIP2_LIBRARIES BZIP2_INCLUDE_DIR) 
  -- Could NOT find LibLZMA (missing: LIBLZMA_LIBRARY LIBLZMA_INCLUDE_DIR LIBLZMA_HAS_AUTO_DECODER LIBLZMA_HAS_EASY_ENCODER LIBLZMA_HAS_LZMA_PRESET) 
  -- Could NOT find LIBB2 (missing: LIBB2_LIBRARY LIBB2_INCLUDE_DIR) 
  -- Could NOT find LZ4 (missing: LZ4_LIBRARY LZ4_INCLUDE_DIR) 
  -- Checking for one of the modules 'libzstd'
  -- Could NOT find ZSTD (missing: ZSTD_LIBRARY ZSTD_INCLUDE_DIR) 
  -- Performing Test HAVE_DIRENT_H
  -- Performing Test HAVE_DIRENT_H - Success
  -- Looking for include file sys/types.h
  -- Looking for include file sys/types.h - found
  -- Looking for include files sys/types.h, acl/libacl.h
  -- Looking for include files sys/types.h, acl/libacl.h - not found
  -- Looking for include files sys/types.h, attr/xattr.h
  -- Looking for include files sys/types.h, attr/xattr.h - not found
  -- Looking for include files sys/types.h, ctype.h
  -- Looking for include files sys/types.h, ctype.h - found
  -- Looking for 3 include files sys/types.h, ..., copyfile.h
  -- Looking for 3 include files sys/types.h, ..., copyfile.h - not found
  -- Looking for 3 include files sys/types.h, ..., direct.h
  -- Looking for 3 include files sys/types.h, ..., direct.h - not found
  -- Looking for 3 include files sys/types.h, ..., dlfcn.h
  -- Looking for 3 include files sys/types.h, ..., dlfcn.h - found
  -- Looking for 4 include files sys/types.h, ..., errno.h
  -- Looking for 4 include files sys/types.h, ..., errno.h - found
  -- Looking for 5 include files sys/types.h, ..., ext2fs/ext2_fs.h
  -- Looking for 5 include files sys/types.h, ..., ext2fs/ext2_fs.h - not found
  -- Performing Test HAVE_WORKING_EXT2_IOC_GETFLAGS
  -- Performing Test HAVE_WORKING_EXT2_IOC_GETFLAGS - Failed
  -- Looking for 5 include files sys/types.h, ..., fcntl.h
  -- Looking for 5 include files sys/types.h, ..., fcntl.h - found
  -- Looking for 6 include files sys/types.h, ..., fnmatch.h
  -- Looking for 6 include files sys/types.h, ..., fnmatch.h - found
  -- Looking for 7 include files sys/types.h, ..., grp.h
  -- Looking for 7 include files sys/types.h, ..., grp.h - found
  -- Looking for 8 include files sys/types.h, ..., inttypes.h
  -- Looking for 8 include files sys/types.h, ..., inttypes.h - found
  -- Looking for 9 include files sys/types.h, ..., io.h
  -- Looking for 9 include files sys/types.h, ..., io.h - not found
  -- Looking for 9 include files sys/types.h, ..., langinfo.h
  -- Looking for 9 include files sys/types.h, ..., langinfo.h - found
  -- Looking for 10 include files sys/types.h, ..., limits.h
  -- Looking for 10 include files sys/types.h, ..., limits.h - found
  -- Looking for 11 include files sys/types.h, ..., linux/types.h
  -- Looking for 11 include files sys/types.h, ..., linux/types.h - found
  -- Looking for 12 include files sys/types.h, ..., linux/fiemap.h
  -- Looking for 12 include files sys/types.h, ..., linux/fiemap.h - found
  -- Looking for 13 include files sys/types.h, ..., linux/fs.h
  -- Looking for 13 include files sys/types.h, ..., linux/fs.h - found
  -- Performing Test HAVE_WORKING_FS_IOC_GETFLAGS
  -- Performing Test HAVE_WORKING_FS_IOC_GETFLAGS - Success
  -- Looking for 14 include files sys/types.h, ..., linux/magic.h
  -- Looking for 14 include files sys/types.h, ..., linux/magic.h - found
  -- Looking for 15 include files sys/types.h, ..., locale.h
  -- Looking for 15 include files sys/types.h, ..., locale.h - found
  -- Looking for 16 include files sys/types.h, ..., membership.h
  -- Looking for 16 include files sys/types.h, ..., membership.h - not found
  -- Looking for 16 include files sys/types.h, ..., memory.h
  -- Looking for 16 include files sys/types.h, ..., memory.h - found
  -- Looking for 17 include files sys/types.h, ..., paths.h
  -- Looking for 17 include files sys/types.h, ..., paths.h - found
  -- Looking for 18 include files sys/types.h, ..., poll.h
  -- Looking for 18 include files sys/types.h, ..., poll.h - found
  -- Looking for 19 include files sys/types.h, ..., process.h
  -- Looking for 19 include files sys/types.h, ..., process.h - not found
  -- Looking for 19 include files sys/types.h, ..., pthread.h
  -- Looking for 19 include files sys/types.h, ..., pthread.h - found
  -- Looking for 20 include files sys/types.h, ..., pwd.h
  -- Looking for 20 include files sys/types.h, ..., pwd.h - found
  -- Looking for 21 include files sys/types.h, ..., readpassphrase.h
  -- Looking for 21 include files sys/types.h, ..., readpassphrase.h - not found
  -- Looking for 21 include files sys/types.h, ..., regex.h
  -- Looking for 21 include files sys/types.h, ..., regex.h - found
  -- Looking for 22 include files sys/types.h, ..., signal.h
  -- Looking for 22 include files sys/types.h, ..., signal.h - found
  -- Looking for 23 include files sys/types.h, ..., spawn.h
  -- Looking for 23 include files sys/types.h, ..., spawn.h - found
  -- Looking for 24 include files sys/types.h, ..., stdarg.h
  -- Looking for 24 include files sys/types.h, ..., stdarg.h - found
  -- Looking for 25 include files sys/types.h, ..., stdint.h
  -- Looking for 25 include files sys/types.h, ..., stdint.h - found
  -- Looking for 26 include files sys/types.h, ..., stdio.h
  -- Looking for 26 include files sys/types.h, ..., stdio.h - found
  -- Looking for 27 include files sys/types.h, ..., stdlib.h
  -- Looking for 27 include files sys/types.h, ..., stdlib.h - found
  -- Looking for 28 include files sys/types.h, ..., string.h
  -- Looking for 28 include files sys/types.h, ..., string.h - found
  -- Looking for 29 include files sys/types.h, ..., strings.h
  -- Looking for 29 include files sys/types.h, ..., strings.h - found
  -- Looking for 30 include files sys/types.h, ..., sys/acl.h
  -- Looking for 30 include files sys/types.h, ..., sys/acl.h - not found
  -- Looking for 30 include files sys/types.h, ..., sys/cdefs.h
  -- Looking for 30 include files sys/types.h, ..., sys/cdefs.h - found
  -- Looking for 31 include files sys/types.h, ..., sys/extattr.h
  -- Looking for 31 include files sys/types.h, ..., sys/extattr.h - not found
  -- Looking for 31 include files sys/types.h, ..., sys/ioctl.h
  -- Looking for 31 include files sys/types.h, ..., sys/ioctl.h - found
  -- Looking for 32 include files sys/types.h, ..., sys/mkdev.h
  -- Looking for 32 include files sys/types.h, ..., sys/mkdev.h - not found
  -- Looking for 32 include files sys/types.h, ..., sys/mount.h
  -- Looking for 32 include files sys/types.h, ..., sys/mount.h - found
  -- Looking for 33 include files sys/types.h, ..., sys/param.h
  -- Looking for 33 include files sys/types.h, ..., sys/param.h - found
  -- Looking for 34 include files sys/types.h, ..., sys/poll.h
  -- Looking for 34 include files sys/types.h, ..., sys/poll.h - found
  -- Looking for 35 include files sys/types.h, ..., sys/richacl.h
  -- Looking for 35 include files sys/types.h, ..., sys/richacl.h - not found
  -- Looking for 35 include files sys/types.h, ..., sys/select.h
  -- Looking for 35 include files sys/types.h, ..., sys/select.h - found
  -- Looking for 36 include files sys/types.h, ..., sys/stat.h
  -- Looking for 36 include files sys/types.h, ..., sys/stat.h - found
  -- Looking for 37 include files sys/types.h, ..., sys/statfs.h
  -- Looking for 37 include files sys/types.h, ..., sys/statfs.h - found
  -- Looking for 38 include files sys/types.h, ..., sys/statvfs.h
  -- Looking for 38 include files sys/types.h, ..., sys/statvfs.h - found
  -- Looking for 39 include files sys/types.h, ..., sys/sysmacros.h
  -- Looking for 39 include files sys/types.h, ..., sys/sysmacros.h - found
  -- Looking for 40 include files sys/types.h, ..., sys/time.h
  -- Looking for 40 include files sys/types.h, ..., sys/time.h - found
  -- Looking for 41 include files sys/types.h, ..., sys/utime.h
  -- Looking for 41 include files sys/types.h, ..., sys/utime.h - not found
  -- Looking for 41 include files sys/types.h, ..., sys/utsname.h
  -- Looking for 41 include files sys/types.h, ..., sys/utsname.h - found
  -- Looking for 42 include files sys/types.h, ..., sys/vfs.h
  -- Looking for 42 include files sys/types.h, ..., sys/vfs.h - found
  -- Looking for 43 include files sys/types.h, ..., sys/wait.h
  -- Looking for 43 include files sys/types.h, ..., sys/wait.h - found
  -- Looking for 44 include files sys/types.h, ..., sys/xattr.h
  -- Looking for 44 include files sys/types.h, ..., sys/xattr.h - found
  -- Looking for 45 include files sys/types.h, ..., time.h
  -- Looking for 45 include files sys/types.h, ..., time.h - found
  -- Looking for 46 include files sys/types.h, ..., unistd.h
  -- Looking for 46 include files sys/types.h, ..., unistd.h - found
  -- Looking for 47 include files sys/types.h, ..., utime.h
  -- Looking for 47 include files sys/types.h, ..., utime.h - found
  -- Looking for 48 include files sys/types.h, ..., wchar.h
  -- Looking for 48 include files sys/types.h, ..., wchar.h - found
  -- Looking for 49 include files sys/types.h, ..., wctype.h
  -- Looking for 49 include files sys/types.h, ..., wctype.h - found
  -- Looking for 50 include files sys/types.h, ..., windows.h
  -- Looking for 50 include files sys/types.h, ..., windows.h - not found
  -- Looking for 50 include files sys/types.h, ..., bcrypt.h
  -- Looking for 50 include files sys/types.h, ..., bcrypt.h - not found
  -- Looking for 50 include files sys/types.h, ..., wincrypt.h
  -- Looking for 50 include files sys/types.h, ..., wincrypt.h - not found
  -- Looking for 50 include files sys/types.h, ..., winioctl.h
  -- Looking for 50 include files sys/types.h, ..., winioctl.h - not found
  -- Performing Test SAFE_TO_DEFINE_EXTENSIONS
  -- Performing Test SAFE_TO_DEFINE_EXTENSIONS - Success
  -- Looking for MD5Init in md
  -- Looking for MD5Init in md - not found
  -- Performing Test HAVE_ICONV_libc_const
  -- Performing Test HAVE_ICONV_libc_const - Failed
  -- Performing Test HAVE_ICONV_libc_
  -- Performing Test HAVE_ICONV_libc_ - Failed
  -- Could NOT find EXPAT (missing: EXPAT_LIBRARY EXPAT_INCLUDE_DIR) 
  -- Looking for regcomp
  -- Looking for regcomp - found
  -- Looking for _CrtSetReportMode
  -- Looking for _CrtSetReportMode - not found
  -- Looking for arc4random_buf
  -- Looking for arc4random_buf - found
  -- Looking for chflags
  -- Looking for chflags - not found
  -- Looking for chown
  -- Looking for chown - found
  -- Looking for chroot
  -- Looking for chroot - found
  -- Looking for closefrom
  -- Looking for closefrom - not found
  -- Looking for close_range
  -- Looking for close_range - not found
  -- Looking for ctime_r
  -- Looking for ctime_r - found
  -- Looking for fchdir
  -- Looking for fchdir - found
  -- Looking for fchflags
  -- Looking for fchflags - not found
  -- Looking for fchmod
  -- Looking for fchmod - found
  -- Looking for fchown
  -- Looking for fchown - found
  -- Looking for fcntl
  -- Looking for fcntl - found
  -- Looking for fdopendir
  -- Looking for fdopendir - found
  -- Looking for fnmatch
  -- Looking for fnmatch - found
  -- Looking for fork
  -- Looking for fork - found
  -- Looking for fstat
  -- Looking for fstat - found
  -- Looking for fstatat
  -- Looking for fstatat - found
  -- Looking for fstatfs
  -- Looking for fstatfs - found
  -- Looking for fstatvfs
  -- Looking for fstatvfs - found
  -- Looking for ftruncate
  -- Looking for ftruncate - found
  -- Looking for futimens
  -- Looking for futimens - found
  -- Looking for futimes
  -- Looking for futimes - found
  -- Looking for futimesat
  -- Looking for futimesat - found
  -- Looking for getegid
  -- Looking for getegid - found
  -- Looking for geteuid
  -- Looking for geteuid - found
  -- Looking for getgrgid_r
  -- Looking for getgrgid_r - found
  -- Looking for getgrnam_r
  -- Looking for getgrnam_r - found
  -- Looking for getline
  -- Looking for getline - found
  -- Looking for getpid
  -- Looking for getpid - found
  -- Looking for getpwnam_r
  -- Looking for getpwnam_r - found
  -- Looking for getpwuid_r
  -- Looking for getpwuid_r - found
  -- Looking for getresgid
  -- Looking for getresgid - found
  -- Looking for getresuid
  -- Looking for getresuid - found
  -- Looking for getvfsbyname
  -- Looking for getvfsbyname - not found
  -- Looking for gmtime_r
  -- Looking for gmtime_r - found
  -- Looking for issetugid
  -- Looking for issetugid - not found
  -- Looking for lchflags
  -- Looking for lchflags - not found
  -- Looking for lchmod
  -- Looking for lchmod - not found
  -- Looking for lchown
  -- Looking for lchown - found
  -- Looking for link
  -- Looking for link - found
  -- Looking for linkat
  -- Looking for linkat - found
  -- Looking for localtime_r
  -- Looking for localtime_r - found
  -- Looking for lstat
  -- Looking for lstat - found
  -- Looking for lutimes
  -- Looking for lutimes - found
  -- Looking for mbrtowc
  -- Looking for mbrtowc - found
  -- Looking for memmove
  -- Looking for memmove - found
  -- Looking for mkdir
  -- Looking for mkdir - found
  -- Looking for mkfifo
  -- Looking for mkfifo - found
  -- Looking for mknod
  -- Looking for mknod - found
  -- Looking for mkstemp
  -- Looking for mkstemp - found
  -- Looking for nl_langinfo
  -- Looking for nl_langinfo - found
  -- Looking for openat
  -- Looking for openat - found
  -- Looking for pipe
  -- Looking for pipe - found
  -- Looking for poll
  -- Looking for poll - found
  -- Looking for posix_spawn
  -- Looking for posix_spawn - not found
  -- Looking for posix_spawnp
  -- Looking for posix_spawnp - not found
  -- Looking for readlink
  -- Looking for readlink - found
  -- Looking for readpassphrase
  -- Looking for readpassphrase - not found
  -- Looking for select
  -- Looking for select - found
  -- Looking for setenv
  -- Looking for setenv - found
  -- Looking for setlocale
  -- Looking for setlocale - found
  -- Looking for sigaction
  -- Looking for sigaction - found
  -- Looking for statfs
  -- Looking for statfs - found
  -- Looking for statvfs
  -- Looking for statvfs - found
  -- Looking for strchr
  -- Looking for strchr - found
  -- Looking for strdup
  -- Looking for strdup - found
  -- Looking for strerror
  -- Looking for strerror - found
  -- Looking for strncpy_s
  -- Looking for strncpy_s - not found
  -- Looking for strnlen
  -- Looking for strnlen - found
  -- Looking for strrchr
  -- Looking for strrchr - found
  -- Looking for symlink
  -- Looking for symlink - found
  -- Looking for sysconf
  -- Looking for sysconf - found
  -- Looking for tcgetattr
  -- Looking for tcgetattr - found
  -- Looking for tcsetattr
  -- Looking for tcsetattr - found
  -- Looking for timegm
  -- Looking for timegm - found
  -- Looking for tzset
  -- Looking for tzset - found
  -- Looking for unlinkat
  -- Looking for unlinkat - found
  -- Looking for unsetenv
  -- Looking for unsetenv - found
  -- Looking for utime
  -- Looking for utime - found
  -- Looking for utimes
  -- Looking for utimes - found
  -- Looking for utimensat
  -- Looking for utimensat - found
  -- Looking for vfork
  -- Looking for vfork - found
  -- Looking for wcrtomb
  -- Looking for wcrtomb - found
  -- Looking for wcscmp
  -- Looking for wcscmp - found
  -- Looking for wcscpy
  -- Looking for wcscpy - found
  -- Looking for wcslen
  -- Looking for wcslen - found
  -- Looking for wctomb
  -- Looking for wctomb - found
  -- Looking for _fseeki64
  -- Looking for _fseeki64 - not found
  -- Looking for _get_timezone
  -- Looking for _get_timezone - not found
  -- Looking for ctime_s
  -- Looking for ctime_s - not found
  -- Looking for gmtime_s
  -- Looking for gmtime_s - not found
  -- Looking for localtime_s
  -- Looking for localtime_s - not found
  -- Looking for _mkgmtime
  -- Looking for _mkgmtime - not found
  -- Looking for cygwin_conv_path
  -- Looking for cygwin_conv_path - not found
  -- Looking for fseeko
  -- Looking for fseeko - found
  -- Looking for strerror_r
  -- Looking for strerror_r - found
  -- Looking for strftime
  -- Looking for strftime - found
  -- Looking for vprintf
  -- Looking for vprintf - found
  -- Looking for wmemcmp
  -- Looking for wmemcmp - found
  -- Looking for wmemcpy
  -- Looking for wmemcpy - found
  -- Looking for wmemmove
  -- Looking for wmemmove - found
  -- Performing Test HAVE_STRUCT_VFSCONF
  -- Performing Test HAVE_STRUCT_VFSCONF - Failed
  -- Performing Test HAVE_STRUCT_XVFSCONF
  -- Performing Test HAVE_STRUCT_XVFSCONF - Failed
  -- Performing Test HAVE_STRUCT_STATFS
  -- Performing Test HAVE_STRUCT_STATFS - Failed
  -- Performing Test HAVE_DIRFD
  -- Performing Test HAVE_DIRFD - Success
  -- Performing Test HAVE_READLINKAT
  -- Performing Test HAVE_READLINKAT - Success
  -- Performing Test MAJOR_IN_MKDEV
  -- Performing Test MAJOR_IN_MKDEV - Failed
  -- Performing Test MAJOR_IN_SYSMACROS
  -- Performing Test MAJOR_IN_SYSMACROS - Success
  -- Looking for EFTYPE
  -- Looking for EFTYPE - not found
  -- Looking for EILSEQ
  -- Looking for EILSEQ - found
  -- Looking for D_MD_ORDER
  -- Looking for D_MD_ORDER - not found
  -- Looking for INT32_MAX
  -- Looking for INT32_MAX - found
  -- Looking for INT32_MIN
  -- Looking for INT32_MIN - found
  -- Looking for INT64_MAX
  -- Looking for INT64_MAX - found
  -- Looking for INT64_MIN
  -- Looking for INT64_MIN - found
  -- Looking for INTMAX_MAX
  -- Looking for INTMAX_MAX - found
  -- Looking for INTMAX_MIN
  -- Looking for INTMAX_MIN - found
  -- Looking for UINT32_MAX
  -- Looking for UINT32_MAX - found
  -- Looking for UINT64_MAX
  -- Looking for UINT64_MAX - found
  -- Looking for UINTMAX_MAX
  -- Looking for UINTMAX_MAX - found
  -- Looking for SIZE_MAX
  -- Looking for SIZE_MAX - found
  -- Looking for SSIZE_MAX
  -- Looking for SSIZE_MAX - found
  -- Performing Test HAVE_STRUCT_TM_TM_GMTOFF
  -- Performing Test HAVE_STRUCT_TM_TM_GMTOFF - Success
  -- Performing Test HAVE_STRUCT_TM___TM_GMTOFF
  -- Performing Test HAVE_STRUCT_TM___TM_GMTOFF - Failed
  -- Performing Test HAVE_STRUCT_STAT_ST_BIRTHTIME
  -- Performing Test HAVE_STRUCT_STAT_ST_BIRTHTIME - Failed
  -- Performing Test HAVE_STRUCT_STAT_ST_BIRTHTIMESPEC_TV_NSEC
  -- Performing Test HAVE_STRUCT_STAT_ST_BIRTHTIMESPEC_TV_NSEC - Failed
  -- Performing Test HAVE_STRUCT_STAT_ST_MTIMESPEC_TV_NSEC
  -- Performing Test HAVE_STRUCT_STAT_ST_MTIMESPEC_TV_NSEC - Failed
  -- Performing Test HAVE_STRUCT_STAT_ST_MTIM_TV_NSEC
  -- Performing Test HAVE_STRUCT_STAT_ST_MTIM_TV_NSEC - Success
  -- Performing Test HAVE_STRUCT_STAT_ST_MTIME_N
  -- Performing Test HAVE_STRUCT_STAT_ST_MTIME_N - Failed
  -- Performing Test HAVE_STRUCT_STAT_ST_UMTIME
  -- Performing Test HAVE_STRUCT_STAT_ST_UMTIME - Failed
  -- Performing Test HAVE_STRUCT_STAT_ST_MTIME_USEC
  -- Performing Test HAVE_STRUCT_STAT_ST_MTIME_USEC - Failed
  -- Performing Test HAVE_STRUCT_STAT_ST_BLKSIZE
  -- Performing Test HAVE_STRUCT_STAT_ST_BLKSIZE - Success
  -- Performing Test HAVE_STRUCT_STAT_ST_FLAGS
  -- Performing Test HAVE_STRUCT_STAT_ST_FLAGS - Failed
  -- Performing Test HAVE_STRUCT_STATVFS_F_IOSIZE
  -- Performing Test HAVE_STRUCT_STATVFS_F_IOSIZE - Failed
  -- Looking for stddef.h
  -- Looking for stddef.h - found
  -- Check size of short
  -- Check size of short - done
  -- Check size of int
  -- Check size of int - done
  -- Check size of long
  -- Check size of long - done
  -- Check size of long long
  -- Check size of long long - done
  -- Check size of unsigned short
  -- Check size of unsigned short - done
  -- Check size of unsigned
  -- Check size of unsigned - done
  -- Check size of unsigned long
  -- Check size of unsigned long - done
  -- Check size of unsigned long long
  -- Check size of unsigned long long - done
  -- Check size of __int64
  -- Check size of __int64 - failed
  -- Check size of unsigned __int64
  -- Check size of unsigned __int64 - failed
  -- Check size of int16_t
  -- Check size of int16_t - done
  -- Check size of int32_t
  -- Check size of int32_t - done
  -- Check size of int64_t
  -- Check size of int64_t - done
  -- Check size of intmax_t
  -- Check size of intmax_t - done
  -- Check size of uint8_t
  -- Check size of uint8_t - done
  -- Check size of uint16_t
  -- Check size of uint16_t - done
  -- Check size of uint32_t
  -- Check size of uint32_t - done
  -- Check size of uint64_t
  -- Check size of uint64_t - done
  -- Check size of uintmax_t
  -- Check size of uintmax_t - done
  -- Check size of dev_t
  -- Check size of dev_t - done
  -- Check size of gid_t
  -- Check size of gid_t - done
  -- Check size of id_t
  -- Check size of id_t - done
  -- Check size of mode_t
  -- Check size of mode_t - done
  -- Check size of off_t
  -- Check size of off_t - done
  -- Check size of size_t
  -- Check size of size_t - done
  -- Check size of ssize_t
  -- Check size of ssize_t - done
  -- Check size of uid_t
  -- Check size of uid_t - done
  -- Check size of pid_t
  -- Check size of pid_t - done
  -- Check size of intptr_t
  -- Check size of intptr_t - done
  -- Check size of uintptr_t
  -- Check size of uintptr_t - done
  -- Check size of wchar_t
  -- Check size of wchar_t - done
  -- Checking _FILE_OFFSET_BITS for large files
  -- Checking _FILE_OFFSET_BITS for large files - needed
  -- Looking for setxattr in attr
  -- Looking for setxattr in attr - not found
  -- Looking for setxattr in gnu
  -- Looking for setxattr in gnu - not found
  -- Looking for EXTATTR_NAMESPACE_USER
  -- Looking for EXTATTR_NAMESPACE_USER - not found
  -- Looking for XATTR_NOFOLLOW
  -- Looking for XATTR_NOFOLLOW - not found
  -- Looking for fgetxattr
  -- Looking for fgetxattr - found
  -- Looking for flistxattr
  -- Looking for flistxattr - found
  -- Looking for fsetxattr
  -- Looking for fsetxattr - found
  -- Looking for getxattr
  -- Looking for getxattr - found
  -- Looking for lgetxattr
  -- Looking for lgetxattr - found
  -- Looking for listxattr
  -- Looking for listxattr - found
  -- Looking for llistxattr
  -- Looking for llistxattr - found
  -- Looking for lsetxattr
  -- Looking for lsetxattr - found
  -- Extended attributes support: Linux
  -- Looking for acl
  -- Looking for acl - not found
  -- Looking for facl
  -- Looking for facl - not found
  -- Looking for acl_get_file in acl
  -- Looking for acl_get_file in acl - not found
  -- Performing Test HAVE_ACL_T
  -- Performing Test HAVE_ACL_T - Failed
  -- Performing Test HAVE_ACL_ENTRY_T
  -- Performing Test HAVE_ACL_ENTRY_T - Failed
  -- Performing Test HAVE_ACL_PERMSET_T
  -- Performing Test HAVE_ACL_PERMSET_T - Failed
  -- Performing Test HAVE_ACL_TAG_T
  -- Performing Test HAVE_ACL_TAG_T - Failed
  -- Looking for richacl_get_file in richacl
  -- Looking for richacl_get_file in richacl - not found
  -- Performing Test HAVE_STRUCT_RICHACE
  -- Performing Test HAVE_STRUCT_RICHACE - Failed
  -- Performing Test HAVE_STRUCT_RICHACL
  -- Performing Test HAVE_STRUCT_RICHACL - Failed
  -- ACL support: none
  -- Checking support for ARCHIVE_CRYPTO_MD5_LIBC
  -- Checking support for ARCHIVE_CRYPTO_MD5_LIBC -- not found
  -- Checking support for ARCHIVE_CRYPTO_RMD160_LIBC
  -- Checking support for ARCHIVE_CRYPTO_RMD160_LIBC -- not found
  -- Checking support for ARCHIVE_CRYPTO_SHA1_LIBC
  -- Checking support for ARCHIVE_CRYPTO_SHA1_LIBC -- not found
  -- Checking support for ARCHIVE_CRYPTO_SHA256_LIBC
  -- Checking support for ARCHIVE_CRYPTO_SHA256_LIBC -- not found
  -- Checking support for ARCHIVE_CRYPTO_SHA384_LIBC
  -- Checking support for ARCHIVE_CRYPTO_SHA384_LIBC -- not found
  -- Checking support for ARCHIVE_CRYPTO_SHA512_LIBC
  -- Checking support for ARCHIVE_CRYPTO_SHA512_LIBC -- not found
  -- Checking support for ARCHIVE_CRYPTO_SHA256_LIBC2
  -- Checking support for ARCHIVE_CRYPTO_SHA256_LIBC2 -- not found
  -- Checking support for ARCHIVE_CRYPTO_SHA384_LIBC2
  -- Checking support for ARCHIVE_CRYPTO_SHA384_LIBC2 -- not found
  -- Checking support for ARCHIVE_CRYPTO_SHA512_LIBC2
  -- Checking support for ARCHIVE_CRYPTO_SHA512_LIBC2 -- not found
  -- Checking support for ARCHIVE_CRYPTO_SHA256_LIBC3
  -- Checking support for ARCHIVE_CRYPTO_SHA256_LIBC3 -- not found
  -- Checking support for ARCHIVE_CRYPTO_SHA384_LIBC3
  -- Checking support for ARCHIVE_CRYPTO_SHA384_LIBC3 -- not found
  -- Checking support for ARCHIVE_CRYPTO_SHA512_LIBC3
  -- Checking support for ARCHIVE_CRYPTO_SHA512_LIBC3 -- not found
  -- Checking support for ARCHIVE_CRYPTO_MD5_LIBSYSTEM
  -- Checking support for ARCHIVE_CRYPTO_MD5_LIBSYSTEM -- not found
  -- Checking support for ARCHIVE_CRYPTO_SHA1_LIBSYSTEM
  -- Checking support for ARCHIVE_CRYPTO_SHA1_LIBSYSTEM -- not found
  -- Checking support for ARCHIVE_CRYPTO_SHA256_LIBSYSTEM
  -- Checking support for ARCHIVE_CRYPTO_SHA256_LIBSYSTEM -- not found
  -- Checking support for ARCHIVE_CRYPTO_SHA384_LIBSYSTEM
  -- Checking support for ARCHIVE_CRYPTO_SHA384_LIBSYSTEM -- not found
  -- Checking support for ARCHIVE_CRYPTO_SHA512_LIBSYSTEM
  -- Checking support for ARCHIVE_CRYPTO_SHA512_LIBSYSTEM -- not found
  -- Checking support for ARCHIVE_CRYPTO_MD5_LIBMD
  -- Checking support for ARCHIVE_CRYPTO_MD5_LIBMD -- not found
  -- Checking support for ARCHIVE_CRYPTO_RMD160_LIBMD
  -- Checking support for ARCHIVE_CRYPTO_RMD160_LIBMD -- not found
  -- Checking support for ARCHIVE_CRYPTO_SHA1_LIBMD
  -- Checking support for ARCHIVE_CRYPTO_SHA1_LIBMD -- not found
  -- Checking support for ARCHIVE_CRYPTO_SHA256_LIBMD
  -- Checking support for ARCHIVE_CRYPTO_SHA256_LIBMD -- not found
  -- Checking support for ARCHIVE_CRYPTO_SHA512_LIBMD
  -- Checking support for ARCHIVE_CRYPTO_SHA512_LIBMD -- not found
  -- Performing Test HAVE_VISIBILITY_ATTR
  -- Performing Test HAVE_VISIBILITY_ATTR - Success
  -- Performing Test HAVE_BUILTIN_BSWAP16
  -- Performing Test HAVE_BUILTIN_BSWAP16 - Success
  -- Performing Test HAVE_BUILTIN_BSWAP32
  -- Performing Test HAVE_BUILTIN_BSWAP32 - Success
  -- Performing Test HAVE_BUILTIN_BSWAP64
  -- Performing Test HAVE_BUILTIN_BSWAP64 - Success
  -- Could NOT find OpenGL (missing: OPENGL_opengl_LIBRARY OPENGL_glx_LIBRARY OPENGL_INCLUDE_DIR) 
  -- Performing Test HAVE_MATH_LIBRARY
  -- Performing Test HAVE_MATH_LIBRARY - Success
  -- Found ZLIB: /Users/zhanziyuan/Library/Android/sdk/ndk/29.0.14206865/toolchains/llvm/prebuilt/darwin-x86_64/sysroot/usr/lib/arm-linux-androideabi/26/libz.so (found version "1.3.0.1") 
  -- Could NOT find PNG (missing: PNG_LIBRARY PNG_PNG_INCLUDE_DIR) 
  -- Could NOT find JPEG (missing: JPEG_LIBRARY JPEG_INCLUDE_DIR) 
  -- TIFF is disabled when statically linking.
  -- Could NOT find GIF (missing: GIF_LIBRARY GIF_INCLUDE_DIR) 
  -- Looking for include file GLUT/glut.h
  -- Looking for include file GLUT/glut.h - not found
  -- Looking for include file GL/glut.h
  -- Looking for include file GL/glut.h - not found
  -- Looking for include file OpenGL/glut.h
  -- Looking for include file OpenGL/glut.h - not found
  -- Looking for include file shlwapi.h
  -- Looking for include file shlwapi.h - not found
  -- Looking for include file wincodec.h
  -- Looking for include file wincodec.h - not found
  -- Performing Test WEBP_HAVE_FLAG_AVX2
  -- Performing Test WEBP_HAVE_FLAG_AVX2 - Failed
  -- Performing Test WEBP_HAVE_FLAG_AVX2
  -- Performing Test WEBP_HAVE_FLAG_AVX2 - Failed
  -- Performing Test HAS_COMPILE_FLAG
  -- Performing Test HAS_COMPILE_FLAG - Failed
  -- Performing Test WEBP_HAVE_FLAG_SSE41
  -- Performing Test WEBP_HAVE_FLAG_SSE41 - Failed
  -- Performing Test WEBP_HAVE_FLAG_SSE41
  -- Performing Test WEBP_HAVE_FLAG_SSE41 - Failed
  -- Performing Test HAS_COMPILE_FLAG
  -- Performing Test HAS_COMPILE_FLAG - Failed
  -- Performing Test WEBP_HAVE_FLAG_SSE2
  -- Performing Test WEBP_HAVE_FLAG_SSE2 - Failed
  -- Performing Test WEBP_HAVE_FLAG_SSE2
  -- Performing Test WEBP_HAVE_FLAG_SSE2 - Failed
  -- Performing Test HAS_COMPILE_FLAG
  -- Performing Test HAS_COMPILE_FLAG - Failed
  -- Performing Test WEBP_HAVE_FLAG_MIPS32
  -- Performing Test WEBP_HAVE_FLAG_MIPS32 - Failed
  -- Performing Test WEBP_HAVE_FLAG_MIPS32
  -- Performing Test WEBP_HAVE_FLAG_MIPS32 - Failed
  -- Performing Test WEBP_HAVE_FLAG_MIPS_DSP_R2
  -- Performing Test WEBP_HAVE_FLAG_MIPS_DSP_R2 - Failed
  -- Performing Test WEBP_HAVE_FLAG_MIPS_DSP_R2
  -- Performing Test WEBP_HAVE_FLAG_MIPS_DSP_R2 - Failed
  -- Performing Test HAS_COMPILE_FLAG
  -- Performing Test HAS_COMPILE_FLAG - Failed
  -- Performing Test WEBP_HAVE_FLAG_NEON
  -- Performing Test WEBP_HAVE_FLAG_NEON - Success
  -- Performing Test WEBP_HAVE_FLAG_MSA
  -- Performing Test WEBP_HAVE_FLAG_MSA - Failed
  -- Performing Test WEBP_HAVE_FLAG_MSA
  -- Performing Test WEBP_HAVE_FLAG_MSA - Failed
  -- Performing Test HAS_COMPILE_FLAG
  -- Performing Test HAS_COMPILE_FLAG - Failed
  -- Rust Toolchain: nightly-2026-08-22-aarch64-apple-darwin
  -- Rust Target: thumbv7neon-linux-androideabi
  -- Configuring incomplete, errors occurred!
  See also "/Users/zhanziyuan/Documents/GitHub/EhViewer/app/.cxx/RelWithDebInfo/56n3v2n2/armeabi-v7a/CMakeFiles/CMakeOutput.log".
  See also "/Users/zhanziyuan/Documents/GitHub/EhViewer/app/.cxx/RelWithDebInfo/56n3v2n2/armeabi-v7a/CMakeFiles/CMakeError.log".
  
  C++ build system [configure] failed while executing:
      /Users/zhanziyuan/Library/Android/sdk/cmake/3.22.1/bin/cmake \
        -H/Users/zhanziyuan/Documents/GitHub/EhViewer/app/src/main/cpp \
        -DCMAKE_SYSTEM_NAME=Android \
        -DCMAKE_EXPORT_COMPILE_COMMANDS=ON \
        -DCMAKE_SYSTEM_VERSION=26 \
        -DANDROID_PLATFORM=android-26 \
        -DANDROID_ABI=armeabi-v7a \
        -DCMAKE_ANDROID_ARCH_ABI=armeabi-v7a \
        -DANDROID_NDK=/Users/zhanziyuan/Library/Android/sdk/ndk/29.0.14206865 \
        -DCMAKE_ANDROID_NDK=/Users/zhanziyuan/Library/Android/sdk/ndk/29.0.14206865 \
        -DCMAKE_TOOLCHAIN_FILE=/Users/zhanziyuan/Library/Android/sdk/ndk/29.0.14206865/build/cmake/android.toolchain.cmake \
        -DCMAKE_MAKE_PROGRAM=/Users/zhanziyuan/Library/Android/sdk/cmake/3.22.1/bin/ninja \
        -DCMAKE_LIBRARY_OUTPUT_DIRECTORY=/Users/zhanziyuan/Documents/GitHub/EhViewer/app/build/intermediates/cxx/RelWithDebInfo/56n3v2n2/obj/armeabi-v7a \
        -DCMAKE_RUNTIME_OUTPUT_DIRECTORY=/Users/zhanziyuan/Documents/GitHub/EhViewer/app/build/intermediates/cxx/RelWithDebInfo/56n3v2n2/obj/armeabi-v7a \
        -DCMAKE_BUILD_TYPE=RelWithDebInfo \
        -B/Users/zhanziyuan/Documents/GitHub/EhViewer/app/.cxx/RelWithDebInfo/56n3v2n2/armeabi-v7a \
        -GNinja
    from /Users/zhanziyuan/Documents/GitHub/EhViewer/app
  CMake Error at /Users/zhanziyuan/Documents/GitHub/EhViewer/app/.cxx/RelWithDebInfo/56n3v2n2/armeabi-v7a/_deps/corrosion-src/cmake/FindRust.cmake:812 (message):
    Target thumbv7neon-linux-androideabi is not installed for toolchain
    nightly-2026-08-22-aarch64-apple-darwin.
  
    Help: Run `rustup target add --toolchain
    nightly-2026-08-22-aarch64-apple-darwin thumbv7neon-linux-androideabi` to
    install the missing target or configure corrosion with
    `Rust_RUSTUP_INSTALL_MISSING_TARGET=ON`.
  Call Stack (most recent call first):
    /Users/zhanziyuan/Documents/GitHub/EhViewer/app/.cxx/RelWithDebInfo/56n3v2n2/armeabi-v7a/_deps/corrosion-src/cmake/Corrosion.cmake:47 (find_package)
    /Users/zhanziyuan/Documents/GitHub/EhViewer/app/.cxx/RelWithDebInfo/56n3v2n2/armeabi-v7a/_deps/corrosion-src/CMakeLists.txt:30 (include)
  	at com.android.build.gradle.internal.cxx.process.ExecuteProcessKt.execute(ExecuteProcess.kt:260)
  	at com.android.build.gradle.internal.cxx.process.ExecuteProcessKt$executeProcess$1.invoke(ExecuteProcess.kt:95)
  	at com.android.build.gradle.internal.cxx.process.ExecuteProcessKt$executeProcess$1.invoke(ExecuteProcess.kt:93)
  	at com.android.build.gradle.internal.cxx.timing.TimingEnvironmentKt.time(TimingEnvironment.kt:28)
  	at com.android.build.gradle.internal.cxx.process.ExecuteProcessKt.executeProcess(ExecuteProcess.kt:93)
  	at com.android.build.gradle.internal.cxx.process.ExecuteProcessKt.executeProcess$default(ExecuteProcess.kt:70)
  	at com.android.build.gradle.tasks.CmakeQueryMetadataGenerator.executeProcess(CmakeFileApiMetadataGenerator.kt:55)
  	at com.android.build.gradle.tasks.ExternalNativeJsonGenerator$configureOneAbi$1$1$3.invoke(ExternalNativeJsonGenerator.kt:226)
  	at com.android.build.gradle.tasks.ExternalNativeJsonGenerator$configureOneAbi$1$1$3.invoke(ExternalNativeJsonGenerator.kt:226)
  	at com.android.build.gradle.internal.cxx.timing.TimingEnvironmentKt.time(TimingEnvironment.kt:28)
  	at com.android.build.gradle.tasks.ExternalNativeJsonGenerator.configureOneAbi(ExternalNativeJsonGenerator.kt:226)
  	at com.android.build.gradle.tasks.ExternalNativeJsonGenerator.configure(ExternalNativeJsonGenerator.kt:108)
  	at com.android.build.gradle.tasks.ExternalNativeBuildJsonTask.doTaskAction(ExternalNativeBuildJsonTask.kt:76)
  	at com.android.build.gradle.internal.tasks.UnsafeOutputsTask$taskAction$$inlined$recordTaskAction$1.invoke(BaseTask.kt:71)
  	at com.android.build.gradle.internal.tasks.Blocks.recordSpan(Blocks.java:51)
  	at com.android.build.gradle.internal.tasks.UnsafeOutputsTask.taskAction(UnsafeOutputsTask.kt:72)
  	at java.base/jdk.internal.reflect.DirectMethodHandleAccessor.invoke(Unknown Source)
  	at java.base/java.lang.reflect.Method.invoke(Unknown Source)
  	at org.gradle.internal.reflect.JavaMethod.invoke(JavaMethod.java:125)
  	at org.gradle.api.internal.project.taskfactory.StandardTaskAction.doExecute(StandardTaskAction.java:58)
  	at org.gradle.api.internal.project.taskfactory.StandardTaskAction.execute(StandardTaskAction.java:51)
  	at org.gradle.api.internal.project.taskfactory.StandardTaskAction.execute(StandardTaskAction.java:29)
  	at org.gradle.api.internal.tasks.execution.TaskExecution$3.run(TaskExecution.java:259)
  	at org.gradle.internal.operations.DefaultBuildOperationRunner$1.execute(DefaultBuildOperationRunner.java:30)
  	at org.gradle.internal.operations.DefaultBuildOperationRunner$1.execute(DefaultBuildOperationRunner.java:27)
  	at org.gradle.internal.operations.DefaultBuildOperationRunner$2.execute(DefaultBuildOperationRunner.java:67)
  	at org.gradle.internal.operations.DefaultBuildOperationRunner$2.execute(DefaultBuildOperationRunner.java:60)
  	at org.gradle.internal.operations.DefaultBuildOperationRunner.execute(DefaultBuildOperationRunner.java:167)
  	at org.gradle.internal.operations.DefaultBuildOperationRunner.execute(DefaultBuildOperationRunner.java:60)
  	at org.gradle.internal.operations.DefaultBuildOperationRunner.run(DefaultBuildOperationRunner.java:48)
  	at org.gradle.api.internal.tasks.execution.TaskExecution.executeAction(TaskExecution.java:244)
  	at org.gradle.api.internal.tasks.execution.TaskExecution.executeActions(TaskExecution.java:227)
  	at org.gradle.api.internal.tasks.execution.TaskExecution.executeWithPreviousOutputFiles(TaskExecution.java:210)
  	at org.gradle.api.internal.tasks.execution.TaskExecution.execute(TaskExecution.java:176)
  	at org.gradle.internal.execution.steps.ExecuteStep.executeInternal(ExecuteStep.java:167)
  	at org.gradle.internal.execution.steps.ExecuteStep.access$000(ExecuteStep.java:47)
  	at org.gradle.internal.execution.steps.ExecuteStep$1.call(ExecuteStep.java:137)
  	at org.gradle.internal.execution.steps.ExecuteStep$1.call(ExecuteStep.java:134)
  	at org.gradle.internal.operations.DefaultBuildOperationRunner$CallableBuildOperationWorker.execute(DefaultBuildOperationRunner.java:210)
  	at org.gradle.internal.operations.DefaultBuildOperationRunner$CallableBuildOperationWorker.execute(DefaultBuildOperationRunner.java:205)
  	at org.gradle.internal.operations.DefaultBuildOperationRunner$2.execute(DefaultBuildOperationRunner.java:67)
  	at org.gradle.internal.operations.DefaultBuildOperationRunner$2.execute(DefaultBuildOperationRunner.java:60)
  	at org.gradle.internal.operations.DefaultBuildOperationRunner.execute(DefaultBuildOperationRunner.java:167)
  	at org.gradle.internal.operations.DefaultBuildOperationRunner.execute(DefaultBuildOperationRunner.java:60)
  	at org.gradle.internal.operations.DefaultBuildOperationRunner.call(DefaultBuildOperationRunner.java:54)
  	at org.gradle.internal.execution.steps.ExecuteStep.execute(ExecuteStep.java:134)
  	at org.gradle.internal.execution.steps.ExecuteStep$Mutable.execute(ExecuteStep.java:80)
  	at org.gradle.internal.execution.steps.CancelExecutionStep.execute(CancelExecutionStep.java:42)
  	at org.gradle.internal.execution.steps.TimeoutStep.executeWithoutTimeout(TimeoutStep.java:75)
  	at org.gradle.internal.execution.steps.TimeoutStep.execute(TimeoutStep.java:55)
  	at org.gradle.internal.execution.steps.PreCreateOutputParentsStep.execute(PreCreateOutputParentsStep.java:51)
  	at org.gradle.internal.execution.steps.PreCreateOutputParentsStep.execute(PreCreateOutputParentsStep.java:29)
  	at org.gradle.internal.execution.steps.RemovePreviousOutputsStep.executeMutable(RemovePreviousOutputsStep.java:67)
  	at org.gradle.internal.execution.steps.RemovePreviousOutputsStep.executeMutable(RemovePreviousOutputsStep.java:39)
  	at org.gradle.internal.execution.steps.MutableStep.execute(MutableStep.java:26)
  	at org.gradle.internal.execution.steps.BroadcastChangingOutputsStep.execute(BroadcastChangingOutputsStep.java:42)
  	at org.gradle.internal.execution.steps.BroadcastChangingOutputsStep.execute(BroadcastChangingOutputsStep.java:24)
  	at org.gradle.internal.execution.steps.CaptureOutputsAfterExecutionStep.execute(CaptureOutputsAfterExecutionStep.java:69)
  	at org.gradle.internal.execution.steps.CaptureOutputsAfterExecutionStep.execute(CaptureOutputsAfterExecutionStep.java:46)
  	at org.gradle.internal.execution.steps.ResolveInputChangesStep.executeMutable(ResolveInputChangesStep.java:39)
  	at org.gradle.internal.execution.steps.ResolveInputChangesStep.executeMutable(ResolveInputChangesStep.java:28)
  	at org.gradle.internal.execution.steps.MutableStep.execute(MutableStep.java:26)
  	at org.gradle.internal.execution.steps.BuildCacheStep.executeWithoutCache(BuildCacheStep.java:189)
  	at org.gradle.internal.execution.steps.BuildCacheStep.lambda$execute$1(BuildCacheStep.java:76)
  	at org.gradle.internal.Either$Right.fold(Either.java:176)
  	at org.gradle.internal.execution.caching.CachingState.fold(CachingState.java:62)
  	at org.gradle.internal.execution.steps.BuildCacheStep.execute(BuildCacheStep.java:74)
  	at org.gradle.internal.execution.steps.BuildCacheStep.execute(BuildCacheStep.java:49)
  	at org.gradle.internal.execution.steps.StoreExecutionStateStep.executeMutable(StoreExecutionStateStep.java:46)
  	at org.gradle.internal.execution.steps.StoreExecutionStateStep.executeMutable(StoreExecutionStateStep.java:35)
  	at org.gradle.internal.execution.steps.MutableStep.execute(MutableStep.java:26)
  	at org.gradle.internal.execution.steps.SkipUpToDateStep.executeBecause(SkipUpToDateStep.java:75)
  	at org.gradle.internal.execution.steps.SkipUpToDateStep.lambda$execute$2(SkipUpToDateStep.java:53)
  	at java.base/java.util.Optional.orElseGet(Unknown Source)
  	at org.gradle.internal.execution.steps.SkipUpToDateStep.execute(SkipUpToDateStep.java:53)
  	at org.gradle.internal.execution.steps.SkipUpToDateStep.execute(SkipUpToDateStep.java:35)
  	at org.gradle.internal.execution.steps.legacy.MarkSnapshottingInputsFinishedStep.execute(MarkSnapshottingInputsFinishedStep.java:37)
  	at org.gradle.internal.execution.steps.legacy.MarkSnapshottingInputsFinishedStep.execute(MarkSnapshottingInputsFinishedStep.java:27)
  	at org.gradle.internal.execution.steps.ResolveMutableCachingStateStep.executeDelegate(ResolveMutableCachingStateStep.java:70)
  	at org.gradle.internal.execution.steps.ResolveMutableCachingStateStep.executeDelegate(ResolveMutableCachingStateStep.java:32)
  	at org.gradle.internal.execution.steps.AbstractResolveCachingStateStep.execute(AbstractResolveCachingStateStep.java:69)
  	at org.gradle.internal.execution.steps.AbstractResolveCachingStateStep.execute(AbstractResolveCachingStateStep.java:37)
  	at org.gradle.internal.execution.steps.ResolveChangesStep.executeMutable(ResolveChangesStep.java:63)
  	at org.gradle.internal.execution.steps.ResolveChangesStep.executeMutable(ResolveChangesStep.java:34)
  	at org.gradle.internal.execution.steps.MutableStep.execute(MutableStep.java:26)
  	at org.gradle.internal.execution.steps.ValidateStep$Mutable.executeDelegate(ValidateStep.java:79)
  	at org.gradle.internal.execution.steps.ValidateStep$Mutable.executeDelegate(ValidateStep.java:65)
  	at org.gradle.internal.execution.steps.ValidateStep.execute(ValidateStep.java:105)
  	at org.gradle.internal.execution.steps.ValidateStep$Mutable.execute(ValidateStep.java:65)
  	at org.gradle.internal.execution.steps.CaptureMutableStateBeforeExecutionStep.executeMutable(CaptureMutableStateBeforeExecutionStep.java:86)
  	at org.gradle.internal.execution.steps.CaptureMutableStateBeforeExecutionStep.execute(CaptureMutableStateBeforeExecutionStep.java:65)
  	at org.gradle.internal.execution.steps.CaptureMutableStateBeforeExecutionStep.execute(CaptureMutableStateBeforeExecutionStep.java:45)
  	at org.gradle.internal.execution.steps.SkipEmptyMutableWorkStep.executeWithNonEmptySources(SkipEmptyMutableWorkStep.java:210)
  	at org.gradle.internal.execution.steps.SkipEmptyMutableWorkStep.executeMutable(SkipEmptyMutableWorkStep.java:85)
  	at org.gradle.internal.execution.steps.SkipEmptyMutableWorkStep.executeMutable(SkipEmptyMutableWorkStep.java:53)
  	at org.gradle.internal.execution.steps.MutableStep.execute(MutableStep.java:26)
  	at org.gradle.internal.execution.steps.legacy.MarkSnapshottingInputsStartedStep.execute(MarkSnapshottingInputsStartedStep.java:38)
  	at org.gradle.internal.execution.steps.LoadPreviousExecutionStateStep.executeMutable(LoadPreviousExecutionStateStep.java:36)
  	at org.gradle.internal.execution.steps.LoadPreviousExecutionStateStep.executeMutable(LoadPreviousExecutionStateStep.java:23)
  	at org.gradle.internal.execution.steps.MutableStep.execute(MutableStep.java:26)
  	at org.gradle.internal.execution.steps.HandleStaleOutputsStep.executeMutable(HandleStaleOutputsStep.java:77)
  	at org.gradle.internal.execution.steps.HandleStaleOutputsStep.executeMutable(HandleStaleOutputsStep.java:43)
  	at org.gradle.internal.execution.steps.MutableStep.execute(MutableStep.java:26)
  	at org.gradle.internal.execution.steps.AssignMutableWorkspaceStep.lambda$executeMutable$0(AssignMutableWorkspaceStep.java:34)
  	at org.gradle.api.internal.tasks.execution.TaskExecution$4.withWorkspace(TaskExecution.java:305)
  	at org.gradle.internal.execution.steps.AssignMutableWorkspaceStep.executeMutable(AssignMutableWorkspaceStep.java:30)
  	at org.gradle.internal.execution.steps.AssignMutableWorkspaceStep.executeMutable(AssignMutableWorkspaceStep.java:21)
  	at org.gradle.internal.execution.steps.MutableStep.execute(MutableStep.java:26)
  	at org.gradle.internal.execution.steps.ChoosePipelineStep.execute(ChoosePipelineStep.java:40)
  	at org.gradle.internal.execution.steps.ChoosePipelineStep.execute(ChoosePipelineStep.java:23)
  	at org.gradle.internal.execution.steps.ExecuteWorkBuildOperationFiringStep.lambda$execute$2(ExecuteWorkBuildOperationFiringStep.java:67)
  	at java.base/java.util.Optional.orElseGet(Unknown Source)
  	at org.gradle.internal.execution.steps.ExecuteWorkBuildOperationFiringStep.execute(ExecuteWorkBuildOperationFiringStep.java:67)
  	at org.gradle.internal.execution.steps.ExecuteWorkBuildOperationFiringStep.execute(ExecuteWorkBuildOperationFiringStep.java:39)
  	at org.gradle.internal.execution.steps.IdentityCacheStep.execute(IdentityCacheStep.java:46)
  	at org.gradle.internal.execution.steps.IdentityCacheStep.execute(IdentityCacheStep.java:34)
  	at org.gradle.internal.execution.steps.IdentifyStep.execute(IdentifyStep.java:56)
  	at org.gradle.internal.execution.steps.IdentifyStep.execute(IdentifyStep.java:38)
  	at org.gradle.internal.execution.impl.DefaultExecutionEngine$1.execute(DefaultExecutionEngine.java:68)
  	at org.gradle.api.internal.tasks.execution.ExecuteActionsTaskExecuter.executeIfValid(ExecuteActionsTaskExecuter.java:132)
  	at org.gradle.api.internal.tasks.execution.ExecuteActionsTaskExecuter.execute(ExecuteActionsTaskExecuter.java:121)
  	at org.gradle.api.internal.tasks.execution.ProblemsTaskPathTrackingTaskExecuter.execute(ProblemsTaskPathTrackingTaskExecuter.java:41)
  	at org.gradle.api.internal.tasks.execution.ResolveTaskExecutionModeExecuter.execute(ResolveTaskExecutionModeExecuter.java:51)
  	at org.gradle.api.internal.tasks.execution.FinalizePropertiesTaskExecuter.execute(FinalizePropertiesTaskExecuter.java:46)
  	at org.gradle.api.internal.tasks.execution.SkipTaskWithNoActionsExecuter.execute(SkipTaskWithNoActionsExecuter.java:57)
  	at org.gradle.api.internal.tasks.execution.SkipOnlyIfTaskExecuter.execute(SkipOnlyIfTaskExecuter.java:74)
  	at org.gradle.api.internal.tasks.execution.CatchExceptionTaskExecuter.execute(CatchExceptionTaskExecuter.java:36)
  	at org.gradle.api.internal.tasks.execution.EventFiringTaskExecuter$1.executeTask(EventFiringTaskExecuter.java:77)
  	at org.gradle.api.internal.tasks.execution.EventFiringTaskExecuter$1.call(EventFiringTaskExecuter.java:55)
  	at org.gradle.api.internal.tasks.execution.EventFiringTaskExecuter$1.call(EventFiringTaskExecuter.java:52)
  	at org.gradle.internal.operations.DefaultBuildOperationRunner$CallableBuildOperationWorker.execute(DefaultBuildOperationRunner.java:210)
  	at org.gradle.internal.operations.DefaultBuildOperationRunner$CallableBuildOperationWorker.execute(DefaultBuildOperationRunner.java:205)
  	at org.gradle.internal.operations.DefaultBuildOperationRunner$2.execute(DefaultBuildOperationRunner.java:67)
  	at org.gradle.internal.operations.DefaultBuildOperationRunner$2.execute(DefaultBuildOperationRunner.java:60)
  	at org.gradle.internal.operations.DefaultBuildOperationRunner.execute(DefaultBuildOperationRunner.java:167)
  	at org.gradle.internal.operations.DefaultBuildOperationRunner.execute(DefaultBuildOperationRunner.java:60)
  	at org.gradle.internal.operations.DefaultBuildOperationRunner.call(DefaultBuildOperationRunner.java:54)
  	at org.gradle.api.internal.tasks.execution.EventFiringTaskExecuter.execute(EventFiringTaskExecuter.java:52)
  	at org.gradle.execution.plan.DefaultNodeExecutor.executeLocalTaskNode(DefaultNodeExecutor.java:55)
  	at org.gradle.execution.plan.DefaultNodeExecutor.execute(DefaultNodeExecutor.java:34)
  	at org.gradle.execution.taskgraph.DefaultTaskExecutionGraph$InvokeNodeExecutorsAction.execute(DefaultTaskExecutionGraph.java:355)
  	at org.gradle.execution.taskgraph.DefaultTaskExecutionGraph$InvokeNodeExecutorsAction.execute(DefaultTaskExecutionGraph.java:343)
  	at org.gradle.execution.taskgraph.DefaultTaskExecutionGraph$BuildOperationAwareExecutionAction.lambda$execute$0(DefaultTaskExecutionGraph.java:339)
  	at org.gradle.internal.operations.CurrentBuildOperationRef.with(CurrentBuildOperationRef.java:84)
  	at org.gradle.execution.taskgraph.DefaultTaskExecutionGraph$BuildOperationAwareExecutionAction.execute(DefaultTaskExecutionGraph.java:339)
  	at org.gradle.execution.taskgraph.DefaultTaskExecutionGraph$BuildOperationAwareExecutionAction.execute(DefaultTaskExecutionGraph.java:328)
  	at org.gradle.execution.plan.DefaultPlanExecutor$ExecutorWorker.execute(DefaultPlanExecutor.java:459)
  	at org.gradle.execution.plan.DefaultPlanExecutor$ExecutorWorker.run(DefaultPlanExecutor.java:376)
  	at org.gradle.internal.concurrent.ExecutorPolicy$CatchAndRecordFailures.onExecute(ExecutorPolicy.java:65)
  	at org.gradle.internal.concurrent.AbstractManagedExecutor$1.run(AbstractManagedExecutor.java:47)
  	at java.base/java.util.concurrent.ThreadPoolExecutor.runWorker(Unknown Source)
  	at java.base/java.util.concurrent.ThreadPoolExecutor$Worker.run(Unknown Source)
  	at java.base/java.lang.Thread.run(Unknown Source)
  Caused by: com.android.ide.common.process.ProcessException: -- The C compiler identification is Clang 21.0.0
  -- Detecting C compiler ABI info
  -- Detecting C compiler ABI info - done
  -- Check for working C compiler: /Users/zhanziyuan/Library/Android/sdk/ndk/29.0.14206865/toolchains/llvm/prebuilt/darwin-x86_64/bin/clang - skipped
  -- Detecting C compile features
  -- Detecting C compile features - done
  -- Performing Test TUKLIB_LARGE_FILE_SUPPORT_BY_DEFAULT
  -- Performing Test TUKLIB_LARGE_FILE_SUPPORT_BY_DEFAULT - Failed
  -- Performing Test TUKLIB_LARGE_FILE_SUPPORT_WITH_FOB64
  -- Performing Test TUKLIB_LARGE_FILE_SUPPORT_WITH_FOB64 - Success
  -- Performing Test HAVE___BUILTIN_BSWAPXX
  -- Performing Test HAVE___BUILTIN_BSWAPXX - Success
  -- Check if unaligned memory access should be used
  -- Performing Test TUKLIB_FAST_UNALIGNED_DEFINED_BY_PREPROCESSOR
  -- Performing Test TUKLIB_FAST_UNALIGNED_DEFINED_BY_PREPROCESSOR - Success
  -- Check if unaligned memory access should be used - yes
  -- Performing Test HAVE___BUILTIN_ASSUME_ALIGNED
  -- Performing Test HAVE___BUILTIN_ASSUME_ALIGNED - Success
  -- Looking for clock_gettime
  -- Looking for clock_gettime - found
  -- Looking for CLOCK_MONOTONIC
  -- Looking for CLOCK_MONOTONIC - found
  -- Failed to find Gettext libintl (missing: Intl_LIBRARY Intl_INCLUDE_DIR) 
  -- Found Gettext: /opt/homebrew/bin/msgmerge (found version "1.0") 
  -- Performing Test HAVE_COMPILER_OPTION_-Wall
  -- Performing Test HAVE_COMPILER_OPTION_-Wall - Success
  -- Performing Test HAVE_COMPILER_OPTION_-Wextra
  -- Performing Test HAVE_COMPILER_OPTION_-Wextra - Success
  -- Performing Test HAVE_COMPILER_OPTION_-Wvla
  -- Performing Test HAVE_COMPILER_OPTION_-Wvla - Success
  -- Performing Test HAVE_COMPILER_OPTION_-Wformat_2
  -- Performing Test HAVE_COMPILER_OPTION_-Wformat_2 - Success
  -- Performing Test HAVE_COMPILER_OPTION_-Winit-self
  -- Performing Test HAVE_COMPILER_OPTION_-Winit-self - Success
  -- Performing Test HAVE_COMPILER_OPTION_-Wmissing-include-dirs
  -- Performing Test HAVE_COMPILER_OPTION_-Wmissing-include-dirs - Success
  -- Performing Test HAVE_COMPILER_OPTION_-Wshift-overflow_2
  -- Performing Test HAVE_COMPILER_OPTION_-Wshift-overflow_2 - Failed
  -- Performing Test HAVE_COMPILER_OPTION_-Wstrict-overflow_3
  -- Performing Test HAVE_COMPILER_OPTION_-Wstrict-overflow_3 - Success
  -- Performing Test HAVE_COMPILER_OPTION_-Walloc-zero
  -- Performing Test HAVE_COMPILER_OPTION_-Walloc-zero - Failed
  -- Performing Test HAVE_COMPILER_OPTION_-Wduplicated-cond
  -- Performing Test HAVE_COMPILER_OPTION_-Wduplicated-cond - Failed
  -- Performing Test HAVE_COMPILER_OPTION_-Wfloat-equal
  -- Performing Test HAVE_COMPILER_OPTION_-Wfloat-equal - Success
  -- Performing Test HAVE_COMPILER_OPTION_-Wundef
  -- Performing Test HAVE_COMPILER_OPTION_-Wundef - Success
  -- Performing Test HAVE_COMPILER_OPTION_-Wshadow
  -- Performing Test HAVE_COMPILER_OPTION_-Wshadow - Success
  -- Performing Test HAVE_COMPILER_OPTION_-Wpointer-arith
  -- Performing Test HAVE_COMPILER_OPTION_-Wpointer-arith - Success
  -- Performing Test HAVE_COMPILER_OPTION_-Wbad-function-cast
  -- Performing Test HAVE_COMPILER_OPTION_-Wbad-function-cast - Success
  -- Performing Test HAVE_COMPILER_OPTION_-Wwrite-strings
  -- Performing Test HAVE_COMPILER_OPTION_-Wwrite-strings - Success
  -- Performing Test HAVE_COMPILER_OPTION_-Wdate-time
  -- Performing Test HAVE_COMPILER_OPTION_-Wdate-time - Success
  -- Performing Test HAVE_COMPILER_OPTION_-Wsign-conversion
  -- Performing Test HAVE_COMPILER_OPTION_-Wsign-conversion - Success
  -- Performing Test HAVE_COMPILER_OPTION_-Wfloat-conversion
  -- Performing Test HAVE_COMPILER_OPTION_-Wfloat-conversion - Success
  -- Performing Test HAVE_COMPILER_OPTION_-Wlogical-op
  -- Performing Test HAVE_COMPILER_OPTION_-Wlogical-op - Failed
  -- Performing Test HAVE_COMPILER_OPTION_-Waggregate-return
  -- Performing Test HAVE_COMPILER_OPTION_-Waggregate-return - Success
  -- Performing Test HAVE_COMPILER_OPTION_-Wstrict-prototypes
  -- Performing Test HAVE_COMPILER_OPTION_-Wstrict-prototypes - Success
  -- Performing Test HAVE_COMPILER_OPTION_-Wold-style-definition
  -- Performing Test HAVE_COMPILER_OPTION_-Wold-style-definition - Success
  -- Performing Test HAVE_COMPILER_OPTION_-Wmissing-prototypes
  -- Performing Test HAVE_COMPILER_OPTION_-Wmissing-prototypes - Success
  -- Performing Test HAVE_COMPILER_OPTION_-Wmissing-declarations
  -- Performing Test HAVE_COMPILER_OPTION_-Wmissing-declarations - Success
  -- Performing Test HAVE_COMPILER_OPTION_-Wredundant-decls
  -- Performing Test HAVE_COMPILER_OPTION_-Wredundant-decls - Success
  -- Performing Test HAVE_COMPILER_OPTION_-Wimplicit-fallthrough
  -- Performing Test HAVE_COMPILER_OPTION_-Wimplicit-fallthrough - Success
  -- Performing Test HAVE_COMPILER_OPTION_-Wimplicit-fallthrough_5
  -- Performing Test HAVE_COMPILER_OPTION_-Wimplicit-fallthrough_5 - Failed
  -- Performing Test HAVE_COMPILER_OPTION_-Wc99-compat
  -- Performing Test HAVE_COMPILER_OPTION_-Wc99-compat - Success
  -- Performing Test HAVE_COMPILER_OPTION_-Wc11-extensions
  -- Performing Test HAVE_COMPILER_OPTION_-Wc11-extensions - Success
  -- Performing Test HAVE_COMPILER_OPTION_-Wc2x-compat
  -- Performing Test HAVE_COMPILER_OPTION_-Wc2x-compat - Success
  -- Performing Test HAVE_COMPILER_OPTION_-Wc2x-extensions
  -- Performing Test HAVE_COMPILER_OPTION_-Wc2x-extensions - Success
  -- Performing Test HAVE_COMPILER_OPTION_-Warray-bounds-pointer-arithmetic
  -- Performing Test HAVE_COMPILER_OPTION_-Warray-bounds-pointer-arithmetic - Success
  -- Performing Test HAVE_COMPILER_OPTION_-Wassign-enum
  -- Performing Test HAVE_COMPILER_OPTION_-Wassign-enum - Success
  -- Performing Test HAVE_COMPILER_OPTION_-Wconditional-uninitialized
  -- Performing Test HAVE_COMPILER_OPTION_-Wconditional-uninitialized - Success
  -- Performing Test HAVE_COMPILER_OPTION_-Wdocumentation
  -- Performing Test HAVE_COMPILER_OPTION_-Wdocumentation - Success
  -- Performing Test HAVE_COMPILER_OPTION_-Wduplicate-enum
  -- Performing Test HAVE_COMPILER_OPTION_-Wduplicate-enum - Success
  -- Performing Test HAVE_COMPILER_OPTION_-Wempty-translation-unit
  -- Performing Test HAVE_COMPILER_OPTION_-Wempty-translation-unit - Success
  -- Performing Test HAVE_COMPILER_OPTION_-Wextra-semi-stmt
  -- Performing Test HAVE_COMPILER_OPTION_-Wextra-semi-stmt - Success
  -- Performing Test HAVE_COMPILER_OPTION_-Wflexible-array-extensions
  -- Performing Test HAVE_COMPILER_OPTION_-Wflexible-array-extensions - Success
  -- Performing Test HAVE_COMPILER_OPTION_-Wmissing-variable-declarations
  -- Performing Test HAVE_COMPILER_OPTION_-Wmissing-variable-declarations - Success
  -- Performing Test HAVE_COMPILER_OPTION_-Wnewline-eof
  -- Performing Test HAVE_COMPILER_OPTION_-Wnewline-eof - Success
  -- Performing Test HAVE_COMPILER_OPTION_-Wshift-sign-overflow
  -- Performing Test HAVE_COMPILER_OPTION_-Wshift-sign-overflow - Success
  -- Performing Test HAVE_COMPILER_OPTION_-Wstring-conversion
  -- Performing Test HAVE_COMPILER_OPTION_-Wstring-conversion - Success
  -- Looking for pthread.h
  -- Looking for pthread.h - found
  -- Performing Test CMAKE_HAVE_LIBC_PTHREAD
  -- Performing Test CMAKE_HAVE_LIBC_PTHREAD - Failed
  -- Check if compiler accepts -pthread
  -- Check if compiler accepts -pthread - yes
  -- Found Threads: TRUE  
  -- Looking for pthread_condattr_setclock
  -- Looking for pthread_condattr_setclock - found
  -- Checking how to detect the number of available CPU cores
  -- Performing Test TUKLIB_CPUCORES_SCHED_GETAFFINITY
  -- Performing Test TUKLIB_CPUCORES_SCHED_GETAFFINITY - Success
  -- Checking how to detect the amount of physical memory
  -- Performing Test TUKLIB_PHYSMEM_SPECIAL
  -- Performing Test TUKLIB_PHYSMEM_SPECIAL - Failed
  -- Performing Test TUKLIB_PHYSMEM_AIX
  -- Performing Test TUKLIB_PHYSMEM_AIX - Failed
  -- Performing Test TUKLIB_PHYSMEM_SYSCONF
  -- Performing Test TUKLIB_PHYSMEM_SYSCONF - Success
  -- Performing Test HAVE_FUNC_ATTRIBUTE_CONSTRUCTOR
  -- Performing Test HAVE_FUNC_ATTRIBUTE_CONSTRUCTOR - Success
  -- Looking for cpuid.h
  -- Looking for cpuid.h - not found
  -- Looking for immintrin.h
  -- Looking for immintrin.h - not found
  -- Performing Test HAVE_ARM64_CRC32
  -- Performing Test HAVE_ARM64_CRC32 - Failed
  -- Performing Test HAVE_LOONGARCH_CRC32
  -- Performing Test HAVE_LOONGARCH_CRC32 - Failed
  -- Looking for getopt_long
  -- Looking for getopt_long - found
  -- Looking for cap_rights_limit
  -- Looking for cap_rights_limit - not found
  -- Looking for pledge
  -- Looking for pledge - not found
  -- Performing Test HAVE_LINUX_LANDLOCK
  -- Performing Test HAVE_LINUX_LANDLOCK - Success
  -- Could NOT find PkgConfig (missing: PKG_CONFIG_EXECUTABLE) 
  -- Found ZLIB: /Users/zhanziyuan/Library/Android/sdk/ndk/29.0.14206865/toolchains/llvm/prebuilt/darwin-x86_64/sysroot/usr/lib/arm-linux-androideabi/26/libz.so (found suitable version "1.3.0.1", minimum required is "1.2.1") 
  -- Could NOT find BZip2 (missing: BZIP2_LIBRARIES BZIP2_INCLUDE_DIR) 
  -- Could NOT find LibLZMA (missing: LIBLZMA_LIBRARY LIBLZMA_INCLUDE_DIR LIBLZMA_HAS_AUTO_DECODER LIBLZMA_HAS_EASY_ENCODER LIBLZMA_HAS_LZMA_PRESET) 
  -- Could NOT find LIBB2 (missing: LIBB2_LIBRARY LIBB2_INCLUDE_DIR) 
  -- Could NOT find LZ4 (missing: LZ4_LIBRARY LZ4_INCLUDE_DIR) 
  -- Checking for one of the modules 'libzstd'
  -- Could NOT find ZSTD (missing: ZSTD_LIBRARY ZSTD_INCLUDE_DIR) 
  -- Performing Test HAVE_DIRENT_H
  -- Performing Test HAVE_DIRENT_H - Success
  -- Looking for include file sys/types.h
  -- Looking for include file sys/types.h - found
  -- Looking for include files sys/types.h, acl/libacl.h
  -- Looking for include files sys/types.h, acl/libacl.h - not found
  -- Looking for include files sys/types.h, attr/xattr.h
  -- Looking for include files sys/types.h, attr/xattr.h - not found
  -- Looking for include files sys/types.h, ctype.h
  -- Looking for include files sys/types.h, ctype.h - found
  -- Looking for 3 include files sys/types.h, ..., copyfile.h
  -- Looking for 3 include files sys/types.h, ..., copyfile.h - not found
  -- Looking for 3 include files sys/types.h, ..., direct.h
  -- Looking for 3 include files sys/types.h, ..., direct.h - not found
  -- Looking for 3 include files sys/types.h, ..., dlfcn.h
  -- Looking for 3 include files sys/types.h, ..., dlfcn.h - found
  -- Looking for 4 include files sys/types.h, ..., errno.h
  -- Looking for 4 include files sys/types.h, ..., errno.h - found
  -- Looking for 5 include files sys/types.h, ..., ext2fs/ext2_fs.h
  -- Looking for 5 include files sys/types.h, ..., ext2fs/ext2_fs.h - not found
  -- Performing Test HAVE_WORKING_EXT2_IOC_GETFLAGS
  -- Performing Test HAVE_WORKING_EXT2_IOC_GETFLAGS - Failed
  -- Looking for 5 include files sys/types.h, ..., fcntl.h
  -- Looking for 5 include files sys/types.h, ..., fcntl.h - found
  -- Looking for 6 include files sys/types.h, ..., fnmatch.h
  -- Looking for 6 include files sys/types.h, ..., fnmatch.h - found
  -- Looking for 7 include files sys/types.h, ..., grp.h
  -- Looking for 7 include files sys/types.h, ..., grp.h - found
  -- Looking for 8 include files sys/types.h, ..., inttypes.h
  -- Looking for 8 include files sys/types.h, ..., inttypes.h - found
  -- Looking for 9 include files sys/types.h, ..., io.h
  -- Looking for 9 include files sys/types.h, ..., io.h - not found
  -- Looking for 9 include files sys/types.h, ..., langinfo.h
  -- Looking for 9 include files sys/types.h, ..., langinfo.h - found
  -- Looking for 10 include files sys/types.h, ..., limits.h
  -- Looking for 10 include files sys/types.h, ..., limits.h - found
  -- Looking for 11 include files sys/types.h, ..., linux/types.h
  -- Looking for 11 include files sys/types.h, ..., linux/types.h - found
  -- Looking for 12 include files sys/types.h, ..., linux/fiemap.h
  -- Looking for 12 include files sys/types.h, ..., linux/fiemap.h - found
  -- Looking for 13 include files sys/types.h, ..., linux/fs.h
  -- Looking for 13 include files sys/types.h, ..., linux/fs.h - found
  -- Performing Test HAVE_WORKING_FS_IOC_GETFLAGS
  -- Performing Test HAVE_WORKING_FS_IOC_GETFLAGS - Success
  -- Looking for 14 include files sys/types.h, ..., linux/magic.h
  -- Looking for 14 include files sys/types.h, ..., linux/magic.h - found
  -- Looking for 15 include files sys/types.h, ..., locale.h
  -- Looking for 15 include files sys/types.h, ..., locale.h - found
  -- Looking for 16 include files sys/types.h, ..., membership.h
  -- Looking for 16 include files sys/types.h, ..., membership.h - not found
  -- Looking for 16 include files sys/types.h, ..., memory.h
  -- Looking for 16 include files sys/types.h, ..., memory.h - found
  -- Looking for 17 include files sys/types.h, ..., paths.h
  -- Looking for 17 include files sys/types.h, ..., paths.h - found
  -- Looking for 18 include files sys/types.h, ..., poll.h
  -- Looking for 18 include files sys/types.h, ..., poll.h - found
  -- Looking for 19 include files sys/types.h, ..., process.h
  -- Looking for 19 include files sys/types.h, ..., process.h - not found
  -- Looking for 19 include files sys/types.h, ..., pthread.h
  -- Looking for 19 include files sys/types.h, ..., pthread.h - found
  -- Looking for 20 include files sys/types.h, ..., pwd.h
  -- Looking for 20 include files sys/types.h, ..., pwd.h - found
  -- Looking for 21 include files sys/types.h, ..., readpassphrase.h
  -- Looking for 21 include files sys/types.h, ..., readpassphrase.h - not found
  -- Looking for 21 include files sys/types.h, ..., regex.h
  -- Looking for 21 include files sys/types.h, ..., regex.h - found
  -- Looking for 22 include files sys/types.h, ..., signal.h
  -- Looking for 22 include files sys/types.h, ..., signal.h - found
  -- Looking for 23 include files sys/types.h, ..., spawn.h
  -- Looking for 23 include files sys/types.h, ..., spawn.h - found
  -- Looking for 24 include files sys/types.h, ..., stdarg.h
  -- Looking for 24 include files sys/types.h, ..., stdarg.h - found
  -- Looking for 25 include files sys/types.h, ..., stdint.h
  -- Looking for 25 include files sys/types.h, ..., stdint.h - found
  -- Looking for 26 include files sys/types.h, ..., stdio.h
  -- Looking for 26 include files sys/types.h, ..., stdio.h - found
  -- Looking for 27 include files sys/types.h, ..., stdlib.h
  -- Looking for 27 include files sys/types.h, ..., stdlib.h - found
  -- Looking for 28 include files sys/types.h, ..., string.h
  -- Looking for 28 include files sys/types.h, ..., string.h - found
  -- Looking for 29 include files sys/types.h, ..., strings.h
  -- Looking for 29 include files sys/types.h, ..., strings.h - found
  -- Looking for 30 include files sys/types.h, ..., sys/acl.h
  -- Looking for 30 include files sys/types.h, ..., sys/acl.h - not found
  -- Looking for 30 include files sys/types.h, ..., sys/cdefs.h
  -- Looking for 30 include files sys/types.h, ..., sys/cdefs.h - found
  -- Looking for 31 include files sys/types.h, ..., sys/extattr.h
  -- Looking for 31 include files sys/types.h, ..., sys/extattr.h - not found
  -- Looking for 31 include files sys/types.h, ..., sys/ioctl.h
  -- Looking for 31 include files sys/types.h, ..., sys/ioctl.h - found
  -- Looking for 32 include files sys/types.h, ..., sys/mkdev.h
  -- Looking for 32 include files sys/types.h, ..., sys/mkdev.h - not found
  -- Looking for 32 include files sys/types.h, ..., sys/mount.h
  -- Looking for 32 include files sys/types.h, ..., sys/mount.h - found
  -- Looking for 33 include files sys/types.h, ..., sys/param.h
  -- Looking for 33 include files sys/types.h, ..., sys/param.h - found
  -- Looking for 34 include files sys/types.h, ..., sys/poll.h
  -- Looking for 34 include files sys/types.h, ..., sys/poll.h - found
  -- Looking for 35 include files sys/types.h, ..., sys/richacl.h
  -- Looking for 35 include files sys/types.h, ..., sys/richacl.h - not found
  -- Looking for 35 include files sys/types.h, ..., sys/select.h
  -- Looking for 35 include files sys/types.h, ..., sys/select.h - found
  -- Looking for 36 include files sys/types.h, ..., sys/stat.h
  -- Looking for 36 include files sys/types.h, ..., sys/stat.h - found
  -- Looking for 37 include files sys/types.h, ..., sys/statfs.h
  -- Looking for 37 include files sys/types.h, ..., sys/statfs.h - found
  -- Looking for 38 include files sys/types.h, ..., sys/statvfs.h
  -- Looking for 38 include files sys/types.h, ..., sys/statvfs.h - found
  -- Looking for 39 include files sys/types.h, ..., sys/sysmacros.h
  -- Looking for 39 include files sys/types.h, ..., sys/sysmacros.h - found
  -- Looking for 40 include files sys/types.h, ..., sys/time.h
  -- Looking for 40 include files sys/types.h, ..., sys/time.h - found
  -- Looking for 41 include files sys/types.h, ..., sys/utime.h
  -- Looking for 41 include files sys/types.h, ..., sys/utime.h - not found
  -- Looking for 41 include files sys/types.h, ..., sys/utsname.h
  -- Looking for 41 include files sys/types.h, ..., sys/utsname.h - found
  -- Looking for 42 include files sys/types.h, ..., sys/vfs.h
  -- Looking for 42 include files sys/types.h, ..., sys/vfs.h - found
  -- Looking for 43 include files sys/types.h, ..., sys/wait.h
  -- Looking for 43 include files sys/types.h, ..., sys/wait.h - found
  -- Looking for 44 include files sys/types.h, ..., sys/xattr.h
  -- Looking for 44 include files sys/types.h, ..., sys/xattr.h - found
  -- Looking for 45 include files sys/types.h, ..., time.h
  -- Looking for 45 include files sys/types.h, ..., time.h - found
  -- Looking for 46 include files sys/types.h, ..., unistd.h
  -- Looking for 46 include files sys/types.h, ..., unistd.h - found
  -- Looking for 47 include files sys/types.h, ..., utime.h
  -- Looking for 47 include files sys/types.h, ..., utime.h - found
  -- Looking for 48 include files sys/types.h, ..., wchar.h
  -- Looking for 48 include files sys/types.h, ..., wchar.h - found
  -- Looking for 49 include files sys/types.h, ..., wctype.h
  -- Looking for 49 include files sys/types.h, ..., wctype.h - found
  -- Looking for 50 include files sys/types.h, ..., windows.h
  -- Looking for 50 include files sys/types.h, ..., windows.h - not found
  -- Looking for 50 include files sys/types.h, ..., bcrypt.h
  -- Looking for 50 include files sys/types.h, ..., bcrypt.h - not found
  -- Looking for 50 include files sys/types.h, ..., wincrypt.h
  -- Looking for 50 include files sys/types.h, ..., wincrypt.h - not found
  -- Looking for 50 include files sys/types.h, ..., winioctl.h
  -- Looking for 50 include files sys/types.h, ..., winioctl.h - not found
  -- Performing Test SAFE_TO_DEFINE_EXTENSIONS
  -- Performing Test SAFE_TO_DEFINE_EXTENSIONS - Success
  -- Looking for MD5Init in md
  -- Looking for MD5Init in md - not found
  -- Performing Test HAVE_ICONV_libc_const
  -- Performing Test HAVE_ICONV_libc_const - Failed
  -- Performing Test HAVE_ICONV_libc_
  -- Performing Test HAVE_ICONV_libc_ - Failed
  -- Could NOT find EXPAT (missing: EXPAT_LIBRARY EXPAT_INCLUDE_DIR) 
  -- Looking for regcomp
  -- Looking for regcomp - found
  -- Looking for _CrtSetReportMode
  -- Looking for _CrtSetReportMode - not found
  -- Looking for arc4random_buf
  -- Looking for arc4random_buf - found
  -- Looking for chflags
  -- Looking for chflags - not found
  -- Looking for chown
  -- Looking for chown - found
  -- Looking for chroot
  -- Looking for chroot - found
  -- Looking for closefrom
  -- Looking for closefrom - not found
  -- Looking for close_range
  -- Looking for close_range - not found
  -- Looking for ctime_r
  -- Looking for ctime_r - found
  -- Looking for fchdir
  -- Looking for fchdir - found
  -- Looking for fchflags
  -- Looking for fchflags - not found
  -- Looking for fchmod
  -- Looking for fchmod - found
  -- Looking for fchown
  -- Looking for fchown - found
  -- Looking for fcntl
  -- Looking for fcntl - found
  -- Looking for fdopendir
  -- Looking for fdopendir - found
  -- Looking for fnmatch
  -- Looking for fnmatch - found
  -- Looking for fork
  -- Looking for fork - found
  -- Looking for fstat
  -- Looking for fstat - found
  -- Looking for fstatat
  -- Looking for fstatat - found
  -- Looking for fstatfs
  -- Looking for fstatfs - found
  -- Looking for fstatvfs
  -- Looking for fstatvfs - found
  -- Looking for ftruncate
  -- Looking for ftruncate - found
  -- Looking for futimens
  -- Looking for futimens - found
  -- Looking for futimes
  -- Looking for futimes - found
  -- Looking for futimesat
  -- Looking for futimesat - found
  -- Looking for getegid
  -- Looking for getegid - found
  -- Looking for geteuid
  -- Looking for geteuid - found
  -- Looking for getgrgid_r
  -- Looking for getgrgid_r - found
  -- Looking for getgrnam_r
  -- Looking for getgrnam_r - found
  -- Looking for getline
  -- Looking for getline - found
  -- Looking for getpid
  -- Looking for getpid - found
  -- Looking for getpwnam_r
  -- Looking for getpwnam_r - found
  -- Looking for getpwuid_r
  -- Looking for getpwuid_r - found
  -- Looking for getresgid
  -- Looking for getresgid - found
  -- Looking for getresuid
  -- Looking for getresuid - found
  -- Looking for getvfsbyname
  -- Looking for getvfsbyname - not found
  -- Looking for gmtime_r
  -- Looking for gmtime_r - found
  -- Looking for issetugid
  -- Looking for issetugid - not found
  -- Looking for lchflags
  -- Looking for lchflags - not found
  -- Looking for lchmod
  -- Looking for lchmod - not found
  -- Looking for lchown
  -- Looking for lchown - found
  -- Looking for link
  -- Looking for link - found
  -- Looking for linkat
  -- Looking for linkat - found
  -- Looking for localtime_r
  -- Looking for localtime_r - found
  -- Looking for lstat
  -- Looking for lstat - found
  -- Looking for lutimes
  -- Looking for lutimes - found
  -- Looking for mbrtowc
  -- Looking for mbrtowc - found
  -- Looking for memmove
  -- Looking for memmove - found
  -- Looking for mkdir
  -- Looking for mkdir - found
  -- Looking for mkfifo
  -- Looking for mkfifo - found
  -- Looking for mknod
  -- Looking for mknod - found
  -- Looking for mkstemp
  -- Looking for mkstemp - found
  -- Looking for nl_langinfo
  -- Looking for nl_langinfo - found
  -- Looking for openat
  -- Looking for openat - found
  -- Looking for pipe
  -- Looking for pipe - found
  -- Looking for poll
  -- Looking for poll - found
  -- Looking for posix_spawn
  -- Looking for posix_spawn - not found
  -- Looking for posix_spawnp
  -- Looking for posix_spawnp - not found
  -- Looking for readlink
  -- Looking for readlink - found
  -- Looking for readpassphrase
  -- Looking for readpassphrase - not found
  -- Looking for select
  -- Looking for select - found
  -- Looking for setenv
  -- Looking for setenv - found
  -- Looking for setlocale
  -- Looking for setlocale - found
  -- Looking for sigaction
  -- Looking for sigaction - found
  -- Looking for statfs
  -- Looking for statfs - found
  -- Looking for statvfs
  -- Looking for statvfs - found
  -- Looking for strchr
  -- Looking for strchr - found
  -- Looking for strdup
  -- Looking for strdup - found
  -- Looking for strerror
  -- Looking for strerror - found
  -- Looking for strncpy_s
  -- Looking for strncpy_s - not found
  -- Looking for strnlen
  -- Looking for strnlen - found
  -- Looking for strrchr
  -- Looking for strrchr - found
  -- Looking for symlink
  -- Looking for symlink - found
  -- Looking for sysconf
  -- Looking for sysconf - found
  -- Looking for tcgetattr
  -- Looking for tcgetattr - found
  -- Looking for tcsetattr
  -- Looking for tcsetattr - found
  -- Looking for timegm
  -- Looking for timegm - found
  -- Looking for tzset
  -- Looking for tzset - found
  -- Looking for unlinkat
  -- Looking for unlinkat - found
  -- Looking for unsetenv
  -- Looking for unsetenv - found
  -- Looking for utime
  -- Looking for utime - found
  -- Looking for utimes
  -- Looking for utimes - found
  -- Looking for utimensat
  -- Looking for utimensat - found
  -- Looking for vfork
  -- Looking for vfork - found
  -- Looking for wcrtomb
  -- Looking for wcrtomb - found
  -- Looking for wcscmp
  -- Looking for wcscmp - found
  -- Looking for wcscpy
  -- Looking for wcscpy - found
  -- Looking for wcslen
  -- Looking for wcslen - found
  -- Looking for wctomb
  -- Looking for wctomb - found
  -- Looking for _fseeki64
  -- Looking for _fseeki64 - not found
  -- Looking for _get_timezone
  -- Looking for _get_timezone - not found
  -- Looking for ctime_s
  -- Looking for ctime_s - not found
  -- Looking for gmtime_s
  -- Looking for gmtime_s - not found
  -- Looking for localtime_s
  -- Looking for localtime_s - not found
  -- Looking for _mkgmtime
  -- Looking for _mkgmtime - not found
  -- Looking for cygwin_conv_path
  -- Looking for cygwin_conv_path - not found
  -- Looking for fseeko
  -- Looking for fseeko - found
  -- Looking for strerror_r
  -- Looking for strerror_r - found
  -- Looking for strftime
  -- Looking for strftime - found
  -- Looking for vprintf
  -- Looking for vprintf - found
  -- Looking for wmemcmp
  -- Looking for wmemcmp - found
  -- Looking for wmemcpy
  -- Looking for wmemcpy - found
  -- Looking for wmemmove
  -- Looking for wmemmove - found
  -- Performing Test HAVE_STRUCT_VFSCONF
  -- Performing Test HAVE_STRUCT_VFSCONF - Failed
  -- Performing Test HAVE_STRUCT_XVFSCONF
  -- Performing Test HAVE_STRUCT_XVFSCONF - Failed
  -- Performing Test HAVE_STRUCT_STATFS
  -- Performing Test HAVE_STRUCT_STATFS - Failed
  -- Performing Test HAVE_DIRFD
  -- Performing Test HAVE_DIRFD - Success
  -- Performing Test HAVE_READLINKAT
  -- Performing Test HAVE_READLINKAT - Success
  -- Performing Test MAJOR_IN_MKDEV
  -- Performing Test MAJOR_IN_MKDEV - Failed
  -- Performing Test MAJOR_IN_SYSMACROS
  -- Performing Test MAJOR_IN_SYSMACROS - Success
  -- Looking for EFTYPE
  -- Looking for EFTYPE - not found
  -- Looking for EILSEQ
  -- Looking for EILSEQ - found
  -- Looking for D_MD_ORDER
  -- Looking for D_MD_ORDER - not found
  -- Looking for INT32_MAX
  -- Looking for INT32_MAX - found
  -- Looking for INT32_MIN
  -- Looking for INT32_MIN - found
  -- Looking for INT64_MAX
  -- Looking for INT64_MAX - found
  -- Looking for INT64_MIN
  -- Looking for INT64_MIN - found
  -- Looking for INTMAX_MAX
  -- Looking for INTMAX_MAX - found
  -- Looking for INTMAX_MIN
  -- Looking for INTMAX_MIN - found
  -- Looking for UINT32_MAX
  -- Looking for UINT32_MAX - found
  -- Looking for UINT64_MAX
  -- Looking for UINT64_MAX - found
  -- Looking for UINTMAX_MAX
  -- Looking for UINTMAX_MAX - found
  -- Looking for SIZE_MAX
  -- Looking for SIZE_MAX - found
  -- Looking for SSIZE_MAX
  -- Looking for SSIZE_MAX - found
  -- Performing Test HAVE_STRUCT_TM_TM_GMTOFF
  -- Performing Test HAVE_STRUCT_TM_TM_GMTOFF - Success
  -- Performing Test HAVE_STRUCT_TM___TM_GMTOFF
  -- Performing Test HAVE_STRUCT_TM___TM_GMTOFF - Failed
  -- Performing Test HAVE_STRUCT_STAT_ST_BIRTHTIME
  -- Performing Test HAVE_STRUCT_STAT_ST_BIRTHTIME - Failed
  -- Performing Test HAVE_STRUCT_STAT_ST_BIRTHTIMESPEC_TV_NSEC
  -- Performing Test HAVE_STRUCT_STAT_ST_BIRTHTIMESPEC_TV_NSEC - Failed
  -- Performing Test HAVE_STRUCT_STAT_ST_MTIMESPEC_TV_NSEC
  -- Performing Test HAVE_STRUCT_STAT_ST_MTIMESPEC_TV_NSEC - Failed
  -- Performing Test HAVE_STRUCT_STAT_ST_MTIM_TV_NSEC
  -- Performing Test HAVE_STRUCT_STAT_ST_MTIM_TV_NSEC - Success
  -- Performing Test HAVE_STRUCT_STAT_ST_MTIME_N
  -- Performing Test HAVE_STRUCT_STAT_ST_MTIME_N - Failed
  -- Performing Test HAVE_STRUCT_STAT_ST_UMTIME
  -- Performing Test HAVE_STRUCT_STAT_ST_UMTIME - Failed
  -- Performing Test HAVE_STRUCT_STAT_ST_MTIME_USEC
  -- Performing Test HAVE_STRUCT_STAT_ST_MTIME_USEC - Failed
  -- Performing Test HAVE_STRUCT_STAT_ST_BLKSIZE
  -- Performing Test HAVE_STRUCT_STAT_ST_BLKSIZE - Success
  -- Performing Test HAVE_STRUCT_STAT_ST_FLAGS
  -- Performing Test HAVE_STRUCT_STAT_ST_FLAGS - Failed
  -- Performing Test HAVE_STRUCT_STATVFS_F_IOSIZE
  -- Performing Test HAVE_STRUCT_STATVFS_F_IOSIZE - Failed
  -- Looking for stddef.h
  -- Looking for stddef.h - found
  -- Check size of short
  -- Check size of short - done
  -- Check size of int
  -- Check size of int - done
  -- Check size of long
  -- Check size of long - done
  -- Check size of long long
  -- Check size of long long - done
  -- Check size of unsigned short
  -- Check size of unsigned short - done
  -- Check size of unsigned
  -- Check size of unsigned - done
  -- Check size of unsigned long
  -- Check size of unsigned long - done
  -- Check size of unsigned long long
  -- Check size of unsigned long long - done
  -- Check size of __int64
  -- Check size of __int64 - failed
  -- Check size of unsigned __int64
  -- Check size of unsigned __int64 - failed
  -- Check size of int16_t
  -- Check size of int16_t - done
  -- Check size of int32_t
  -- Check size of int32_t - done
  -- Check size of int64_t
  -- Check size of int64_t - done
  -- Check size of intmax_t
  -- Check size of intmax_t - done
  -- Check size of uint8_t
  -- Check size of uint8_t - done
  -- Check size of uint16_t
  -- Check size of uint16_t - done
  -- Check size of uint32_t
  -- Check size of uint32_t - done
  -- Check size of uint64_t
  -- Check size of uint64_t - done
  -- Check size of uintmax_t
  -- Check size of uintmax_t - done
  -- Check size of dev_t
  -- Check size of dev_t - done
  -- Check size of gid_t
  -- Check size of gid_t - done
  -- Check size of id_t
  -- Check size of id_t - done
  -- Check size of mode_t
  -- Check size of mode_t - done
  -- Check size of off_t
  -- Check size of off_t - done
  -- Check size of size_t
  -- Check size of size_t - done
  -- Check size of ssize_t
  -- Check size of ssize_t - done
  -- Check size of uid_t
  -- Check size of uid_t - done
  -- Check size of pid_t
  -- Check size of pid_t - done
  -- Check size of intptr_t
  -- Check size of intptr_t - done
  -- Check size of uintptr_t
  -- Check size of uintptr_t - done
  -- Check size of wchar_t
  -- Check size of wchar_t - done
  -- Checking _FILE_OFFSET_BITS for large files
  -- Checking _FILE_OFFSET_BITS for large files - needed
  -- Looking for setxattr in attr
  -- Looking for setxattr in attr - not found
  -- Looking for setxattr in gnu
  -- Looking for setxattr in gnu - not found
  -- Looking for EXTATTR_NAMESPACE_USER
  -- Looking for EXTATTR_NAMESPACE_USER - not found
  -- Looking for XATTR_NOFOLLOW
  -- Looking for XATTR_NOFOLLOW - not found
  -- Looking for fgetxattr
  -- Looking for fgetxattr - found
  -- Looking for flistxattr
  -- Looking for flistxattr - found
  -- Looking for fsetxattr
  -- Looking for fsetxattr - found
  -- Looking for getxattr
  -- Looking for getxattr - found
  -- Looking for lgetxattr
  -- Looking for lgetxattr - found
  -- Looking for listxattr
  -- Looking for listxattr - found
  -- Looking for llistxattr
  -- Looking for llistxattr - found
  -- Looking for lsetxattr
  -- Looking for lsetxattr - found
  -- Extended attributes support: Linux
  -- Looking for acl
  -- Looking for acl - not found
  -- Looking for facl
  -- Looking for facl - not found
  -- Looking for acl_get_file in acl
  -- Looking for acl_get_file in acl - not found
  -- Performing Test HAVE_ACL_T
  -- Performing Test HAVE_ACL_T - Failed
  -- Performing Test HAVE_ACL_ENTRY_T
  -- Performing Test HAVE_ACL_ENTRY_T - Failed
  -- Performing Test HAVE_ACL_PERMSET_T
  -- Performing Test HAVE_ACL_PERMSET_T - Failed
  -- Performing Test HAVE_ACL_TAG_T
  -- Performing Test HAVE_ACL_TAG_T - Failed
  -- Looking for richacl_get_file in richacl
  -- Looking for richacl_get_file in richacl - not found
  -- Performing Test HAVE_STRUCT_RICHACE
  -- Performing Test HAVE_STRUCT_RICHACE - Failed
  -- Performing Test HAVE_STRUCT_RICHACL
  -- Performing Test HAVE_STRUCT_RICHACL - Failed
  -- ACL support: none
  -- Checking support for ARCHIVE_CRYPTO_MD5_LIBC
  -- Checking support for ARCHIVE_CRYPTO_MD5_LIBC -- not found
  -- Checking support for ARCHIVE_CRYPTO_RMD160_LIBC
  -- Checking support for ARCHIVE_CRYPTO_RMD160_LIBC -- not found
  -- Checking support for ARCHIVE_CRYPTO_SHA1_LIBC
  -- Checking support for ARCHIVE_CRYPTO_SHA1_LIBC -- not found
  -- Checking support for ARCHIVE_CRYPTO_SHA256_LIBC
  -- Checking support for ARCHIVE_CRYPTO_SHA256_LIBC -- not found
  -- Checking support for ARCHIVE_CRYPTO_SHA384_LIBC
  -- Checking support for ARCHIVE_CRYPTO_SHA384_LIBC -- not found
  -- Checking support for ARCHIVE_CRYPTO_SHA512_LIBC
  -- Checking support for ARCHIVE_CRYPTO_SHA512_LIBC -- not found
  -- Checking support for ARCHIVE_CRYPTO_SHA256_LIBC2
  -- Checking support for ARCHIVE_CRYPTO_SHA256_LIBC2 -- not found
  -- Checking support for ARCHIVE_CRYPTO_SHA384_LIBC2
  -- Checking support for ARCHIVE_CRYPTO_SHA384_LIBC2 -- not found
  -- Checking support for ARCHIVE_CRYPTO_SHA512_LIBC2
  -- Checking support for ARCHIVE_CRYPTO_SHA512_LIBC2 -- not found
  -- Checking support for ARCHIVE_CRYPTO_SHA256_LIBC3
  -- Checking support for ARCHIVE_CRYPTO_SHA256_LIBC3 -- not found
  -- Checking support for ARCHIVE_CRYPTO_SHA384_LIBC3
  -- Checking support for ARCHIVE_CRYPTO_SHA384_LIBC3 -- not found
  -- Checking support for ARCHIVE_CRYPTO_SHA512_LIBC3
  -- Checking support for ARCHIVE_CRYPTO_SHA512_LIBC3 -- not found
  -- Checking support for ARCHIVE_CRYPTO_MD5_LIBSYSTEM
  -- Checking support for ARCHIVE_CRYPTO_MD5_LIBSYSTEM -- not found
  -- Checking support for ARCHIVE_CRYPTO_SHA1_LIBSYSTEM
  -- Checking support for ARCHIVE_CRYPTO_SHA1_LIBSYSTEM -- not found
  -- Checking support for ARCHIVE_CRYPTO_SHA256_LIBSYSTEM
  -- Checking support for ARCHIVE_CRYPTO_SHA256_LIBSYSTEM -- not found
  -- Checking support for ARCHIVE_CRYPTO_SHA384_LIBSYSTEM
  -- Checking support for ARCHIVE_CRYPTO_SHA384_LIBSYSTEM -- not found
  -- Checking support for ARCHIVE_CRYPTO_SHA512_LIBSYSTEM
  -- Checking support for ARCHIVE_CRYPTO_SHA512_LIBSYSTEM -- not found
  -- Checking support for ARCHIVE_CRYPTO_MD5_LIBMD
  -- Checking support for ARCHIVE_CRYPTO_MD5_LIBMD -- not found
  -- Checking support for ARCHIVE_CRYPTO_RMD160_LIBMD
  -- Checking support for ARCHIVE_CRYPTO_RMD160_LIBMD -- not found
  -- Checking support for ARCHIVE_CRYPTO_SHA1_LIBMD
  -- Checking support for ARCHIVE_CRYPTO_SHA1_LIBMD -- not found
  -- Checking support for ARCHIVE_CRYPTO_SHA256_LIBMD
  -- Checking support for ARCHIVE_CRYPTO_SHA256_LIBMD -- not found
  -- Checking support for ARCHIVE_CRYPTO_SHA512_LIBMD
  -- Checking support for ARCHIVE_CRYPTO_SHA512_LIBMD -- not found
  -- Performing Test HAVE_VISIBILITY_ATTR
  -- Performing Test HAVE_VISIBILITY_ATTR - Success
  -- Performing Test HAVE_BUILTIN_BSWAP16
  -- Performing Test HAVE_BUILTIN_BSWAP16 - Success
  -- Performing Test HAVE_BUILTIN_BSWAP32
  -- Performing Test HAVE_BUILTIN_BSWAP32 - Success
  -- Performing Test HAVE_BUILTIN_BSWAP64
  -- Performing Test HAVE_BUILTIN_BSWAP64 - Success
  -- Could NOT find OpenGL (missing: OPENGL_opengl_LIBRARY OPENGL_glx_LIBRARY OPENGL_INCLUDE_DIR) 
  -- Performing Test HAVE_MATH_LIBRARY
  -- Performing Test HAVE_MATH_LIBRARY - Success
  -- Found ZLIB: /Users/zhanziyuan/Library/Android/sdk/ndk/29.0.14206865/toolchains/llvm/prebuilt/darwin-x86_64/sysroot/usr/lib/arm-linux-androideabi/26/libz.so (found version "1.3.0.1") 
  -- Could NOT find PNG (missing: PNG_LIBRARY PNG_PNG_INCLUDE_DIR) 
  -- Could NOT find JPEG (missing: JPEG_LIBRARY JPEG_INCLUDE_DIR) 
  -- TIFF is disabled when statically linking.
  -- Could NOT find GIF (missing: GIF_LIBRARY GIF_INCLUDE_DIR) 
  -- Looking for include file GLUT/glut.h
  -- Looking for include file GLUT/glut.h - not found
  -- Looking for include file GL/glut.h
  -- Looking for include file GL/glut.h - not found
  -- Looking for include file OpenGL/glut.h
  -- Looking for include file OpenGL/glut.h - not found
  -- Looking for include file shlwapi.h
  -- Looking for include file shlwapi.h - not found
  -- Looking for include file wincodec.h
  -- Looking for include file wincodec.h - not found
  -- Performing Test WEBP_HAVE_FLAG_AVX2
  -- Performing Test WEBP_HAVE_FLAG_AVX2 - Failed
  -- Performing Test WEBP_HAVE_FLAG_AVX2
  -- Performing Test WEBP_HAVE_FLAG_AVX2 - Failed
  -- Performing Test HAS_COMPILE_FLAG
  -- Performing Test HAS_COMPILE_FLAG - Failed
  -- Performing Test WEBP_HAVE_FLAG_SSE41
  -- Performing Test WEBP_HAVE_FLAG_SSE41 - Failed
  -- Performing Test WEBP_HAVE_FLAG_SSE41
  -- Performing Test WEBP_HAVE_FLAG_SSE41 - Failed
  -- Performing Test HAS_COMPILE_FLAG
  -- Performing Test HAS_COMPILE_FLAG - Failed
  -- Performing Test WEBP_HAVE_FLAG_SSE2
  -- Performing Test WEBP_HAVE_FLAG_SSE2 - Failed
  -- Performing Test WEBP_HAVE_FLAG_SSE2
  -- Performing Test WEBP_HAVE_FLAG_SSE2 - Failed
  -- Performing Test HAS_COMPILE_FLAG
  -- Performing Test HAS_COMPILE_FLAG - Failed
  -- Performing Test WEBP_HAVE_FLAG_MIPS32
  -- Performing Test WEBP_HAVE_FLAG_MIPS32 - Failed
  -- Performing Test WEBP_HAVE_FLAG_MIPS32
  -- Performing Test WEBP_HAVE_FLAG_MIPS32 - Failed
  -- Performing Test WEBP_HAVE_FLAG_MIPS_DSP_R2
  -- Performing Test WEBP_HAVE_FLAG_MIPS_DSP_R2 - Failed
  -- Performing Test WEBP_HAVE_FLAG_MIPS_DSP_R2
  -- Performing Test WEBP_HAVE_FLAG_MIPS_DSP_R2 - Failed
  -- Performing Test HAS_COMPILE_FLAG
  -- Performing Test HAS_COMPILE_FLAG - Failed
  -- Performing Test WEBP_HAVE_FLAG_NEON
  -- Performing Test WEBP_HAVE_FLAG_NEON - Success
  -- Performing Test WEBP_HAVE_FLAG_MSA
  -- Performing Test WEBP_HAVE_FLAG_MSA - Failed
  -- Performing Test WEBP_HAVE_FLAG_MSA
  -- Performing Test WEBP_HAVE_FLAG_MSA - Failed
  -- Performing Test HAS_COMPILE_FLAG
  -- Performing Test HAS_COMPILE_FLAG - Failed
  -- Rust Toolchain: nightly-2026-08-22-aarch64-apple-darwin
  -- Rust Target: thumbv7neon-linux-androideabi
  -- Configuring incomplete, errors occurred!
  See also "/Users/zhanziyuan/Documents/GitHub/EhViewer/app/.cxx/RelWithDebInfo/56n3v2n2/armeabi-v7a/CMakeFiles/CMakeOutput.log".
  See also "/Users/zhanziyuan/Documents/GitHub/EhViewer/app/.cxx/RelWithDebInfo/56n3v2n2/armeabi-v7a/CMakeFiles/CMakeError.log".
  
  C++ build system [configure] failed while executing:
      /Users/zhanziyuan/Library/Android/sdk/cmake/3.22.1/bin/cmake \
        -H/Users/zhanziyuan/Documents/GitHub/EhViewer/app/src/main/cpp \
        -DCMAKE_SYSTEM_NAME=Android \
        -DCMAKE_EXPORT_COMPILE_COMMANDS=ON \
        -DCMAKE_SYSTEM_VERSION=26 \
        -DANDROID_PLATFORM=android-26 \
        -DANDROID_ABI=armeabi-v7a \
        -DCMAKE_ANDROID_ARCH_ABI=armeabi-v7a \
        -DANDROID_NDK=/Users/zhanziyuan/Library/Android/sdk/ndk/29.0.14206865 \
        -DCMAKE_ANDROID_NDK=/Users/zhanziyuan/Library/Android/sdk/ndk/29.0.14206865 \
        -DCMAKE_TOOLCHAIN_FILE=/Users/zhanziyuan/Library/Android/sdk/ndk/29.0.14206865/build/cmake/android.toolchain.cmake \
        -DCMAKE_MAKE_PROGRAM=/Users/zhanziyuan/Library/Android/sdk/cmake/3.22.1/bin/ninja \
        -DCMAKE_LIBRARY_OUTPUT_DIRECTORY=/Users/zhanziyuan/Documents/GitHub/EhViewer/app/build/intermediates/cxx/RelWithDebInfo/56n3v2n2/obj/armeabi-v7a \
        -DCMAKE_RUNTIME_OUTPUT_DIRECTORY=/Users/zhanziyuan/Documents/GitHub/EhViewer/app/build/intermediates/cxx/RelWithDebInfo/56n3v2n2/obj/armeabi-v7a \
        -DCMAKE_BUILD_TYPE=RelWithDebInfo \
        -B/Users/zhanziyuan/Documents/GitHub/EhViewer/app/.cxx/RelWithDebInfo/56n3v2n2/armeabi-v7a \
        -GNinja
    from /Users/zhanziyuan/Documents/GitHub/EhViewer/app
  CMake Error at /Users/zhanziyuan/Documents/GitHub/EhViewer/app/.cxx/RelWithDebInfo/56n3v2n2/armeabi-v7a/_deps/corrosion-src/cmake/FindRust.cmake:812 (message):
    Target thumbv7neon-linux-androideabi is not installed for toolchain
    nightly-2026-08-22-aarch64-apple-darwin.
  
    Help: Run `rustup target add --toolchain
    nightly-2026-08-22-aarch64-apple-darwin thumbv7neon-linux-androideabi` to
    install the missing target or configure corrosion with
    `Rust_RUSTUP_INSTALL_MISSING_TARGET=ON`.
  Call Stack (most recent call first):
    /Users/zhanziyuan/Documents/GitHub/EhViewer/app/.cxx/RelWithDebInfo/56n3v2n2/armeabi-v7a/_deps/corrosion-src/cmake/Corrosion.cmake:47 (find_package)
    /Users/zhanziyuan/Documents/GitHub/EhViewer/app/.cxx/RelWithDebInfo/56n3v2n2/armeabi-v7a/_deps/corrosion-src/CMakeLists.txt:30 (include)
  	at com.android.build.gradle.internal.cxx.process.ExecuteProcessKt.execute(ExecuteProcess.kt:241)
  	... 152 more


* Try:
> Run with --stacktrace option to get the stack trace.
> Run with --info or --debug option to get more log output.
> Run with --scan to get full insights from a Build Scan (powered by Develocity).
> Get more help at https://help.gradle.org.
==============================================================================

BUILD FAILED in 5m 9s
86 actionable tasks: 82 executed, 4 up-to-date
Configuration cache entry stored.
