To honour the JVM settings for this build a single-use Daemon process will be forked. For more on this, please refer to https://docs.gradle.org/9.7.1/userguide/gradle_daemon.html#sec:disabling_the_daemon in the Gradle documentation.
Daemon will be stopped at the end of the build 
Calculating task graph as no cached configuration is available for tasks: :app:testDefaultDebugUnitTest :core:common:testAndroidHostTest :core:data:testAndroidHostTest :core:i18n:testAndroidHostTest :core:ui:testAndroidHostTest :app:dependencies --configuration defaultDebugRuntimeClasspath
Type-safe project accessors is an incubating feature.
> Task :build-logic:convention:checkKotlinGradlePluginConfigurationErrors SKIPPED
> Task :build-logic:convention:compileKotlin UP-TO-DATE
> Task :build-logic:convention:compileJava NO-SOURCE
> Task :build-logic:convention:pluginDescriptors UP-TO-DATE
> Task :build-logic:convention:processResources UP-TO-DATE
> Task :build-logic:convention:classes UP-TO-DATE
> Task :build-logic:convention:jar UP-TO-DATE
> Task :app:preBuild UP-TO-DATE
> Task :core:ui:androidPreBuild UP-TO-DATE
> Task :core:data:androidPreBuild UP-TO-DATE
> Task :core:common:androidPreBuild UP-TO-DATE
> Task :core:ui:preAndroidMainBuild UP-TO-DATE
> Task :core:i18n:androidPreBuild UP-TO-DATE
> Task :app:preDefaultDebugBuild UP-TO-DATE
> Task :core:common:preAndroidMainBuild UP-TO-DATE
> Task :core:data:preAndroidMainBuild UP-TO-DATE
> Task :core:i18n:preAndroidMainBuild UP-TO-DATE
> Task :core:common:generateAndroidMainEmptyResourceFiles UP-TO-DATE
> Task :core:i18n:generateMRcommonTest UP-TO-DATE
> Task :core:data:generateAndroidMainEmptyResourceFiles UP-TO-DATE
> Task :core:i18n:generateAndroidMainEmptyResourceFiles UP-TO-DATE
> Task :core:ui:generateAndroidMainEmptyResourceFiles UP-TO-DATE
> Task :core:ui:kmpPartiallyResolvedDependenciesChecker
> Task :core:i18n:kmpPartiallyResolvedDependenciesChecker
> Task :core:common:kmpPartiallyResolvedDependenciesChecker
> Task :core:data:kmpPartiallyResolvedDependenciesChecker
> Task :core:ui:checkKotlinGradlePluginConfigurationErrors SKIPPED
> Task :core:i18n:generateMRjvmTest UP-TO-DATE
> Task :core:i18n:checkKotlinGradlePluginConfigurationErrors SKIPPED
> Task :core:common:checkKotlinGradlePluginConfigurationErrors SKIPPED
> Task :core:data:checkKotlinGradlePluginConfigurationErrors SKIPPED
> Task :core:i18n:generateMRandroidHostTest UP-TO-DATE
> Task :core:i18n:generateMRcommonMain UP-TO-DATE
> Task :app:generateDefaultDebugResources UP-TO-DATE
> Task :core:i18n:generateMRjvmMain UP-TO-DATE
> Task :app:prepareLibraryDefinitionsDefaultDebug UP-TO-DATE
> Task :core:ui:convertXmlValueResourcesForAndroidMain NO-SOURCE
> Task :core:ui:generateExpectResourceCollectorsForCommonMain SKIPPED
> Task :core:ui:copyNonXmlValueResourcesForCommonMain NO-SOURCE
> Task :core:ui:convertXmlValueResourcesForJvmMain NO-SOURCE
> Task :core:ui:generateComposeResClass SKIPPED
> Task :core:ui:copyNonXmlValueResourcesForAndroidMain NO-SOURCE
> Task :core:ui:copyNonXmlValueResourcesForJvmMain NO-SOURCE
> Task :core:ui:convertXmlValueResourcesForCommonMain NO-SOURCE
> Task :app:mapDefaultDebugSourceSetPaths UP-TO-DATE
> Task :app:extractDefaultDebugSupportedLocales UP-TO-DATE
> Task :core:ui:prepareComposeResourcesTaskForJvmMain NO-SOURCE
> Task :core:ui:generateResourceAccessorsForJvmMain SKIPPED
> Task :core:ui:prepareComposeResourcesTaskForAndroidMain NO-SOURCE
> Task :core:ui:prepareComposeResourcesTaskForCommonMain NO-SOURCE
> Task :core:ui:generateResourceAccessorsForCommonMain SKIPPED
> Task :core:ui:generateResourceAccessorsForAndroidMain SKIPPED
> Task :core:ui:generateActualResourceCollectorsForAndroidMain SKIPPED
> Task :app:javaPreCompileDefaultDebug UP-TO-DATE
> Task :core:common:writeAndroidMainAarMetadata UP-TO-DATE
> Task :core:data:writeAndroidMainAarMetadata UP-TO-DATE
> Task :core:i18n:writeAndroidMainAarMetadata UP-TO-DATE
> Task :core:ui:writeAndroidMainAarMetadata UP-TO-DATE
> Task :app:extractDeepLinksDefaultDebug UP-TO-DATE
> Task :core:i18n:generateMRandroidMain UP-TO-DATE
> Task :core:common:processAndroidMainManifest UP-TO-DATE
> Task :core:data:processAndroidMainManifest UP-TO-DATE
> Task :core:i18n:processAndroidMainManifest UP-TO-DATE
> Task :app:preDefaultDebugUnitTestBuild UP-TO-DATE
> Task :core:i18n:mapAndroidMainSourceSetPaths UP-TO-DATE
> Task :app:generateDefaultDebugLocaleConfig UP-TO-DATE
> Task :core:ui:processAndroidMainManifest UP-TO-DATE
> Task :core:i18n:packageAndroidMainResources UP-TO-DATE
> Task :app:packageDefaultDebugResources UP-TO-DATE
> Task :core:i18n:parseAndroidMainLocalResources UP-TO-DATE
> Task :core:i18n:generateAndroidMainRFile UP-TO-DATE
> Task :app:createDefaultDebugCompatibleScreenManifests
> Task :core:i18n:compileAndroidMainLibraryResources UP-TO-DATE
> Task :core:common:preAndroidHostTestBuild UP-TO-DATE
> Task :core:common:processAndroidHostTestJavaRes NO-SOURCE
> Task :core:i18n:compileAndroidMain UP-TO-DATE
> Task :core:i18n:bundleAndroidMainClassesToCompileJar UP-TO-DATE
> Task :core:i18n:bundleAndroidMainClassesToRuntimeJar UP-TO-DATE
> Task :core:i18n:processAndroidMainJavaRes UP-TO-DATE
> Task :core:data:preAndroidHostTestBuild UP-TO-DATE
> Task :core:data:processAndroidHostTestJavaRes NO-SOURCE
> Task :app:javaPreCompileDefaultDebugUnitTest
> Task :core:common:androidJar
> Task :core:data:androidJar
> Task :app:generateDefaultDebugBuildConfig
> Task :core:i18n:preAndroidHostTestBuild UP-TO-DATE
> Task :core:i18n:androidJar
> Task :core:i18n:processAndroidHostTestJavaRes NO-SOURCE
> Task :core:ui:convertXmlValueResourcesForAndroidHostTest NO-SOURCE
> Task :core:ui:convertXmlValueResourcesForCommonTest NO-SOURCE
> Task :core:ui:copyNonXmlValueResourcesForAndroidHostTest NO-SOURCE
> Task :core:ui:copyNonXmlValueResourcesForCommonTest NO-SOURCE
> Task :core:ui:convertXmlValueResourcesForJvmTest NO-SOURCE
> Task :core:ui:prepareComposeResourcesTaskForCommonTest NO-SOURCE
> Task :core:ui:generateResourceAccessorsForCommonTest SKIPPED
> Task :core:ui:preAndroidHostTestBuild UP-TO-DATE
> Task :core:ui:copyNonXmlValueResourcesForJvmTest NO-SOURCE
> Task :core:ui:prepareComposeResourcesTaskForAndroidHostTest NO-SOURCE
> Task :core:common:compileAndroidMain UP-TO-DATE
> Task :core:ui:generateResourceAccessorsForAndroidHostTest SKIPPED
> Task :core:ui:processAndroidHostTestJavaRes NO-SOURCE
> Task :core:ui:prepareComposeResourcesTaskForJvmTest NO-SOURCE
> Task :core:ui:generateResourceAccessorsForJvmTest SKIPPED
> Task :core:common:bundleAndroidMainClassesToRuntimeJar UP-TO-DATE
> Task :core:common:processAndroidMainJavaRes UP-TO-DATE
> Task :core:ui:androidJar
> Task :core:i18n:compileAndroidHostTest NO-SOURCE
> Task :core:common:bundleAndroidMainClassesToCompileJar UP-TO-DATE
> Task :core:common:compileAndroidHostTest NO-SOURCE
> Task :core:common:testAndroidHostTest NO-SOURCE
> Task :core:i18n:testAndroidHostTest NO-SOURCE

> Task :app:dependencies

------------------------------------------------------------
Project ':app'
------------------------------------------------------------

defaultDebugRuntimeClasspath - Runtime classpath of '/defaultDebug'.
+--- org.jetbrains.kotlin:kotlin-stdlib:2.4.10
|    +--- org.jetbrains:annotations:13.0 -> 23.0.0
|    +--- org.jetbrains.kotlin:kotlin-stdlib-jdk8:1.8.0 -> 1.9.0 (c)
|    +--- org.jetbrains.kotlin:kotlin-stdlib-common:2.4.10 (c)
|    \--- org.jetbrains.kotlin:kotlin-stdlib-jdk7:1.8.0 -> 1.9.0 (c)
+--- androidx.compose.ui:ui-tooling -> 1.13.0-alpha01
|    \--- androidx.compose.ui:ui-tooling-android:1.13.0-alpha01
|         +--- androidx.activity:activity-compose:1.7.0 -> 1.13.0
|         |    +--- androidx.activity:activity:1.13.0
|         |    |    +--- androidx.annotation:annotation:1.8.1 -> 1.10.0
|         |    |    |    \--- androidx.annotation:annotation-jvm:1.10.0
|         |    |    |         +--- org.jetbrains.kotlin:kotlin-stdlib:2.1.20 -> 2.4.10 (*)
|         |    |    |         \--- org.jetbrains.compose.annotation-internal:annotation:1.8.0 -> 1.9.0 (c)
|         |    |    +--- androidx.core:core-ktx:1.18.0 -> 1.19.0
|         |    |    |    +--- androidx.core:core:1.19.0
|         |    |    |    |    +--- androidx.annotation:annotation:1.10.0 (*)
|         |    |    |    |    +--- androidx.annotation:annotation-experimental:1.4.1 -> 1.5.1
|         |    |    |    |    |    +--- org.jetbrains.kotlin:kotlin-stdlib -> 2.4.10 (*)
|         |    |    |    |    |    \--- org.jetbrains.kotlin:kotlin-stdlib:2.0.21 -> 2.4.10 (c)
|         |    |    |    |    +--- androidx.collection:collection:1.4.2 -> 1.5.0
|         |    |    |    |    |    \--- androidx.collection:collection-jvm:1.5.0
|         |    |    |    |    |         +--- androidx.annotation:annotation:1.9.1 -> 1.10.0 (*)
|         |    |    |    |    |         +--- org.jetbrains.kotlin:kotlin-stdlib -> 2.4.10 (*)
|         |    |    |    |    |         +--- org.jetbrains.kotlin:kotlin-stdlib:1.9.24 -> 2.4.10 (c)
|         |    |    |    |    |         \--- androidx.collection:collection-ktx:1.5.0 (c)
|         |    |    |    |    +--- androidx.concurrent:concurrent-futures:1.0.0 -> 1.1.0
|         |    |    |    |    |    +--- androidx.annotation:annotation:1.1.0 -> 1.10.0 (*)
|         |    |    |    |    |    \--- com.google.guava:listenablefuture:1.0
|         |    |    |    |    +--- androidx.core:core-viewtree:1.0.0
|         |    |    |    |    |    +--- org.jetbrains.kotlin:kotlin-stdlib -> 2.4.10 (*)
|         |    |    |    |    |    \--- org.jetbrains.kotlin:kotlin-stdlib:1.8.22 -> 2.4.10 (c)
|         |    |    |    |    +--- androidx.interpolator:interpolator:1.0.0
|         |    |    |    |    |    \--- androidx.annotation:annotation:1.0.0 -> 1.10.0 (*)
|         |    |    |    |    +--- androidx.lifecycle:lifecycle-common:2.6.2 -> 2.11.0
|         |    |    |    |    |    \--- androidx.lifecycle:lifecycle-common-jvm:2.11.0
|         |    |    |    |    |         +--- androidx.annotation:annotation:1.9.1 -> 1.10.0 (*)
|         |    |    |    |    |         +--- org.jetbrains.kotlin:kotlin-stdlib:2.1.20 -> 2.4.10 (*)
|         |    |    |    |    |         +--- org.jetbrains.kotlinx:kotlinx-coroutines-core:1.9.0 -> 1.11.0
|         |    |    |    |    |         |    \--- org.jetbrains.kotlinx:kotlinx-coroutines-core-jvm:1.11.0
|         |    |    |    |    |         |         +--- org.jetbrains:annotations:23.0.0
|         |    |    |    |    |         |         +--- org.jetbrains.kotlinx:kotlinx-coroutines-bom:1.11.0
|         |    |    |    |    |         |         |    +--- org.jetbrains.kotlinx:kotlinx-coroutines-android:1.11.0 (c)
|         |    |    |    |    |         |         |    +--- org.jetbrains.kotlinx:kotlinx-coroutines-core-jvm:1.11.0 (c)
|         |    |    |    |    |         |         |    +--- org.jetbrains.kotlinx:kotlinx-coroutines-core:1.11.0 (c)
|         |    |    |    |    |         |         |    \--- org.jetbrains.kotlinx:kotlinx-coroutines-slf4j:1.11.0 (c)
|         |    |    |    |    |         |         \--- org.jetbrains.kotlin:kotlin-stdlib:2.2.20 -> 2.4.10 (*)
|         |    |    |    |    |         +--- org.jspecify:jspecify:1.0.0
|         |    |    |    |    |         +--- androidx.lifecycle:lifecycle-common-java8:2.11.0 (c)
|         |    |    |    |    |         +--- androidx.lifecycle:lifecycle-livedata:2.11.0 (c)
|         |    |    |    |    |         +--- androidx.lifecycle:lifecycle-livedata-core:2.11.0 (c)
|         |    |    |    |    |         +--- androidx.lifecycle:lifecycle-livedata-core-ktx:2.11.0 (c)
|         |    |    |    |    |         +--- androidx.lifecycle:lifecycle-process:2.11.0 (c)
|         |    |    |    |    |         +--- androidx.lifecycle:lifecycle-runtime:2.11.0 (c)
|         |    |    |    |    |         +--- androidx.lifecycle:lifecycle-runtime-compose:2.11.0 (c)
|         |    |    |    |    |         +--- androidx.lifecycle:lifecycle-runtime-ktx:2.11.0 (c)
|         |    |    |    |    |         +--- androidx.lifecycle:lifecycle-service:2.11.0 (c)
|         |    |    |    |    |         +--- androidx.lifecycle:lifecycle-viewmodel:2.11.0 (c)
|         |    |    |    |    |         +--- androidx.lifecycle:lifecycle-viewmodel-compose:2.11.0 (c)
|         |    |    |    |    |         +--- androidx.lifecycle:lifecycle-viewmodel-savedstate:2.11.0 (c)
|         |    |    |    |    |         +--- org.jetbrains.androidx.lifecycle:lifecycle-common:2.9.5 -> 2.10.0-beta01 (c)
|         |    |    |    |    |         \--- androidx.lifecycle:lifecycle-viewmodel-ktx:2.11.0 (c)
|         |    |    |    |    +--- androidx.lifecycle:lifecycle-runtime:2.6.2 -> 2.11.0
|         |    |    |    |    |    \--- androidx.lifecycle:lifecycle-runtime-android:2.11.0
|         |    |    |    |    |         +--- androidx.annotation:annotation:1.9.1 -> 1.10.0 (*)
|         |    |    |    |    |         +--- androidx.arch.core:core-common:2.2.0
|         |    |    |    |    |         |    \--- androidx.annotation:annotation:1.1.0 -> 1.10.0 (*)
|         |    |    |    |    |         +--- androidx.arch.core:core-runtime:2.2.0
|         |    |    |    |    |         |    +--- androidx.annotation:annotation:1.1.0 -> 1.10.0 (*)
|         |    |    |    |    |         |    \--- androidx.arch.core:core-common:2.2.0 (*)
|         |    |    |    |    |         +--- androidx.collection:collection:1.5.0 (*)
|         |    |    |    |    |         +--- androidx.core:core-viewtree:1.0.0 (*)
|         |    |    |    |    |         +--- androidx.lifecycle:lifecycle-common:2.11.0 (*)
|         |    |    |    |    |         +--- androidx.profileinstaller:profileinstaller:1.4.0 -> 1.4.1
|         |    |    |    |    |         |    +--- androidx.annotation:annotation:1.8.1 -> 1.10.0 (*)
|         |    |    |    |    |         |    +--- androidx.concurrent:concurrent-futures:1.1.0 (*)
|         |    |    |    |    |         |    +--- androidx.startup:startup-runtime:1.1.1 -> 1.2.0
|         |    |    |    |    |         |    |    +--- androidx.annotation:annotation:1.8.1 -> 1.10.0 (*)
|         |    |    |    |    |         |    |    \--- androidx.tracing:tracing:1.0.0 -> 1.2.0
|         |    |    |    |    |         |    |         +--- androidx.annotation:annotation:1.2.0 -> 1.10.0 (*)
|         |    |    |    |    |         |    |         \--- androidx.tracing:tracing-ktx:1.2.0 (c)
|         |    |    |    |    |         |    \--- com.google.guava:listenablefuture:1.0
|         |    |    |    |    |         +--- org.jetbrains.kotlin:kotlin-stdlib:2.1.20 -> 2.4.10 (*)
|         |    |    |    |    |         +--- org.jetbrains.kotlinx:kotlinx-coroutines-android:1.9.0 -> 1.11.0
|         |    |    |    |    |         |    +--- org.jetbrains.kotlinx:kotlinx-coroutines-core:1.11.0 (*)
|         |    |    |    |    |         |    +--- org.jetbrains.kotlinx:kotlinx-coroutines-bom:1.11.0 (*)
|         |    |    |    |    |         |    \--- org.jetbrains.kotlin:kotlin-stdlib:2.2.20 -> 2.4.10 (*)
|         |    |    |    |    |         +--- org.jspecify:jspecify:1.0.0
|         |    |    |    |    |         +--- androidx.lifecycle:lifecycle-common:2.11.0 (c)
|         |    |    |    |    |         +--- androidx.lifecycle:lifecycle-common-java8:2.11.0 (c)
|         |    |    |    |    |         +--- androidx.lifecycle:lifecycle-livedata:2.11.0 (c)
|         |    |    |    |    |         +--- androidx.lifecycle:lifecycle-livedata-core:2.11.0 (c)
|         |    |    |    |    |         +--- androidx.lifecycle:lifecycle-livedata-core-ktx:2.11.0 (c)
|         |    |    |    |    |         +--- androidx.lifecycle:lifecycle-process:2.11.0 (c)
|         |    |    |    |    |         +--- androidx.lifecycle:lifecycle-runtime-compose:2.11.0 (c)
|         |    |    |    |    |         +--- androidx.lifecycle:lifecycle-runtime-ktx:2.11.0 (c)
|         |    |    |    |    |         +--- androidx.lifecycle:lifecycle-service:2.11.0 (c)
|         |    |    |    |    |         +--- androidx.lifecycle:lifecycle-viewmodel:2.11.0 (c)
|         |    |    |    |    |         +--- androidx.lifecycle:lifecycle-viewmodel-compose:2.11.0 (c)
|         |    |    |    |    |         +--- androidx.lifecycle:lifecycle-viewmodel-savedstate:2.11.0 (c)
|         |    |    |    |    |         +--- org.jetbrains.androidx.lifecycle:lifecycle-runtime:2.9.5 -> 2.10.0-beta01 (c)
|         |    |    |    |    |         \--- androidx.lifecycle:lifecycle-viewmodel-ktx:2.11.0 (c)
|         |    |    |    |    +--- androidx.tracing:tracing:1.2.0 (*)
|         |    |    |    |    +--- androidx.versionedparcelable:versionedparcelable:1.1.1
|         |    |    |    |    |    +--- androidx.annotation:annotation:1.1.0 -> 1.10.0 (*)
|         |    |    |    |    |    \--- androidx.collection:collection:1.0.0 -> 1.5.0 (*)
|         |    |    |    |    +--- com.google.guava:listenablefuture:1.0
|         |    |    |    |    +--- org.jetbrains.kotlin:kotlin-stdlib:2.1.20 -> 2.4.10 (*)
|         |    |    |    |    +--- org.jetbrains.kotlinx:kotlinx-coroutines-core:1.9.0 -> 1.11.0 (*)
|         |    |    |    |    +--- org.jspecify:jspecify:1.0.0
|         |    |    |    |    \--- androidx.core:core-ktx:1.19.0 (c)
|         |    |    |    +--- org.jetbrains.kotlin:kotlin-stdlib:2.1.20 -> 2.4.10 (*)
|         |    |    |    \--- androidx.core:core:1.19.0 (c)
|         |    |    +--- androidx.core:core-viewtree:1.0.0 (*)
|         |    |    +--- androidx.lifecycle:lifecycle-common:2.6.1 -> 2.11.0 (*)
|         |    |    +--- androidx.lifecycle:lifecycle-runtime:2.6.1 -> 2.11.0 (*)
|         |    |    +--- androidx.lifecycle:lifecycle-viewmodel:2.6.1 -> 2.11.0
|         |    |    |    \--- androidx.lifecycle:lifecycle-viewmodel-android:2.11.0
|         |    |    |         +--- androidx.annotation:annotation:1.9.1 -> 1.10.0 (*)
|         |    |    |         +--- androidx.collection:collection:1.5.0 (*)
|         |    |    |         +--- androidx.core:core-viewtree:1.0.0 (*)
|         |    |    |         +--- org.jetbrains.kotlin:kotlin-stdlib:2.1.20 -> 2.4.10 (*)
|         |    |    |         +--- org.jetbrains.kotlinx:kotlinx-coroutines-android:1.9.0 -> 1.11.0 (*)
|         |    |    |         +--- org.jetbrains.kotlinx:kotlinx-coroutines-core:1.9.0 -> 1.11.0 (*)
|         |    |    |         +--- androidx.lifecycle:lifecycle-common:2.11.0 (c)
|         |    |    |         +--- androidx.lifecycle:lifecycle-common-java8:2.11.0 (c)
|         |    |    |         +--- androidx.lifecycle:lifecycle-livedata:2.11.0 (c)
|         |    |    |         +--- androidx.lifecycle:lifecycle-livedata-core:2.11.0 (c)
|         |    |    |         +--- androidx.lifecycle:lifecycle-livedata-core-ktx:2.11.0 (c)
|         |    |    |         +--- androidx.lifecycle:lifecycle-process:2.11.0 (c)
|         |    |    |         +--- androidx.lifecycle:lifecycle-runtime:2.11.0 (c)
|         |    |    |         +--- androidx.lifecycle:lifecycle-runtime-compose:2.11.0 (c)
|         |    |    |         +--- androidx.lifecycle:lifecycle-runtime-ktx:2.11.0 (c)
|         |    |    |         +--- androidx.lifecycle:lifecycle-service:2.11.0 (c)
|         |    |    |         +--- androidx.lifecycle:lifecycle-viewmodel-compose:2.11.0 (c)
|         |    |    |         +--- androidx.lifecycle:lifecycle-viewmodel-savedstate:2.11.0 (c)
|         |    |    |         +--- org.jetbrains.androidx.lifecycle:lifecycle-viewmodel:2.9.5 -> 2.9.6 (c)
|         |    |    |         \--- androidx.lifecycle:lifecycle-viewmodel-ktx:2.11.0 (c)
|         |    |    +--- androidx.lifecycle:lifecycle-viewmodel-savedstate:2.6.1 -> 2.11.0
|         |    |    |    \--- androidx.lifecycle:lifecycle-viewmodel-savedstate-android:2.11.0
|         |    |    |         +--- androidx.annotation:annotation:1.9.1 -> 1.10.0 (*)
|         |    |    |         +--- androidx.collection:collection:1.5.0 (*)
|         |    |    |         +--- androidx.core:core-ktx:1.2.0 -> 1.19.0 (*)
|         |    |    |         +--- androidx.lifecycle:lifecycle-common:2.11.0 (*)
|         |    |    |         +--- androidx.lifecycle:lifecycle-livedata-core:2.11.0
|         |    |    |         |    +--- androidx.arch.core:core-common:2.2.0 (*)
|         |    |    |         |    +--- androidx.arch.core:core-runtime:2.2.0 (*)
|         |    |    |         |    +--- androidx.lifecycle:lifecycle-common:2.11.0 (*)
|         |    |    |         |    +--- org.jetbrains.kotlin:kotlin-stdlib:2.1.20 -> 2.4.10 (*)
|         |    |    |         |    +--- org.jspecify:jspecify:1.0.0
|         |    |    |         |    +--- androidx.lifecycle:lifecycle-common:2.11.0 (c)
|         |    |    |         |    +--- androidx.lifecycle:lifecycle-common-java8:2.11.0 (c)
|         |    |    |         |    +--- androidx.lifecycle:lifecycle-livedata:2.11.0 (c)
|         |    |    |         |    +--- androidx.lifecycle:lifecycle-livedata-core-ktx:2.11.0 (c)
|         |    |    |         |    +--- androidx.lifecycle:lifecycle-process:2.11.0 (c)
|         |    |    |         |    +--- androidx.lifecycle:lifecycle-runtime:2.11.0 (c)
|         |    |    |         |    +--- androidx.lifecycle:lifecycle-runtime-compose:2.11.0 (c)
|         |    |    |         |    +--- androidx.lifecycle:lifecycle-runtime-ktx:2.11.0 (c)
|         |    |    |         |    +--- androidx.lifecycle:lifecycle-service:2.11.0 (c)
|         |    |    |         |    +--- androidx.lifecycle:lifecycle-viewmodel:2.11.0 (c)
|         |    |    |         |    +--- androidx.lifecycle:lifecycle-viewmodel-compose:2.11.0 (c)
|         |    |    |         |    +--- androidx.lifecycle:lifecycle-viewmodel-savedstate:2.11.0 (c)
|         |    |    |         |    \--- androidx.lifecycle:lifecycle-viewmodel-ktx:2.11.0 (c)
|         |    |    |         +--- androidx.lifecycle:lifecycle-viewmodel:2.11.0 (*)
|         |    |    |         +--- androidx.savedstate:savedstate:1.4.0
|         |    |    |         |    \--- androidx.savedstate:savedstate-android:1.4.0
|         |    |    |         |         +--- androidx.annotation:annotation:1.8.1 -> 1.10.0 (*)
|         |    |    |         |         +--- androidx.annotation:annotation:1.9.1 -> 1.10.0 (*)
|         |    |    |         |         +--- androidx.core:core-ktx:1.13.1 -> 1.19.0 (*)
|         |    |    |         |         +--- androidx.core:core-viewtree:1.0.0 (*)
|         |    |    |         |         +--- androidx.lifecycle:lifecycle-common:2.9.2 -> 2.11.0 (*)
|         |    |    |         |         +--- org.jetbrains.kotlin:kotlin-stdlib -> 2.4.10 (*)
|         |    |    |         |         +--- org.jetbrains.kotlinx:kotlinx-coroutines-core:1.9.0 -> 1.11.0 (*)
|         |    |    |         |         +--- org.jetbrains.kotlinx:kotlinx-serialization-core:1.7.3 -> 1.11.0
|         |    |    |         |         |    \--- org.jetbrains.kotlinx:kotlinx-serialization-core-jvm:1.11.0
|         |    |    |         |         |         +--- org.jetbrains.kotlinx:kotlinx-serialization-bom:1.11.0
|         |    |    |         |         |         |    +--- org.jetbrains.kotlinx:kotlinx-serialization-cbor-jvm:1.11.0 (c)
|         |    |    |         |         |         |    +--- org.jetbrains.kotlinx:kotlinx-serialization-cbor:1.11.0 (c)
|         |    |    |         |         |         |    +--- org.jetbrains.kotlinx:kotlinx-serialization-core:1.11.0 (c)
|         |    |    |         |         |         |    +--- org.jetbrains.kotlinx:kotlinx-serialization-json-jvm:1.11.0 (c)
|         |    |    |         |         |         |    +--- org.jetbrains.kotlinx:kotlinx-serialization-json:1.11.0 (c)
|         |    |    |         |         |         |    +--- org.jetbrains.kotlinx:kotlinx-serialization-json-io-jvm:1.11.0 (c)
|         |    |    |         |         |         |    +--- org.jetbrains.kotlinx:kotlinx-serialization-json-io:1.11.0 (c)
|         |    |    |         |         |         |    \--- org.jetbrains.kotlinx:kotlinx-serialization-core-jvm:1.11.0 (c)
|         |    |    |         |         |         \--- org.jetbrains.kotlin:kotlin-stdlib:2.3.20 -> 2.4.10 (*)
|         |    |    |         |         +--- androidx.savedstate:savedstate-compose:1.4.0 (c)
|         |    |    |         |         +--- androidx.savedstate:savedstate-ktx:1.4.0 (c)
|         |    |    |         |         +--- org.jetbrains.kotlin:kotlin-stdlib:2.0.21 -> 2.4.10 (c)
|         |    |    |         |         \--- org.jetbrains.androidx.savedstate:savedstate:1.3.2 -> 1.3.6 (c)
|         |    |    |         +--- org.jetbrains.kotlin:kotlin-stdlib:2.1.20 -> 2.4.10 (*)
|         |    |    |         +--- org.jetbrains.kotlinx:kotlinx-coroutines-android:1.9.0 -> 1.11.0 (*)
|         |    |    |         +--- org.jetbrains.kotlinx:kotlinx-coroutines-core:1.9.0 -> 1.11.0 (*)
|         |    |    |         +--- org.jetbrains.kotlinx:kotlinx-serialization-core:1.7.3 -> 1.11.0 (*)
|         |    |    |         +--- androidx.lifecycle:lifecycle-common:2.11.0 (c)
|         |    |    |         +--- androidx.lifecycle:lifecycle-common-java8:2.11.0 (c)
|         |    |    |         +--- androidx.lifecycle:lifecycle-livedata:2.11.0 (c)
|         |    |    |         +--- androidx.lifecycle:lifecycle-livedata-core:2.11.0 (c)
|         |    |    |         +--- androidx.lifecycle:lifecycle-livedata-core-ktx:2.11.0 (c)
|         |    |    |         +--- androidx.lifecycle:lifecycle-process:2.11.0 (c)
|         |    |    |         +--- androidx.lifecycle:lifecycle-runtime:2.11.0 (c)
|         |    |    |         +--- androidx.lifecycle:lifecycle-runtime-compose:2.11.0 (c)
|         |    |    |         +--- androidx.lifecycle:lifecycle-runtime-ktx:2.11.0 (c)
|         |    |    |         +--- androidx.lifecycle:lifecycle-service:2.11.0 (c)
|         |    |    |         +--- androidx.lifecycle:lifecycle-viewmodel:2.11.0 (c)
|         |    |    |         +--- androidx.lifecycle:lifecycle-viewmodel-compose:2.11.0 (c)
|         |    |    |         +--- androidx.lifecycle:lifecycle-viewmodel-ktx:2.11.0 (c)
|         |    |    |         \--- org.jetbrains.androidx.lifecycle:lifecycle-viewmodel-savedstate:2.9.5 -> 2.9.6 (c)
|         |    |    +--- androidx.navigationevent:navigationevent:1.0.0 -> 1.1.1
|         |    |    |    \--- androidx.navigationevent:navigationevent-android:1.1.1
|         |    |    |         +--- androidx.annotation:annotation:1.9.1 -> 1.10.0 (*)
|         |    |    |         +--- androidx.collection:collection:1.5.0 (*)
|         |    |    |         +--- androidx.compose.runtime:runtime-annotation:1.9.0 -> 1.13.0-alpha01
|         |    |    |         |    \--- androidx.compose.runtime:runtime-annotation-android:1.13.0-alpha01
|         |    |    |         |         +--- org.jetbrains.kotlin:kotlin-stdlib:2.1.20 -> 2.4.10 (*)
|         |    |    |         |         +--- androidx.compose.runtime:runtime:1.13.0-alpha01 (c)
|         |    |    |         |         +--- androidx.compose.runtime:runtime-retain:1.13.0-alpha01 (c)
|         |    |    |         |         \--- androidx.compose.runtime:runtime-saveable:1.13.0-alpha01 (c)
|         |    |    |         +--- androidx.core:core-viewtree:1.0.0 (*)
|         |    |    |         +--- org.jetbrains.kotlin:kotlin-stdlib:2.1.20 -> 2.4.10 (*)
|         |    |    |         +--- org.jetbrains.kotlinx:kotlinx-coroutines-android:1.9.0 -> 1.11.0 (*)
|         |    |    |         +--- org.jetbrains.kotlinx:kotlinx-coroutines-core:1.9.0 -> 1.11.0 (*)
|         |    |    |         \--- androidx.navigationevent:navigationevent-compose:1.1.1 (c)
|         |    |    +--- androidx.profileinstaller:profileinstaller:1.4.0 -> 1.4.1 (*)
|         |    |    +--- androidx.savedstate:savedstate:1.2.1 -> 1.4.0 (*)
|         |    |    +--- androidx.tracing:tracing:1.0.0 -> 1.2.0 (*)
|         |    |    +--- org.jetbrains.kotlin:kotlin-stdlib:2.1.20 -> 2.4.10 (*)
|         |    |    +--- org.jetbrains.kotlinx:kotlinx-coroutines-core:1.9.0 -> 1.11.0 (*)
|         |    |    +--- androidx.activity:activity-compose:1.13.0 (c)
|         |    |    \--- androidx.activity:activity-ktx:1.13.0 (c)
|         |    +--- androidx.compose.runtime:runtime:1.7.0 -> 1.13.0-alpha01
|         |    |    \--- androidx.compose.runtime:runtime-android:1.13.0-alpha01
|         |    |         +--- androidx.annotation:annotation-experimental:1.4.1 -> 1.5.1 (*)
|         |    |         +--- androidx.collection:collection:1.5.0 (*)
|         |    |         +--- androidx.compose.runtime:runtime-annotation:1.13.0-alpha01 (*)
|         |    |         +--- org.jetbrains.kotlin:kotlin-stdlib:2.1.20 -> 2.4.10 (*)
|         |    |         +--- org.jetbrains.kotlinx:kotlinx-coroutines-android:1.9.0 -> 1.11.0 (*)
|         |    |         +--- org.jetbrains.kotlinx:kotlinx-coroutines-core:1.9.0 -> 1.11.0 (*)
|         |    |         +--- androidx.compose.runtime:runtime-annotation:1.13.0-alpha01 (c)
|         |    |         +--- androidx.compose.runtime:runtime-retain:1.13.0-alpha01 (c)
|         |    |         +--- androidx.compose.runtime:runtime-saveable:1.13.0-alpha01 (c)
|         |    |         \--- org.jetbrains.compose.runtime:runtime:1.9.0 -> 1.11.1 (c)
|         |    +--- androidx.compose.runtime:runtime-saveable:1.7.0 -> 1.13.0-alpha01
|         |    |    \--- androidx.compose.runtime:runtime-saveable-android:1.13.0-alpha01
|         |    |         +--- androidx.annotation:annotation:1.8.1 -> 1.10.0 (*)
|         |    |         +--- androidx.collection:collection:1.5.0 (*)
|         |    |         +--- androidx.compose.runtime:runtime:1.13.0-alpha01 (*)
|         |    |         +--- androidx.lifecycle:lifecycle-runtime-compose:2.9.4 -> 2.11.0
|         |    |         |    \--- androidx.lifecycle:lifecycle-runtime-compose-android:2.11.0
|         |    |         |         +--- androidx.annotation:annotation:1.9.1 -> 1.10.0 (*)
|         |    |         |         +--- androidx.compose.runtime:runtime:1.11.0 -> 1.13.0-alpha01 (*)
|         |    |         |         +--- androidx.lifecycle:lifecycle-runtime:2.11.0 (*)
|         |    |         |         +--- androidx.lifecycle:lifecycle-runtime-ktx:2.11.0
|         |    |         |         |    \--- androidx.lifecycle:lifecycle-runtime-ktx-android:2.11.0
|         |    |         |         |         +--- androidx.annotation:annotation:1.9.1 -> 1.10.0 (*)
|         |    |         |         |         +--- androidx.lifecycle:lifecycle-runtime:2.11.0 (*)
|         |    |         |         |         +--- org.jetbrains.kotlin:kotlin-stdlib:2.1.20 -> 2.4.10 (*)
|         |    |         |         |         +--- org.jetbrains.kotlinx:kotlinx-coroutines-android:1.9.0 -> 1.11.0 (*)
|         |    |         |         |         +--- androidx.lifecycle:lifecycle-common:2.11.0 (c)
|         |    |         |         |         +--- androidx.lifecycle:lifecycle-common-java8:2.11.0 (c)
|         |    |         |         |         +--- androidx.lifecycle:lifecycle-livedata:2.11.0 (c)
|         |    |         |         |         +--- androidx.lifecycle:lifecycle-livedata-core:2.11.0 (c)
|         |    |         |         |         +--- androidx.lifecycle:lifecycle-livedata-core-ktx:2.11.0 (c)
|         |    |         |         |         +--- androidx.lifecycle:lifecycle-process:2.11.0 (c)
|         |    |         |         |         +--- androidx.lifecycle:lifecycle-runtime:2.11.0 (c)
|         |    |         |         |         +--- androidx.lifecycle:lifecycle-runtime-compose:2.11.0 (c)
|         |    |         |         |         +--- androidx.lifecycle:lifecycle-service:2.11.0 (c)
|         |    |         |         |         +--- androidx.lifecycle:lifecycle-viewmodel:2.11.0 (c)
|         |    |         |         |         +--- androidx.lifecycle:lifecycle-viewmodel-compose:2.11.0 (c)
|         |    |         |         |         +--- androidx.lifecycle:lifecycle-viewmodel-ktx:2.11.0 (c)
|         |    |         |         |         \--- androidx.lifecycle:lifecycle-viewmodel-savedstate:2.11.0 (c)
|         |    |         |         +--- org.jetbrains.kotlin:kotlin-stdlib:2.1.20 -> 2.4.10 (*)
|         |    |         |         +--- androidx.lifecycle:lifecycle-common:2.11.0 (c)
|         |    |         |         +--- androidx.lifecycle:lifecycle-common-java8:2.11.0 (c)
|         |    |         |         +--- androidx.lifecycle:lifecycle-livedata:2.11.0 (c)
|         |    |         |         +--- androidx.lifecycle:lifecycle-livedata-core:2.11.0 (c)
|         |    |         |         +--- androidx.lifecycle:lifecycle-process:2.11.0 (c)
|         |    |         |         +--- androidx.lifecycle:lifecycle-runtime:2.11.0 (c)
|         |    |         |         +--- androidx.lifecycle:lifecycle-runtime-ktx:2.11.0 (c)
|         |    |         |         +--- androidx.lifecycle:lifecycle-service:2.11.0 (c)
|         |    |         |         +--- androidx.lifecycle:lifecycle-viewmodel:2.11.0 (c)
|         |    |         |         +--- androidx.lifecycle:lifecycle-viewmodel-compose:2.11.0 (c)
|         |    |         |         +--- androidx.lifecycle:lifecycle-viewmodel-savedstate:2.11.0 (c)
|         |    |         |         +--- androidx.compose.ui:ui:1.7.0 -> 1.13.0-alpha01 (c)
|         |    |         |         +--- org.jetbrains.androidx.lifecycle:lifecycle-runtime-compose:2.9.5 -> 2.10.0-beta01 (c)
|         |    |         |         +--- androidx.lifecycle:lifecycle-livedata-core-ktx:2.11.0 (c)
|         |    |         |         \--- androidx.lifecycle:lifecycle-viewmodel-ktx:2.11.0 (c)
|         |    |         +--- androidx.savedstate:savedstate-compose:1.3.2 -> 1.4.0
|         |    |         |    \--- androidx.savedstate:savedstate-compose-android:1.4.0
|         |    |         |         +--- androidx.annotation:annotation:1.9.1 -> 1.10.0 (*)
|         |    |         |         +--- androidx.compose.runtime:runtime:1.9.0 -> 1.13.0-alpha01 (*)
|         |    |         |         +--- androidx.core:core-ktx:1.13.1 -> 1.19.0 (*)
|         |    |         |         +--- androidx.savedstate:savedstate:1.4.0 (*)
|         |    |         |         +--- androidx.savedstate:savedstate:1.4.0 (c)
|         |    |         |         \--- androidx.savedstate:savedstate-ktx:1.4.0 (c)
|         |    |         +--- org.jetbrains.kotlin:kotlin-stdlib:2.1.20 -> 2.4.10 (*)
|         |    |         +--- androidx.compose.runtime:runtime:1.13.0-alpha01 (c)
|         |    |         +--- androidx.compose.runtime:runtime-annotation:1.13.0-alpha01 (c)
|         |    |         +--- androidx.compose.runtime:runtime-retain:1.13.0-alpha01 (c)
|         |    |         \--- org.jetbrains.compose.runtime:runtime-saveable:1.9.2 -> 1.11.1 (c)
|         |    +--- androidx.compose.ui:ui:1.0.1 -> 1.13.0-alpha01
|         |    |    \--- androidx.compose.ui:ui-android:1.13.0-alpha01
|         |    |         +--- androidx.activity:activity-ktx:1.7.0 -> 1.13.0
|         |    |         |    +--- androidx.activity:activity:1.13.0 (*)
|         |    |         |    +--- androidx.lifecycle:lifecycle-runtime-ktx:2.6.1 -> 2.11.0 (*)
|         |    |         |    +--- androidx.lifecycle:lifecycle-viewmodel-ktx:2.6.1 -> 2.11.0
|         |    |         |    |    +--- androidx.lifecycle:lifecycle-viewmodel:2.11.0 (*)
|         |    |         |    |    +--- org.jetbrains.kotlin:kotlin-stdlib:2.1.20 -> 2.4.10 (*)
|         |    |         |    |    +--- org.jetbrains.kotlinx:kotlinx-coroutines-android:1.9.0 -> 1.11.0 (*)
|         |    |         |    |    +--- androidx.lifecycle:lifecycle-common:2.11.0 (c)
|         |    |         |    |    +--- androidx.lifecycle:lifecycle-common-java8:2.11.0 (c)
|         |    |         |    |    +--- androidx.lifecycle:lifecycle-livedata:2.11.0 (c)
|         |    |         |    |    +--- androidx.lifecycle:lifecycle-livedata-core:2.11.0 (c)
|         |    |         |    |    +--- androidx.lifecycle:lifecycle-livedata-core-ktx:2.11.0 (c)
|         |    |         |    |    +--- androidx.lifecycle:lifecycle-process:2.11.0 (c)
|         |    |         |    |    +--- androidx.lifecycle:lifecycle-runtime:2.11.0 (c)
|         |    |         |    |    +--- androidx.lifecycle:lifecycle-runtime-compose:2.11.0 (c)
|         |    |         |    |    +--- androidx.lifecycle:lifecycle-runtime-ktx:2.11.0 (c)
|         |    |         |    |    +--- androidx.lifecycle:lifecycle-service:2.11.0 (c)
|         |    |         |    |    +--- androidx.lifecycle:lifecycle-viewmodel:2.11.0 (c)
|         |    |         |    |    +--- androidx.lifecycle:lifecycle-viewmodel-compose:2.11.0 (c)
|         |    |         |    |    \--- androidx.lifecycle:lifecycle-viewmodel-savedstate:2.11.0 (c)
|         |    |         |    +--- androidx.savedstate:savedstate-ktx:1.2.1 -> 1.4.0
|         |    |         |    |    +--- androidx.savedstate:savedstate:1.4.0 (*)
|         |    |         |    |    +--- org.jetbrains.kotlin:kotlin-stdlib -> 2.4.10 (*)
|         |    |         |    |    +--- androidx.savedstate:savedstate:1.4.0 (c)
|         |    |         |    |    +--- androidx.savedstate:savedstate-compose:1.4.0 (c)
|         |    |         |    |    \--- org.jetbrains.kotlin:kotlin-stdlib:2.0.21 -> 2.4.10 (c)
|         |    |         |    +--- org.jetbrains.kotlin:kotlin-stdlib:2.1.20 -> 2.4.10 (*)
|         |    |         |    +--- androidx.activity:activity:1.13.0 (c)
|         |    |         |    \--- androidx.activity:activity-compose:1.13.0 (c)
|         |    |         +--- androidx.annotation:annotation:1.8.1 -> 1.10.0 (*)
|         |    |         +--- androidx.annotation:annotation-experimental:1.4.1 -> 1.5.1 (*)
|         |    |         +--- androidx.autofill:autofill:1.0.0
|         |    |         |    \--- androidx.core:core:1.1.0 -> 1.19.0 (*)
|         |    |         +--- androidx.collection:collection:1.4.2 -> 1.5.0 (*)
|         |    |         +--- androidx.collection:collection:1.5.0 (*)
|         |    |         +--- androidx.compose.runtime:runtime:1.13.0-alpha01 (*)
|         |    |         +--- androidx.compose.runtime:runtime-retain:1.13.0-alpha01
|         |    |         |    \--- androidx.compose.runtime:runtime-retain-android:1.13.0-alpha01
|         |    |         |         +--- androidx.collection:collection:1.5.0 (*)
|         |    |         |         +--- androidx.compose.runtime:runtime:1.13.0-alpha01 (*)
|         |    |         |         +--- org.jetbrains.kotlin:kotlin-stdlib:2.1.20 -> 2.4.10 (*)
|         |    |         |         +--- org.jetbrains.kotlinx:kotlinx-coroutines-core:1.9.0 -> 1.11.0 (*)
|         |    |         |         +--- androidx.compose.runtime:runtime:1.13.0-alpha01 (c)
|         |    |         |         +--- androidx.compose.runtime:runtime-annotation:1.13.0-alpha01 (c)
|         |    |         |         \--- androidx.compose.runtime:runtime-saveable:1.13.0-alpha01 (c)
|         |    |         +--- androidx.compose.runtime:runtime-saveable:1.13.0-alpha01 (*)
|         |    |         +--- androidx.compose.ui:ui-geometry:1.13.0-alpha01
|         |    |         |    \--- androidx.compose.ui:ui-geometry-android:1.13.0-alpha01
|         |    |         |         +--- androidx.annotation:annotation:1.8.1 -> 1.10.0 (*)
|         |    |         |         +--- androidx.compose.runtime:runtime:1.13.0-alpha01 (*)
|         |    |         |         +--- androidx.compose.ui:ui-util:1.13.0-alpha01
|         |    |         |         |    \--- androidx.compose.ui:ui-util-android:1.13.0-alpha01
|         |    |         |         |         +--- androidx.annotation:annotation-experimental:1.4.1 -> 1.5.1 (*)
|         |    |         |         |         +--- androidx.collection:collection:1.4.3 -> 1.5.0 (*)
|         |    |         |         |         +--- androidx.compose.runtime:runtime:1.13.0-alpha01 (*)
|         |    |         |         |         +--- org.jetbrains.kotlin:kotlin-stdlib:2.1.20 -> 2.4.10 (*)
|         |    |         |         |         +--- androidx.compose.ui:ui:1.13.0-alpha01 (c)
|         |    |         |         |         +--- androidx.compose.ui:ui-geometry:1.13.0-alpha01 (c)
|         |    |         |         |         +--- androidx.compose.ui:ui-graphics:1.13.0-alpha01 (c)
|         |    |         |         |         +--- androidx.compose.ui:ui-text:1.13.0-alpha01 (c)
|         |    |         |         |         +--- androidx.compose.ui:ui-tooling:1.13.0-alpha01 (c)
|         |    |         |         |         +--- androidx.compose.ui:ui-tooling-data:1.13.0-alpha01 (c)
|         |    |         |         |         +--- androidx.compose.ui:ui-tooling-preview:1.13.0-alpha01 (c)
|         |    |         |         |         \--- androidx.compose.ui:ui-unit:1.13.0-alpha01 (c)
|         |    |         |         +--- org.jetbrains.kotlin:kotlin-stdlib:2.1.20 -> 2.4.10 (*)
|         |    |         |         +--- androidx.compose.ui:ui:1.13.0-alpha01 (c)
|         |    |         |         +--- androidx.compose.ui:ui-graphics:1.13.0-alpha01 (c)
|         |    |         |         +--- androidx.compose.ui:ui-text:1.13.0-alpha01 (c)
|         |    |         |         +--- androidx.compose.ui:ui-tooling:1.13.0-alpha01 (c)
|         |    |         |         +--- androidx.compose.ui:ui-tooling-data:1.13.0-alpha01 (c)
|         |    |         |         +--- androidx.compose.ui:ui-tooling-preview:1.13.0-alpha01 (c)
|         |    |         |         +--- androidx.compose.ui:ui-unit:1.13.0-alpha01 (c)
|         |    |         |         \--- androidx.compose.ui:ui-util:1.13.0-alpha01 (c)
|         |    |         +--- androidx.compose.ui:ui-graphics:1.13.0-alpha01
|         |    |         |    \--- androidx.compose.ui:ui-graphics-android:1.13.0-alpha01
|         |    |         |         +--- androidx.annotation:annotation:1.7.0 -> 1.10.0 (*)
|         |    |         |         +--- androidx.annotation:annotation-experimental:1.4.1 -> 1.5.1 (*)
|         |    |         |         +--- androidx.collection:collection:1.4.2 -> 1.5.0 (*)
|         |    |         |         +--- androidx.compose.runtime:runtime:1.13.0-alpha01 (*)
|         |    |         |         +--- androidx.compose.ui:ui-unit:1.13.0-alpha01
|         |    |         |         |    \--- androidx.compose.ui:ui-unit-android:1.13.0-alpha01
|         |    |         |         |         +--- androidx.annotation:annotation:1.8.1 -> 1.10.0 (*)
|         |    |         |         |         +--- androidx.annotation:annotation-experimental:1.4.1 -> 1.5.1 (*)
|         |    |         |         |         +--- androidx.collection:collection:1.4.2 -> 1.5.0 (*)
|         |    |         |         |         +--- androidx.collection:collection-ktx:1.4.2 -> 1.5.0
|         |    |         |         |         |    +--- androidx.collection:collection:1.5.0 (*)
|         |    |         |         |         |    \--- androidx.collection:collection:1.5.0 (c)
|         |    |         |         |         +--- androidx.compose.runtime:runtime:1.13.0-alpha01 (*)
|         |    |         |         |         +--- androidx.compose.ui:ui-geometry:1.13.0-alpha01 (*)
|         |    |         |         |         +--- androidx.compose.ui:ui-util:1.13.0-alpha01 (*)
|         |    |         |         |         +--- org.jetbrains.kotlin:kotlin-stdlib:2.1.20 -> 2.4.10 (*)
|         |    |         |         |         +--- androidx.compose.ui:ui:1.13.0-alpha01 (c)
|         |    |         |         |         +--- androidx.compose.ui:ui-geometry:1.13.0-alpha01 (c)
|         |    |         |         |         +--- androidx.compose.ui:ui-graphics:1.13.0-alpha01 (c)
|         |    |         |         |         +--- androidx.compose.ui:ui-text:1.13.0-alpha01 (c)
|         |    |         |         |         +--- androidx.compose.ui:ui-tooling:1.13.0-alpha01 (c)
|         |    |         |         |         +--- androidx.compose.ui:ui-tooling-data:1.13.0-alpha01 (c)
|         |    |         |         |         +--- androidx.compose.ui:ui-tooling-preview:1.13.0-alpha01 (c)
|         |    |         |         |         \--- androidx.compose.ui:ui-util:1.13.0-alpha01 (c)
|         |    |         |         +--- androidx.compose.ui:ui-util:1.13.0-alpha01 (*)
|         |    |         |         +--- androidx.core:core:1.12.0 -> 1.19.0 (*)
|         |    |         |         +--- androidx.graphics:graphics-path:1.0.1
|         |    |         |         |    +--- androidx.core:core:1.12.0 -> 1.19.0 (*)
|         |    |         |         |    \--- org.jetbrains.kotlin:kotlin-stdlib:1.8.22 -> 2.4.10 (*)
|         |    |         |         +--- org.jetbrains.kotlin:kotlin-stdlib:2.1.20 -> 2.4.10 (*)
|         |    |         |         +--- androidx.compose.ui:ui:1.13.0-alpha01 (c)
|         |    |         |         +--- androidx.compose.ui:ui-geometry:1.13.0-alpha01 (c)
|         |    |         |         +--- androidx.compose.ui:ui-text:1.13.0-alpha01 (c)
|         |    |         |         +--- androidx.compose.ui:ui-tooling:1.13.0-alpha01 (c)
|         |    |         |         +--- androidx.compose.ui:ui-tooling-data:1.13.0-alpha01 (c)
|         |    |         |         +--- androidx.compose.ui:ui-tooling-preview:1.13.0-alpha01 (c)
|         |    |         |         +--- androidx.compose.ui:ui-unit:1.13.0-alpha01 (c)
|         |    |         |         \--- androidx.compose.ui:ui-util:1.13.0-alpha01 (c)
|         |    |         +--- androidx.compose.ui:ui-text:1.13.0-alpha01
|         |    |         |    \--- androidx.compose.ui:ui-text-android:1.13.0-alpha01
|         |    |         |         +--- androidx.annotation:annotation:1.8.1 -> 1.10.0 (*)
|         |    |         |         +--- androidx.annotation:annotation-experimental:1.4.1 -> 1.5.1 (*)
|         |    |         |         +--- androidx.collection:collection:1.5.0 (*)
|         |    |         |         +--- androidx.compose.runtime:runtime:1.13.0-alpha01 (*)
|         |    |         |         +--- androidx.compose.runtime:runtime-saveable:1.13.0-alpha01 (*)
|         |    |         |         +--- androidx.compose.ui:ui-graphics:1.13.0-alpha01 (*)
|         |    |         |         +--- androidx.compose.ui:ui-unit:1.13.0-alpha01 (*)
|         |    |         |         +--- androidx.compose.ui:ui-util:1.13.0-alpha01 (*)
|         |    |         |         +--- androidx.core:core:1.7.0 -> 1.19.0 (*)
|         |    |         |         +--- androidx.emoji2:emoji2:1.4.0
|         |    |         |         |    +--- androidx.annotation:annotation:1.2.0 -> 1.10.0 (*)
|         |    |         |         |    +--- androidx.collection:collection:1.1.0 -> 1.5.0 (*)
|         |    |         |         |    +--- androidx.core:core:1.3.0 -> 1.19.0 (*)
|         |    |         |         |    +--- androidx.lifecycle:lifecycle-process:2.4.1 -> 2.11.0
|         |    |         |         |    |    +--- androidx.annotation:annotation:1.9.1 -> 1.10.0 (*)
|         |    |         |         |    |    +--- androidx.lifecycle:lifecycle-runtime:2.11.0 (*)
|         |    |         |         |    |    +--- androidx.startup:startup-runtime:1.1.1 -> 1.2.0 (*)
|         |    |         |         |    |    +--- org.jetbrains.kotlin:kotlin-stdlib:2.1.20 -> 2.4.10 (*)
|         |    |         |         |    |    +--- androidx.lifecycle:lifecycle-common:2.11.0 (c)
|         |    |         |         |    |    +--- androidx.lifecycle:lifecycle-runtime:2.11.0 (c)
|         |    |         |         |    |    +--- androidx.lifecycle:lifecycle-runtime-compose:2.11.0 (c)
|         |    |         |         |    |    +--- androidx.lifecycle:lifecycle-viewmodel:2.11.0 (c)
|         |    |         |         |    |    +--- androidx.lifecycle:lifecycle-viewmodel-compose:2.11.0 (c)
|         |    |         |         |    |    +--- androidx.lifecycle:lifecycle-livedata:2.11.0 (c)
|         |    |         |         |    |    +--- androidx.lifecycle:lifecycle-service:2.11.0 (c)
|         |    |         |         |    |    +--- androidx.lifecycle:lifecycle-viewmodel-savedstate:2.11.0 (c)
|         |    |         |         |    |    +--- androidx.lifecycle:lifecycle-livedata-core:2.11.0 (c)
|         |    |         |         |    |    +--- androidx.lifecycle:lifecycle-common-java8:2.11.0 (c)
|         |    |         |         |    |    +--- androidx.lifecycle:lifecycle-runtime-ktx:2.11.0 (c)
|         |    |         |         |    |    +--- androidx.lifecycle:lifecycle-livedata-core-ktx:2.11.0 (c)
|         |    |         |         |    |    \--- androidx.lifecycle:lifecycle-viewmodel-ktx:2.11.0 (c)
|         |    |         |         |    +--- androidx.startup:startup-runtime:1.0.0 -> 1.2.0 (*)
|         |    |         |         |    \--- androidx.emoji2:emoji2-views-helper:1.4.0 (c)
|         |    |         |         +--- org.jetbrains.kotlin:kotlin-stdlib:2.1.20 -> 2.4.10 (*)
|         |    |         |         +--- org.jetbrains.kotlinx:kotlinx-coroutines-core:1.9.0 -> 1.11.0 (*)
|         |    |         |         +--- androidx.compose.ui:ui:1.13.0-alpha01 (c)
|         |    |         |         +--- androidx.compose.ui:ui-geometry:1.13.0-alpha01 (c)
|         |    |         |         +--- androidx.compose.ui:ui-graphics:1.13.0-alpha01 (c)
|         |    |         |         +--- androidx.compose.ui:ui-tooling:1.13.0-alpha01 (c)
|         |    |         |         +--- androidx.compose.ui:ui-tooling-data:1.13.0-alpha01 (c)
|         |    |         |         +--- androidx.compose.ui:ui-tooling-preview:1.13.0-alpha01 (c)
|         |    |         |         +--- androidx.compose.ui:ui-unit:1.13.0-alpha01 (c)
|         |    |         |         \--- androidx.compose.ui:ui-util:1.13.0-alpha01 (c)
|         |    |         +--- androidx.compose.ui:ui-unit:1.13.0-alpha01 (*)
|         |    |         +--- androidx.compose.ui:ui-util:1.13.0-alpha01 (*)
|         |    |         +--- androidx.core:core:1.16.0 -> 1.19.0 (*)
|         |    |         +--- androidx.customview:customview-poolingcontainer:1.0.0
|         |    |         |    +--- androidx.core:core-ktx:1.5.0 -> 1.19.0 (*)
|         |    |         |    \--- org.jetbrains.kotlin:kotlin-stdlib:1.6.21 -> 2.4.10 (*)
|         |    |         +--- androidx.emoji2:emoji2:1.2.0 -> 1.4.0 (*)
|         |    |         +--- androidx.lifecycle:lifecycle-runtime-compose:2.8.7 -> 2.11.0 (*)
|         |    |         +--- androidx.lifecycle:lifecycle-viewmodel:2.9.2 -> 2.11.0 (*)
|         |    |         +--- androidx.lifecycle:lifecycle-viewmodel-ktx:2.9.2 -> 2.11.0 (*)
|         |    |         +--- androidx.profileinstaller:profileinstaller:1.4.0 -> 1.4.1 (*)
|         |    |         +--- androidx.savedstate:savedstate-compose:1.3.0 -> 1.4.0 (*)
|         |    |         +--- androidx.savedstate:savedstate-ktx:1.3.1 -> 1.4.0 (*)
|         |    |         +--- androidx.window:window:1.5.0
|         |    |         |    +--- androidx.annotation:annotation:1.8.1 -> 1.10.0 (*)
|         |    |         |    +--- androidx.collection:collection:1.4.2 -> 1.5.0 (*)
|         |    |         |    +--- androidx.core:core:1.8.0 -> 1.19.0 (*)
|         |    |         |    +--- androidx.window:window-core:1.5.0
|         |    |         |    |    \--- androidx.window:window-core-android:1.5.0
|         |    |         |    |         +--- androidx.annotation:annotation:1.9.1 -> 1.10.0 (*)
|         |    |         |    |         +--- org.jetbrains.kotlin:kotlin-stdlib -> 2.4.10 (*)
|         |    |         |    |         +--- androidx.window:window:1.5.0 (c)
|         |    |         |    |         \--- org.jetbrains.kotlin:kotlin-stdlib:2.0.21 -> 2.4.10 (c)
|         |    |         |    +--- org.jetbrains.kotlin:kotlin-stdlib -> 2.4.10 (*)
|         |    |         |    +--- org.jetbrains.kotlinx:kotlinx-coroutines-android:1.8.1 -> 1.11.0 (*)
|         |    |         |    +--- org.jspecify:jspecify:1.0.0
|         |    |         |    +--- androidx.window:window-core:1.5.0 (c)
|         |    |         |    \--- org.jetbrains.kotlin:kotlin-stdlib:2.0.21 -> 2.4.10 (c)
|         |    |         +--- org.jetbrains.kotlin:kotlin-stdlib:2.1.20 -> 2.4.10 (*)
|         |    |         +--- org.jetbrains.kotlinx:kotlinx-coroutines-android:1.9.0 -> 1.11.0 (*)
|         |    |         +--- org.jetbrains.kotlinx:kotlinx-coroutines-core:1.9.0 -> 1.11.0 (*)
|         |    |         +--- org.jspecify:jspecify:1.0.0
|         |    |         +--- androidx.compose.ui:ui-geometry:1.13.0-alpha01 (c)
|         |    |         +--- androidx.compose.ui:ui-graphics:1.13.0-alpha01 (c)
|         |    |         +--- androidx.compose.ui:ui-text:1.13.0-alpha01 (c)
|         |    |         +--- androidx.compose.ui:ui-tooling:1.13.0-alpha01 (c)
|         |    |         +--- androidx.compose.ui:ui-tooling-preview:1.13.0-alpha01 (c)
|         |    |         +--- androidx.compose.ui:ui-unit:1.13.0-alpha01 (c)
|         |    |         +--- androidx.compose.ui:ui-util:1.13.0-alpha01 (c)
|         |    |         +--- androidx.compose.foundation:foundation:1.7.0 -> 1.13.0-alpha01 (c)
|         |    |         \--- androidx.compose.ui:ui-tooling-data:1.13.0-alpha01 (c)
|         |    +--- androidx.core:core-ktx:1.18.0 -> 1.19.0 (*)
|         |    +--- androidx.lifecycle:lifecycle-common:2.9.4 -> 2.11.0 (*)
|         |    +--- androidx.lifecycle:lifecycle-runtime:2.9.4 -> 2.11.0 (*)
|         |    +--- androidx.lifecycle:lifecycle-runtime-compose:2.9.4 -> 2.11.0 (*)
|         |    +--- androidx.lifecycle:lifecycle-viewmodel:2.9.4 -> 2.11.0 (*)
|         |    +--- androidx.navigationevent:navigationevent-compose:1.0.0 -> 1.1.1
|         |    |    \--- androidx.navigationevent:navigationevent-compose-android:1.1.1
|         |    |         +--- androidx.compose.runtime:runtime:1.11.0-rc01 -> 1.13.0-alpha01 (*)
|         |    |         +--- androidx.compose.ui:ui:1.11.0-rc01 -> 1.13.0-alpha01 (*)
|         |    |         +--- androidx.navigationevent:navigationevent:1.1.1 (*)
|         |    |         +--- org.jetbrains.kotlin:kotlin-stdlib:2.1.20 -> 2.4.10 (*)
|         |    |         +--- org.jetbrains.kotlinx:kotlinx-coroutines-core:1.9.0 -> 1.11.0 (*)
|         |    |         \--- androidx.navigationevent:navigationevent:1.1.1 (c)
|         |    +--- androidx.savedstate:savedstate:1.2.1 -> 1.4.0 (*)
|         |    +--- org.jetbrains.kotlin:kotlin-stdlib:2.1.20 -> 2.4.10 (*)
|         |    +--- org.jetbrains.kotlinx:kotlinx-coroutines-core:1.9.0 -> 1.11.0 (*)
|         |    +--- androidx.activity:activity:1.13.0 (c)
|         |    \--- androidx.activity:activity-ktx:1.13.0 (c)
|         +--- androidx.annotation:annotation:1.8.1 -> 1.10.0 (*)
|         +--- androidx.compose.animation:animation:1.10.0 -> 1.13.0-alpha01
|         |    \--- androidx.compose.animation:animation-android:1.13.0-alpha01
|         |         +--- androidx.annotation:annotation:1.8.1 -> 1.10.0 (*)
|         |         +--- androidx.annotation:annotation-experimental:1.4.1 -> 1.5.1 (*)
|         |         +--- androidx.collection:collection:1.5.0 (*)
|         |         +--- androidx.compose.animation:animation-core:1.13.0-alpha01
|         |         |    \--- androidx.compose.animation:animation-core-android:1.13.0-alpha01
|         |         |         +--- androidx.annotation:annotation:1.8.1 -> 1.10.0 (*)
|         |         |         +--- androidx.collection:collection:1.5.0 (*)
|         |         |         +--- androidx.compose.runtime:runtime:1.13.0-alpha01 (*)
|         |         |         +--- androidx.compose.ui:ui:1.10.0 -> 1.13.0-alpha01 (*)
|         |         |         +--- androidx.compose.ui:ui-graphics:1.10.0 -> 1.13.0-alpha01 (*)
|         |         |         +--- androidx.compose.ui:ui-unit:1.10.0 -> 1.13.0-alpha01 (*)
|         |         |         +--- androidx.compose.ui:ui-util:1.10.0 -> 1.13.0-alpha01 (*)
|         |         |         +--- org.jetbrains.kotlin:kotlin-stdlib:2.1.20 -> 2.4.10 (*)
|         |         |         +--- org.jetbrains.kotlinx:kotlinx-coroutines-core:1.9.0 -> 1.11.0 (*)
|         |         |         \--- androidx.compose.animation:animation:1.13.0-alpha01 (c)
|         |         +--- androidx.compose.foundation:foundation-layout:1.10.0 -> 1.13.0-alpha01
|         |         |    \--- androidx.compose.foundation:foundation-layout-android:1.13.0-alpha01
|         |         |         +--- androidx.annotation:annotation:1.8.1 -> 1.10.0 (*)
|         |         |         +--- androidx.annotation:annotation-experimental:1.4.1 -> 1.5.1 (*)
|         |         |         +--- androidx.collection:collection:1.5.0 (*)
|         |         |         +--- androidx.compose.animation:animation-core:1.2.1 -> 1.13.0-alpha01 (*)
|         |         |         +--- androidx.compose.runtime:runtime:1.13.0-alpha01 (*)
|         |         |         +--- androidx.compose.ui:ui:1.13.0-alpha01 (*)
|         |         |         +--- androidx.compose.ui:ui-unit:1.10.0 -> 1.13.0-alpha01 (*)
|         |         |         +--- androidx.compose.ui:ui-util:1.10.0 -> 1.13.0-alpha01 (*)
|         |         |         +--- androidx.core:core:1.16.0 -> 1.19.0 (*)
|         |         |         +--- org.jetbrains.kotlin:kotlin-stdlib:2.1.20 -> 2.4.10 (*)
|         |         |         \--- androidx.compose.foundation:foundation:1.13.0-alpha01 (c)
|         |         +--- androidx.compose.runtime:runtime:1.13.0-alpha01 (*)
|         |         +--- androidx.compose.ui:ui:1.10.0 -> 1.13.0-alpha01 (*)
|         |         +--- androidx.compose.ui:ui-geometry:1.10.0 -> 1.13.0-alpha01 (*)
|         |         +--- androidx.compose.ui:ui-graphics:1.10.0 -> 1.13.0-alpha01 (*)
|         |         +--- androidx.compose.ui:ui-util:1.10.0 -> 1.13.0-alpha01 (*)
|         |         +--- org.jetbrains.kotlin:kotlin-stdlib:2.1.20 -> 2.4.10 (*)
|         |         \--- androidx.compose.animation:animation-core:1.13.0-alpha01 (c)
|         +--- androidx.compose.material3:material3:1.3.1 -> 1.5.0-alpha26
|         |    \--- androidx.compose.material3:material3-android:1.5.0-alpha26
|         |         +--- androidx.activity:activity-compose:1.8.2 -> 1.13.0 (*)
|         |         +--- androidx.annotation:annotation:1.8.1 -> 1.10.0 (*)
|         |         +--- androidx.annotation:annotation-experimental:1.4.1 -> 1.5.1 (*)
|         |         +--- androidx.collection:collection:1.4.5 -> 1.5.0 (*)
|         |         +--- androidx.compose.animation:animation-core:1.12.0-beta01 -> 1.13.0-alpha01 (*)
|         |         +--- androidx.compose.foundation:foundation:1.12.0-beta01 -> 1.13.0-alpha01
|         |         |    \--- androidx.compose.foundation:foundation-android:1.13.0-alpha01
|         |         |         +--- androidx.annotation:annotation:1.8.1 -> 1.10.0 (*)
|         |         |         +--- androidx.annotation:annotation-experimental:1.4.1 -> 1.5.1 (*)
|         |         |         +--- androidx.collection:collection:1.5.0 (*)
|         |         |         +--- androidx.compose.animation:animation:1.13.0-alpha01 (*)
|         |         |         +--- androidx.compose.foundation:foundation-layout:1.13.0-alpha01 (*)
|         |         |         +--- androidx.compose.runtime:runtime:1.13.0-alpha01 (*)
|         |         |         +--- androidx.compose.ui:ui:1.10.0 -> 1.13.0-alpha01 (*)
|         |         |         +--- androidx.compose.ui:ui-text:1.10.0 -> 1.13.0-alpha01 (*)
|         |         |         +--- androidx.compose.ui:ui-util:1.10.0 -> 1.13.0-alpha01 (*)
|         |         |         +--- androidx.core:core:1.13.1 -> 1.19.0 (*)
|         |         |         +--- androidx.emoji2:emoji2:1.3.0 -> 1.4.0 (*)
|         |         |         +--- org.jetbrains.kotlin:kotlin-stdlib:2.1.20 -> 2.4.10 (*)
|         |         |         \--- androidx.compose.foundation:foundation-layout:1.13.0-alpha01 (c)
|         |         +--- androidx.compose.foundation:foundation-layout:1.12.0-beta01 -> 1.13.0-alpha01 (*)
|         |         +--- androidx.compose.material:material-ripple:1.12.0-beta01 -> 1.13.0-alpha01
|         |         |    \--- androidx.compose.material:material-ripple-android:1.13.0-alpha01
|         |         |         +--- androidx.collection:collection:1.5.0 (*)
|         |         |         +--- androidx.compose.animation:animation:1.7.1 -> 1.13.0-alpha01 (*)
|         |         |         +--- androidx.compose.foundation:foundation:1.7.1 -> 1.13.0-alpha01 (*)
|         |         |         +--- androidx.compose.runtime:runtime:1.13.0-alpha01 (*)
|         |         |         +--- androidx.compose.ui:ui-util:1.7.1 -> 1.13.0-alpha01 (*)
|         |         |         \--- org.jetbrains.kotlin:kotlin-stdlib:2.1.20 -> 2.4.10 (*)
|         |         +--- androidx.compose.material3:material3-ripple:1.5.0-alpha26
|         |         |    \--- androidx.compose.material3:material3-ripple-android:1.5.0-alpha26
|         |         |         +--- androidx.collection:collection:1.5.0 (*)
|         |         |         +--- androidx.compose.animation:animation:1.11.4 -> 1.13.0-alpha01 (*)
|         |         |         +--- androidx.compose.foundation:foundation:1.11.4 -> 1.13.0-alpha01 (*)
|         |         |         +--- androidx.compose.runtime:runtime:1.11.4 -> 1.13.0-alpha01 (*)
|         |         |         +--- androidx.compose.ui:ui-util:1.11.4 -> 1.13.0-alpha01 (*)
|         |         |         +--- org.jetbrains.kotlin:kotlin-stdlib:2.1.20 -> 2.4.10 (*)
|         |         |         \--- androidx.compose.material3:material3:1.5.0-alpha26 (c)
|         |         +--- androidx.compose.runtime:runtime:1.12.0-beta01 -> 1.13.0-alpha01 (*)
|         |         +--- androidx.compose.ui:ui:1.12.0-beta01 -> 1.13.0-alpha01 (*)
|         |         +--- androidx.compose.ui:ui-text:1.12.0-beta01 -> 1.13.0-alpha01 (*)
|         |         +--- androidx.compose.ui:ui-util:1.12.0-beta01 -> 1.13.0-alpha01 (*)
|         |         +--- androidx.graphics:graphics-shapes:1.0.1 -> 1.1.0
|         |         |    \--- androidx.graphics:graphics-shapes-android:1.1.0
|         |         |         +--- androidx.annotation:annotation:1.9.1 -> 1.10.0 (*)
|         |         |         +--- androidx.annotation:annotation-experimental:1.4.1 -> 1.5.1 (*)
|         |         |         +--- androidx.collection:collection:1.5.0 (*)
|         |         |         +--- androidx.core:core-ktx:1.10.0 -> 1.19.0 (*)
|         |         |         +--- org.jetbrains.kotlin:kotlin-stdlib -> 2.4.10 (*)
|         |         |         \--- org.jetbrains.kotlin:kotlin-stdlib:2.0.21 -> 2.4.10 (c)
|         |         +--- androidx.lifecycle:lifecycle-common-java8:2.6.1 -> 2.11.0
|         |         |    +--- androidx.annotation:annotation:1.8.1 -> 1.10.0 (*)
|         |         |    +--- androidx.lifecycle:lifecycle-common:2.11.0 (*)
|         |         |    +--- androidx.lifecycle:lifecycle-common:2.11.0 (c)
|         |         |    +--- androidx.lifecycle:lifecycle-livedata:2.11.0 (c)
|         |         |    +--- androidx.lifecycle:lifecycle-livedata-core:2.11.0 (c)
|         |         |    +--- androidx.lifecycle:lifecycle-livedata-core-ktx:2.11.0 (c)
|         |         |    +--- androidx.lifecycle:lifecycle-process:2.11.0 (c)
|         |         |    +--- androidx.lifecycle:lifecycle-runtime:2.11.0 (c)
|         |         |    +--- androidx.lifecycle:lifecycle-runtime-compose:2.11.0 (c)
|         |         |    +--- androidx.lifecycle:lifecycle-runtime-ktx:2.11.0 (c)
|         |         |    +--- androidx.lifecycle:lifecycle-service:2.11.0 (c)
|         |         |    +--- androidx.lifecycle:lifecycle-viewmodel:2.11.0 (c)
|         |         |    +--- androidx.lifecycle:lifecycle-viewmodel-compose:2.11.0 (c)
|         |         |    +--- androidx.lifecycle:lifecycle-viewmodel-savedstate:2.11.0 (c)
|         |         |    \--- androidx.lifecycle:lifecycle-viewmodel-ktx:2.11.0 (c)
|         |         +--- org.jetbrains.kotlin:kotlin-stdlib:2.1.20 -> 2.4.10 (*)
|         |         \--- androidx.compose.material3:material3-ripple:1.5.0-alpha26 (c)
|         +--- androidx.compose.runtime:runtime:1.13.0-alpha01 (*)
|         +--- androidx.compose.ui:ui:1.13.0-alpha01 (*)
|         +--- androidx.compose.ui:ui-tooling-data:1.13.0-alpha01
|         |    \--- androidx.compose.ui:ui-tooling-data-android:1.13.0-alpha01
|         |         +--- androidx.compose.runtime:runtime:1.13.0-alpha01 (*)
|         |         +--- androidx.compose.ui:ui:1.13.0-alpha01 (*)
|         |         +--- org.jetbrains.kotlin:kotlin-stdlib:2.1.20 -> 2.4.10 (*)
|         |         +--- androidx.compose.ui:ui:1.13.0-alpha01 (c)
|         |         +--- androidx.compose.ui:ui-geometry:1.13.0-alpha01 (c)
|         |         +--- androidx.compose.ui:ui-graphics:1.13.0-alpha01 (c)
|         |         +--- androidx.compose.ui:ui-text:1.13.0-alpha01 (c)
|         |         +--- androidx.compose.ui:ui-tooling:1.13.0-alpha01 (c)
|         |         +--- androidx.compose.ui:ui-tooling-preview:1.13.0-alpha01 (c)
|         |         +--- androidx.compose.ui:ui-unit:1.13.0-alpha01 (c)
|         |         \--- androidx.compose.ui:ui-util:1.13.0-alpha01 (c)
|         +--- androidx.compose.ui:ui-tooling-preview:1.13.0-alpha01
|         |    \--- androidx.compose.ui:ui-tooling-preview-android:1.13.0-alpha01
|         |         +--- androidx.annotation:annotation:1.9.1 -> 1.10.0 (*)
|         |         +--- androidx.compose.runtime:runtime:1.13.0-alpha01 (*)
|         |         +--- org.jetbrains.kotlin:kotlin-stdlib:2.1.20 -> 2.4.10 (*)
|         |         +--- androidx.compose.ui:ui:1.13.0-alpha01 (c)
|         |         +--- androidx.compose.ui:ui-geometry:1.13.0-alpha01 (c)
|         |         +--- androidx.compose.ui:ui-graphics:1.13.0-alpha01 (c)
|         |         +--- androidx.compose.ui:ui-text:1.13.0-alpha01 (c)
|         |         +--- androidx.compose.ui:ui-tooling:1.13.0-alpha01 (c)
|         |         +--- androidx.compose.ui:ui-tooling-data:1.13.0-alpha01 (c)
|         |         +--- androidx.compose.ui:ui-unit:1.13.0-alpha01 (c)
|         |         \--- androidx.compose.ui:ui-util:1.13.0-alpha01 (c)
|         +--- androidx.lifecycle:lifecycle-common:2.6.1 -> 2.11.0 (*)
|         +--- androidx.navigationevent:navigationevent:1.1.1 (*)
|         +--- androidx.navigationevent:navigationevent-compose:1.1.1 (*)
|         +--- androidx.savedstate:savedstate-ktx:1.2.1 -> 1.4.0 (*)
|         +--- org.jetbrains.kotlin:kotlin-stdlib:2.1.20 -> 2.4.10 (*)
|         +--- androidx.compose.ui:ui:1.13.0-alpha01 (c)
|         +--- androidx.compose.ui:ui-geometry:1.13.0-alpha01 (c)
|         +--- androidx.compose.ui:ui-graphics:1.13.0-alpha01 (c)
|         +--- androidx.compose.ui:ui-text:1.13.0-alpha01 (c)
|         +--- androidx.compose.ui:ui-tooling-data:1.13.0-alpha01 (c)
|         +--- androidx.compose.ui:ui-tooling-preview:1.13.0-alpha01 (c)
|         +--- androidx.compose.ui:ui-unit:1.13.0-alpha01 (c)
|         \--- androidx.compose.ui:ui-util:1.13.0-alpha01 (c)
+--- project ':core:data'
|    +--- com.squareup.okhttp3:okhttp-bom:5.5.0
|    |    +--- com.squareup.okhttp3:okhttp:5.5.0 (c)
|    |    \--- com.squareup.okhttp3:okhttp-android:5.5.0 (c)
|    +--- io.ktor:ktor-client-okhttp:3.5.2
|    |    \--- io.ktor:ktor-client-okhttp-jvm:3.5.2
|    |         +--- org.slf4j:slf4j-api:2.0.18
|    |         +--- io.ktor:ktor-client-core:3.5.2
|    |         |    \--- io.ktor:ktor-client-core-jvm:3.5.2
|    |         |         +--- org.slf4j:slf4j-api:2.0.18
|    |         |         +--- org.jetbrains.kotlinx:kotlinx-coroutines-core:1.11.0 (*)
|    |         |         +--- io.ktor:ktor-http:3.5.2
|    |         |         |    \--- io.ktor:ktor-http-jvm:3.5.2
|    |         |         |         +--- org.slf4j:slf4j-api:2.0.18
|    |         |         |         +--- org.jetbrains.kotlinx:kotlinx-coroutines-core:1.11.0 (*)
|    |         |         |         +--- io.ktor:ktor-utils:3.5.2
|    |         |         |         |    \--- io.ktor:ktor-utils-jvm:3.5.2
|    |         |         |         |         +--- org.slf4j:slf4j-api:2.0.18
|    |         |         |         |         +--- org.jetbrains.kotlinx:kotlinx-coroutines-core:1.11.0 (*)
|    |         |         |         |         +--- io.ktor:ktor-io:3.5.2
|    |         |         |         |         |    \--- io.ktor:ktor-io-jvm:3.5.2
|    |         |         |         |         |         +--- org.slf4j:slf4j-api:2.0.18
|    |         |         |         |         |         +--- org.jetbrains.kotlinx:kotlinx-coroutines-core:1.11.0 (*)
|    |         |         |         |         |         +--- org.jetbrains.kotlinx:kotlinx-io-core:0.9.1
|    |         |         |         |         |         |    \--- org.jetbrains.kotlinx:kotlinx-io-core-jvm:0.9.1
|    |         |         |         |         |         |         +--- org.jetbrains.kotlinx:kotlinx-io-bytestring:0.9.1
|    |         |         |         |         |         |         |    \--- org.jetbrains.kotlinx:kotlinx-io-bytestring-jvm:0.9.1
|    |         |         |         |         |         |         |         \--- org.jetbrains.kotlin:kotlin-stdlib:2.3.0 -> 2.4.10 (*)
|    |         |         |         |         |         |         \--- org.jetbrains.kotlin:kotlin-stdlib:2.3.0 -> 2.4.10 (*)
|    |         |         |         |         |         \--- org.jetbrains.kotlin:kotlin-stdlib:2.3.21 -> 2.4.10 (*)
|    |         |         |         |         +--- org.jetbrains.kotlinx:kotlinx-serialization-core:1.11.0 (*)
|    |         |         |         |         \--- org.jetbrains.kotlin:kotlin-stdlib:2.3.21 -> 2.4.10 (*)
|    |         |         |         +--- org.jetbrains.kotlinx:kotlinx-serialization-core:1.11.0 (*)
|    |         |         |         \--- org.jetbrains.kotlin:kotlin-stdlib:2.3.21 -> 2.4.10 (*)
|    |         |         +--- io.ktor:ktor-http-cio:3.5.2
|    |         |         |    \--- io.ktor:ktor-http-cio-jvm:3.5.2
|    |         |         |         +--- org.slf4j:slf4j-api:2.0.18
|    |         |         |         +--- io.ktor:ktor-network:3.5.2
|    |         |         |         |    \--- io.ktor:ktor-network-jvm:3.5.2
|    |         |         |         |         +--- org.slf4j:slf4j-api:2.0.18
|    |         |         |         |         +--- org.jetbrains.kotlinx:kotlinx-coroutines-core:1.11.0 (*)
|    |         |         |         |         +--- io.ktor:ktor-utils:3.5.2 (*)
|    |         |         |         |         \--- org.jetbrains.kotlin:kotlin-stdlib:2.3.21 -> 2.4.10 (*)
|    |         |         |         +--- org.jetbrains.kotlinx:kotlinx-coroutines-core:1.11.0 (*)
|    |         |         |         +--- io.ktor:ktor-http:3.5.2 (*)
|    |         |         |         +--- io.ktor:ktor-io:3.5.2 (*)
|    |         |         |         \--- org.jetbrains.kotlin:kotlin-stdlib:2.3.21 -> 2.4.10 (*)
|    |         |         +--- io.ktor:ktor-events:3.5.2
|    |         |         |    \--- io.ktor:ktor-events-jvm:3.5.2
|    |         |         |         +--- org.slf4j:slf4j-api:2.0.18
|    |         |         |         +--- org.jetbrains.kotlinx:kotlinx-coroutines-core:1.11.0 (*)
|    |         |         |         +--- io.ktor:ktor-utils:3.5.2 (*)
|    |         |         |         \--- org.jetbrains.kotlin:kotlin-stdlib:2.3.21 -> 2.4.10 (*)
|    |         |         +--- io.ktor:ktor-websocket-serialization:3.5.2
|    |         |         |    \--- io.ktor:ktor-websocket-serialization-jvm:3.5.2
|    |         |         |         +--- org.slf4j:slf4j-api:2.0.18
|    |         |         |         +--- org.jetbrains.kotlinx:kotlinx-coroutines-core:1.11.0 (*)
|    |         |         |         +--- io.ktor:ktor-serialization:3.5.2
|    |         |         |         |    \--- io.ktor:ktor-serialization-jvm:3.5.2
|    |         |         |         |         +--- org.slf4j:slf4j-api:2.0.18
|    |         |         |         |         +--- org.jetbrains.kotlinx:kotlinx-coroutines-core:1.11.0 (*)
|    |         |         |         |         +--- io.ktor:ktor-websockets:3.5.2
|    |         |         |         |         |    \--- io.ktor:ktor-websockets-jvm:3.5.2
|    |         |         |         |         |         +--- org.slf4j:slf4j-api:2.0.18
|    |         |         |         |         |         +--- org.jetbrains.kotlinx:kotlinx-coroutines-core:1.11.0 (*)
|    |         |         |         |         |         +--- io.ktor:ktor-utils:3.5.2 (*)
|    |         |         |         |         |         +--- io.ktor:ktor-http:3.5.2 (*)
|    |         |         |         |         |         \--- org.jetbrains.kotlin:kotlin-stdlib:2.3.21 -> 2.4.10 (*)
|    |         |         |         |         \--- org.jetbrains.kotlin:kotlin-stdlib:2.3.21 -> 2.4.10 (*)
|    |         |         |         \--- org.jetbrains.kotlin:kotlin-stdlib:2.3.21 -> 2.4.10 (*)
|    |         |         +--- io.ktor:ktor-sse:3.5.2
|    |         |         |    \--- io.ktor:ktor-sse-jvm:3.5.2
|    |         |         |         +--- org.slf4j:slf4j-api:2.0.18
|    |         |         |         +--- org.jetbrains.kotlinx:kotlinx-coroutines-core:1.11.0 (*)
|    |         |         |         +--- io.ktor:ktor-utils:3.5.2 (*)
|    |         |         |         \--- org.jetbrains.kotlin:kotlin-stdlib:2.3.21 -> 2.4.10 (*)
|    |         |         +--- org.jetbrains.kotlin:kotlin-stdlib:2.3.21 -> 2.4.10 (*)
|    |         |         \--- org.jetbrains.kotlinx:kotlinx-coroutines-slf4j:1.11.0
|    |         |              +--- org.slf4j:slf4j-api:1.7.32 -> 2.0.18
|    |         |              +--- org.jetbrains.kotlinx:kotlinx-coroutines-core:1.11.0 (*)
|    |         |              +--- org.jetbrains.kotlinx:kotlinx-coroutines-bom:1.11.0 (*)
|    |         |              \--- org.jetbrains.kotlin:kotlin-stdlib:2.2.20 -> 2.4.10 (*)
|    |         +--- com.squareup.okhttp3:okhttp:5.3.2 -> 5.5.0
|    |         |    \--- com.squareup.okhttp3:okhttp-android:5.5.0
|    |         |         +--- org.jetbrains.kotlin:kotlin-stdlib:2.1.21 -> 2.4.10 (*)
|    |         |         +--- com.squareup.okio:okio:3.18.1
|    |         |         |    \--- com.squareup.okio:okio-jvm:3.18.1
|    |         |         |         \--- org.jetbrains.kotlin:kotlin-stdlib:2.1.21 -> 2.4.10 (*)
|    |         |         +--- org.jetbrains.kotlin:kotlin-stdlib:2.2.21 -> 2.4.10 (*)
|    |         |         +--- androidx.annotation:annotation:1.10.0 (*)
|    |         |         \--- androidx.startup:startup-runtime:1.2.0 (*)
|    |         +--- com.squareup.okio:okio:3.17.0 -> 3.18.1 (*)
|    |         +--- org.jetbrains.kotlinx:kotlinx-coroutines-core:1.11.0 (*)
|    |         \--- org.jetbrains.kotlin:kotlin-stdlib:2.3.21 -> 2.4.10 (*)
|    +--- project ':core:common'
|    |    +--- org.jetbrains.kotlinx:kotlinx-coroutines-android:1.11.0 (*)
|    |    +--- com.louiscad.splitties:splitties-appctx:3.0.0
|    |    |    \--- com.louiscad.splitties:splitties-appctx-android:3.0.0
|    |    |         +--- androidx.annotation:annotation:{require 1.2.0; reject _} -> 1.10.0 (*)
|    |    |         +--- org.jetbrains.kotlin:kotlin-stdlib-jdk8:1.5.21 -> 1.9.0
|    |    |         |    +--- org.jetbrains.kotlin:kotlin-stdlib:1.9.0 -> 2.4.10 (*)
|    |    |         |    \--- org.jetbrains.kotlin:kotlin-stdlib-jdk7:1.9.0
|    |    |         |         \--- org.jetbrains.kotlin:kotlin-stdlib:1.9.0 -> 2.4.10 (*)
|    |    |         +--- androidx.startup:startup-runtime:{require 1.1.0; reject _} -> 1.2.0 (*)
|    |    |         \--- com.louiscad.splitties:splitties-experimental:3.0.0
|    |    |              \--- com.louiscad.splitties:splitties-experimental-jvm:3.0.0
|    |    |                   +--- org.jetbrains.kotlin:kotlin-stdlib-jdk8:1.5.21 -> 1.9.0 (*)
|    |    |                   \--- org.jetbrains.kotlin:kotlin-stdlib-common:1.5.21 -> 2.4.10
|    |    |                        \--- org.jetbrains.kotlin:kotlin-stdlib:2.4.10 (*)
|    |    +--- androidx.core:core-ktx:1.19.0 (*)
|    |    +--- org.jetbrains.kotlinx:kotlinx-coroutines-core:1.11.0 (*)
|    |    +--- org.jetbrains.kotlinx:kotlinx-datetime:0.8.0
|    |    |    \--- org.jetbrains.kotlinx:kotlinx-datetime-jvm:0.8.0
|    |    |         \--- org.jetbrains.kotlin:kotlin-stdlib:2.1.20 -> 2.4.10 (*)
|    |    +--- org.jetbrains.kotlinx:kotlinx-io-core:0.9.1 (*)
|    |    +--- com.squareup.okio:okio:3.18.1 (*)
|    |    +--- org.jetbrains.kotlinx:kotlinx-serialization-cbor:1.11.0
|    |    |    \--- org.jetbrains.kotlinx:kotlinx-serialization-cbor-jvm:1.11.0
|    |    |         +--- org.jetbrains.kotlinx:kotlinx-serialization-bom:1.11.0 (*)
|    |    |         +--- org.jetbrains.kotlin:kotlin-stdlib:2.3.20 -> 2.4.10 (*)
|    |    |         \--- org.jetbrains.kotlinx:kotlinx-serialization-core:1.11.0 (*)
|    |    +--- com.squareup.logcat:logcat:0.4
|    |    |    \--- com.squareup.logcat:logcat-android:0.4
|    |    |         +--- org.jetbrains.kotlin:kotlin-stdlib:2.1.21 -> 2.4.10 (*)
|    |    |         \--- org.jetbrains.kotlinx:atomicfu:0.29.0
|    |    |              \--- org.jetbrains.kotlinx:atomicfu-jvm:0.29.0
|    |    |                   \--- org.jetbrains.kotlin:kotlin-stdlib:{prefer 2.2.0} -> 2.4.10 (*)
|    |    +--- io.arrow-kt:arrow-stack:2.2.3
|    |    |    +--- io.arrow-kt:arrow-functions:2.2.3 (c)
|    |    |    +--- io.arrow-kt:arrow-fx-coroutines:2.2.3 (c)
|    |    |    +--- io.arrow-kt:arrow-resilience:2.2.3 (c)
|    |    |    +--- io.arrow-kt:arrow-atomic:2.2.3 (c)
|    |    |    +--- io.arrow-kt:arrow-annotations:2.2.3 (c)
|    |    |    +--- io.arrow-kt:arrow-core:2.2.3 (c)
|    |    |    +--- io.arrow-kt:arrow-autoclose:2.2.3 (c)
|    |    |    \--- io.arrow-kt:arrow-exception-utils:2.2.3 (c)
|    |    +--- io.arrow-kt:arrow-fx-coroutines -> 2.2.3
|    |    |    \--- io.arrow-kt:arrow-fx-coroutines-android:2.2.3
|    |    |         +--- io.arrow-kt:arrow-core:2.2.3
|    |    |         |    \--- io.arrow-kt:arrow-core-android:2.2.3
|    |    |         |         +--- io.arrow-kt:arrow-atomic:2.2.3
|    |    |         |         |    \--- io.arrow-kt:arrow-atomic-android:2.2.3
|    |    |         |         |         +--- org.jetbrains.kotlin:kotlin-stdlib -> 2.4.10 (*)
|    |    |         |         |         \--- org.jetbrains.kotlin:kotlin-stdlib:2.4.0 -> 2.4.10 (c)
|    |    |         |         +--- io.arrow-kt:arrow-annotations:2.2.3
|    |    |         |         |    \--- io.arrow-kt:arrow-annotations-android:2.2.3
|    |    |         |         |         +--- org.jetbrains.kotlin:kotlin-stdlib -> 2.4.10 (*)
|    |    |         |         |         \--- org.jetbrains.kotlin:kotlin-stdlib:2.4.0 -> 2.4.10 (c)
|    |    |         |         +--- io.arrow-kt:arrow-exception-utils:2.2.3
|    |    |         |         |    \--- io.arrow-kt:arrow-exception-utils-android:2.2.3
|    |    |         |         |         +--- org.jetbrains.kotlin:kotlin-stdlib -> 2.4.10 (*)
|    |    |         |         |         \--- org.jetbrains.kotlin:kotlin-stdlib:2.4.0 -> 2.4.10 (c)
|    |    |         |         +--- org.jetbrains.kotlin:kotlin-stdlib -> 2.4.10 (*)
|    |    |         |         \--- org.jetbrains.kotlin:kotlin-stdlib:2.4.0 -> 2.4.10 (c)
|    |    |         +--- io.arrow-kt:arrow-autoclose:2.2.3
|    |    |         |    \--- io.arrow-kt:arrow-autoclose-android:2.2.3
|    |    |         |         +--- org.jetbrains.kotlin:kotlin-stdlib -> 2.4.10 (*)
|    |    |         |         +--- io.arrow-kt:arrow-atomic:2.2.3 (*)
|    |    |         |         +--- io.arrow-kt:arrow-exception-utils:2.2.3 (*)
|    |    |         |         \--- org.jetbrains.kotlin:kotlin-stdlib:2.4.0 -> 2.4.10 (c)
|    |    |         +--- org.jetbrains.kotlinx:kotlinx-coroutines-core:1.11.0 (*)
|    |    |         +--- org.jetbrains.kotlin:kotlin-stdlib -> 2.4.10 (*)
|    |    |         +--- io.arrow-kt:arrow-exception-utils:2.2.3 (*)
|    |    |         \--- org.jetbrains.kotlin:kotlin-stdlib:2.4.0 -> 2.4.10 (c)
|    |    +--- io.arrow-kt:arrow-functions -> 2.2.3
|    |    |    \--- io.arrow-kt:arrow-functions-android:2.2.3
|    |    |         +--- io.arrow-kt:arrow-atomic:2.2.3 (*)
|    |    |         +--- io.arrow-kt:arrow-annotations:2.2.3 (*)
|    |    |         +--- org.jetbrains.kotlin:kotlin-stdlib -> 2.4.10 (*)
|    |    |         \--- org.jetbrains.kotlin:kotlin-stdlib:2.4.0 -> 2.4.10 (c)
|    |    +--- io.arrow-kt:arrow-resilience -> 2.2.3
|    |    |    \--- io.arrow-kt:arrow-resilience-android:2.2.3
|    |    |         +--- org.jetbrains.kotlin:kotlin-stdlib -> 2.4.10 (*)
|    |    |         +--- io.arrow-kt:arrow-fx-coroutines:2.2.3 (*)
|    |    |         \--- org.jetbrains.kotlin:kotlin-stdlib:2.4.0 -> 2.4.10 (c)
|    |    \--- org.jetbrains.kotlin:kotlin-stdlib:2.4.10 (*)
|    +--- androidx.datastore:datastore-preferences:1.2.1
|    |    \--- androidx.datastore:datastore-preferences-android:1.2.1
|    |         +--- androidx.datastore:datastore:1.2.1
|    |         |    \--- androidx.datastore:datastore-android:1.2.1
|    |         |         +--- androidx.annotation:annotation:1.9.1 -> 1.10.0 (*)
|    |         |         +--- androidx.datastore:datastore-core:1.2.1
|    |         |         |    \--- androidx.datastore:datastore-core-android:1.2.1
|    |         |         |         +--- androidx.annotation:annotation:1.9.1 -> 1.10.0 (*)
|    |         |         |         +--- org.jetbrains.kotlin:kotlin-stdlib:2.0.21 -> 2.4.10 (*)
|    |         |         |         +--- org.jetbrains.kotlinx:kotlinx-coroutines-core:1.9.0 -> 1.11.0 (*)
|    |         |         |         +--- androidx.datastore:datastore:1.2.1 (c)
|    |         |         |         +--- androidx.datastore:datastore-core-okio:1.2.1 (c)
|    |         |         |         +--- androidx.datastore:datastore-preferences:1.2.1 (c)
|    |         |         |         +--- androidx.datastore:datastore-preferences-core:1.2.1 (c)
|    |         |         |         +--- androidx.datastore:datastore-preferences-external-protobuf:1.2.1 (c)
|    |         |         |         \--- androidx.datastore:datastore-preferences-proto:1.2.1 (c)
|    |         |         +--- androidx.datastore:datastore-core-okio:1.2.1
|    |         |         |    \--- androidx.datastore:datastore-core-okio-jvm:1.2.1
|    |         |         |         +--- androidx.datastore:datastore-core:1.2.1 (*)
|    |         |         |         +--- com.squareup.okio:okio:3.9.1 -> 3.18.1 (*)
|    |         |         |         +--- org.jetbrains.kotlin:kotlin-stdlib:2.0.21 -> 2.4.10 (*)
|    |         |         |         +--- org.jetbrains.kotlinx:kotlinx-coroutines-core:1.9.0 -> 1.11.0 (*)
|    |         |         |         +--- org.jetbrains.kotlinx:kotlinx-serialization-json:1.7.3 -> 1.11.0
|    |         |         |         |    \--- org.jetbrains.kotlinx:kotlinx-serialization-json-jvm:1.11.0
|    |         |         |         |         +--- org.jetbrains.kotlinx:kotlinx-serialization-bom:1.11.0 (*)
|    |         |         |         |         +--- org.jetbrains.kotlin:kotlin-stdlib:2.3.20 -> 2.4.10 (*)
|    |         |         |         |         \--- org.jetbrains.kotlinx:kotlinx-serialization-core:1.11.0 (*)
|    |         |         |         +--- androidx.datastore:datastore:1.2.1 (c)
|    |         |         |         +--- androidx.datastore:datastore-core:1.2.1 (c)
|    |         |         |         +--- androidx.datastore:datastore-preferences:1.2.1 (c)
|    |         |         |         +--- androidx.datastore:datastore-preferences-core:1.2.1 (c)
|    |         |         |         +--- androidx.datastore:datastore-preferences-external-protobuf:1.2.1 (c)
|    |         |         |         \--- androidx.datastore:datastore-preferences-proto:1.2.1 (c)
|    |         |         +--- com.squareup.okio:okio:3.9.1 -> 3.18.1 (*)
|    |         |         +--- org.jetbrains.kotlin:kotlin-stdlib:2.0.21 -> 2.4.10 (*)
|    |         |         +--- org.jetbrains.kotlinx:kotlinx-coroutines-core:1.9.0 -> 1.11.0 (*)
|    |         |         +--- androidx.datastore:datastore-core:1.2.1 (c)
|    |         |         +--- androidx.datastore:datastore-core-okio:1.2.1 (c)
|    |         |         +--- androidx.datastore:datastore-preferences:1.2.1 (c)
|    |         |         +--- androidx.datastore:datastore-preferences-core:1.2.1 (c)
|    |         |         +--- androidx.datastore:datastore-preferences-proto:1.2.1 (c)
|    |         |         \--- androidx.datastore:datastore-preferences-external-protobuf:1.2.1 (c)
|    |         +--- androidx.datastore:datastore-preferences-core:1.2.1
|    |         |    \--- androidx.datastore:datastore-preferences-core-android:1.2.1
|    |         |         +--- androidx.datastore:datastore-core:1.2.1 (*)
|    |         |         +--- androidx.datastore:datastore-core-okio:1.2.1 (*)
|    |         |         +--- androidx.datastore:datastore-preferences-proto:1.2.1
|    |         |         |    +--- androidx.datastore:datastore-preferences-external-protobuf:1.2.1
|    |         |         |    |    +--- androidx.datastore:datastore:1.2.1 (c)
|    |         |         |    |    +--- androidx.datastore:datastore-core:1.2.1 (c)
|    |         |         |    |    +--- androidx.datastore:datastore-core-okio:1.2.1 (c)
|    |         |         |    |    +--- androidx.datastore:datastore-preferences:1.2.1 (c)
|    |         |         |    |    +--- androidx.datastore:datastore-preferences-core:1.2.1 (c)
|    |         |         |    |    \--- androidx.datastore:datastore-preferences-proto:1.2.1 (c)
|    |         |         |    +--- org.jetbrains.kotlin:kotlin-stdlib:2.0.21 -> 2.4.10 (*)
|    |         |         |    +--- androidx.datastore:datastore:1.2.1 (c)
|    |         |         |    +--- androidx.datastore:datastore-core:1.2.1 (c)
|    |         |         |    +--- androidx.datastore:datastore-core-okio:1.2.1 (c)
|    |         |         |    +--- androidx.datastore:datastore-preferences:1.2.1 (c)
|    |         |         |    +--- androidx.datastore:datastore-preferences-core:1.2.1 (c)
|    |         |         |    \--- androidx.datastore:datastore-preferences-external-protobuf:1.2.1 (c)
|    |         |         +--- com.squareup.okio:okio:3.9.1 -> 3.18.1 (*)
|    |         |         +--- org.jetbrains.kotlin:kotlin-stdlib:2.0.21 -> 2.4.10 (*)
|    |         |         +--- androidx.datastore:datastore:1.2.1 (c)
|    |         |         +--- androidx.datastore:datastore-core:1.2.1 (c)
|    |         |         +--- androidx.datastore:datastore-core-okio:1.2.1 (c)
|    |         |         +--- androidx.datastore:datastore-preferences:1.2.1 (c)
|    |         |         +--- androidx.datastore:datastore-preferences-proto:1.2.1 (c)
|    |         |         \--- androidx.datastore:datastore-preferences-external-protobuf:1.2.1 (c)
|    |         +--- org.jetbrains.kotlin:kotlin-stdlib:2.0.21 -> 2.4.10 (*)
|    |         +--- org.jetbrains.kotlinx:kotlinx-coroutines-core:1.9.0 -> 1.11.0 (*)
|    |         +--- androidx.datastore:datastore:1.2.1 (c)
|    |         +--- androidx.datastore:datastore-preferences-core:1.2.1 (c)
|    |         +--- androidx.datastore:datastore-core:1.2.1 (c)
|    |         +--- androidx.datastore:datastore-core-okio:1.2.1 (c)
|    |         +--- androidx.datastore:datastore-preferences-proto:1.2.1 (c)
|    |         \--- androidx.datastore:datastore-preferences-external-protobuf:1.2.1 (c)
|    +--- androidx.room:room-paging:2.8.4
|    |    \--- androidx.room:room-paging-android:2.8.4
|    |         +--- androidx.paging:paging-common:3.3.2 -> 3.5.1
|    |         |    \--- androidx.paging:paging-common-android:3.5.1
|    |         |         +--- androidx.annotation:annotation:1.9.1 -> 1.10.0 (*)
|    |         |         +--- androidx.arch.core:core-common:2.2.0 (*)
|    |         |         +--- org.jetbrains.kotlin:kotlin-stdlib:2.1.20 -> 2.4.10 (*)
|    |         |         +--- org.jetbrains.kotlinx:kotlinx-coroutines-core:1.9.0 -> 1.11.0 (*)
|    |         |         \--- androidx.paging:paging-compose:3.5.1 (c)
|    |         +--- androidx.room:room-runtime:2.8.4
|    |         |    \--- androidx.room:room-runtime-android:2.8.4
|    |         |         +--- androidx.annotation:annotation:1.9.1 -> 1.10.0 (*)
|    |         |         +--- androidx.annotation:annotation-experimental:1.5.0 -> 1.5.1 (*)
|    |         |         +--- androidx.arch.core:core-runtime:2.2.0 (*)
|    |         |         +--- androidx.collection:collection:1.5.0 (*)
|    |         |         +--- androidx.room:room-common:2.8.4
|    |         |         |    \--- androidx.room:room-common-jvm:2.8.4
|    |         |         |         +--- androidx.annotation:annotation:1.9.1 -> 1.10.0 (*)
|    |         |         |         +--- org.jetbrains.kotlin:kotlin-stdlib -> 2.4.10 (*)
|    |         |         |         +--- androidx.room:room-paging:2.8.4 (c)
|    |         |         |         +--- androidx.room:room-runtime:2.8.4 (c)
|    |         |         |         \--- org.jetbrains.kotlin:kotlin-stdlib:2.1.20 -> 2.4.10 (c)
|    |         |         +--- androidx.sqlite:sqlite:2.6.2
|    |         |         |    \--- androidx.sqlite:sqlite-android:2.6.2
|    |         |         |         +--- androidx.annotation:annotation:1.9.1 -> 1.10.0 (*)
|    |         |         |         +--- org.jetbrains.kotlin:kotlin-stdlib -> 2.4.10 (*)
|    |         |         |         +--- androidx.sqlite:sqlite-framework:2.6.2 (c)
|    |         |         |         \--- org.jetbrains.kotlin:kotlin-stdlib:2.1.20 -> 2.4.10 (c)
|    |         |         +--- androidx.sqlite:sqlite-framework:2.6.2
|    |         |         |    \--- androidx.sqlite:sqlite-framework-android:2.6.2
|    |         |         |         +--- androidx.annotation:annotation:1.8.1 -> 1.10.0 (*)
|    |         |         |         +--- androidx.sqlite:sqlite:2.6.2 (*)
|    |         |         |         +--- org.jetbrains.kotlin:kotlin-stdlib -> 2.4.10 (*)
|    |         |         |         +--- androidx.sqlite:sqlite:2.6.2 (c)
|    |         |         |         \--- org.jetbrains.kotlin:kotlin-stdlib:2.1.20 -> 2.4.10 (c)
|    |         |         +--- org.jetbrains.kotlin:kotlin-stdlib -> 2.4.10 (*)
|    |         |         +--- org.jetbrains.kotlinx:kotlinx-coroutines-android:1.8.1 -> 1.11.0 (*)
|    |         |         +--- org.jetbrains.kotlinx:kotlinx-coroutines-core:1.8.1 -> 1.11.0 (*)
|    |         |         +--- org.jspecify:jspecify:1.0.0
|    |         |         +--- androidx.room:room-common:2.8.4 (c)
|    |         |         +--- androidx.room:room-paging:2.8.4 (c)
|    |         |         \--- org.jetbrains.kotlin:kotlin-stdlib:2.1.20 -> 2.4.10 (c)
|    |         +--- org.jetbrains.kotlin:kotlin-stdlib -> 2.4.10 (*)
|    |         +--- androidx.room:room-runtime:2.8.4 (c)
|    |         +--- org.jetbrains.kotlin:kotlin-stdlib:2.1.20 -> 2.4.10 (c)
|    |         \--- androidx.room:room-common:2.8.4 (c)
|    +--- org.jetbrains.kotlin:kotlin-stdlib:2.4.10 (*)
|    \--- io.ktor:ktor-client-core:3.5.2 (*)
+--- project ':core:i18n'
|    +--- dev.icerock.moko:resources:0.26.4
|    |    \--- dev.icerock.moko:resources-android:0.26.4
|    |         +--- androidx.appcompat:appcompat-resources:1.6.1 -> 1.8.0
|    |         |    +--- androidx.annotation:annotation:1.8.1 -> 1.10.0 (*)
|    |         |    +--- androidx.collection:collection:1.4.2 -> 1.5.0 (*)
|    |         |    +--- androidx.core:core:1.6.0 -> 1.19.0 (*)
|    |         |    +--- androidx.vectordrawable:vectordrawable:1.1.0 -> 1.2.0
|    |         |    |    +--- androidx.annotation:annotation:1.1.0 -> 1.10.0 (*)
|    |         |    |    +--- androidx.collection:collection:1.1.0 -> 1.5.0 (*)
|    |         |    |    \--- androidx.core:core:1.13.0 -> 1.19.0 (*)
|    |         |    +--- androidx.vectordrawable:vectordrawable-animated:1.1.0 -> 1.2.0
|    |         |    |    +--- androidx.annotation:annotation:1.2.0 -> 1.10.0 (*)
|    |         |    |    +--- androidx.collection:collection:1.1.0 -> 1.5.0 (*)
|    |         |    |    +--- androidx.core:core:1.12.0 -> 1.19.0 (*)
|    |         |    |    +--- androidx.interpolator:interpolator:1.0.0 (*)
|    |         |    |    \--- androidx.vectordrawable:vectordrawable:1.2.0 (*)
|    |         |    +--- org.jetbrains.kotlin:kotlin-stdlib:2.1.20 -> 2.4.10 (*)
|    |         |    +--- org.jspecify:jspecify:1.0.0
|    |         |    \--- androidx.appcompat:appcompat:1.8.0 (c)
|    |         +--- dev.icerock.moko:graphics:0.10.0
|    |         |    \--- dev.icerock.moko:graphics-android-debug:0.10.0
|    |         |         +--- androidx.annotation:annotation:1.8.0 -> 1.10.0 (*)
|    |         |         \--- org.jetbrains.kotlin:kotlin-stdlib:2.0.0 -> 2.4.10 (*)
|    |         \--- org.jetbrains.kotlin:kotlin-stdlib:2.1.0 -> 2.4.10 (*)
|    \--- org.jetbrains.kotlin:kotlin-stdlib:2.4.10 (*)
+--- project ':core:ui'
|    +--- androidx.compose:compose-bom-alpha:2026.08.00
|    |    +--- androidx.compose.foundation:foundation:1.13.0-alpha01 (c)
|    |    +--- androidx.compose.runtime:runtime:1.13.0-alpha01 (c)
|    |    +--- androidx.compose.runtime:runtime-saveable:1.13.0-alpha01 (c)
|    |    +--- androidx.compose.ui:ui:1.13.0-alpha01 (c)
|    |    +--- androidx.compose.ui:ui-tooling:1.13.0-alpha01 (c)
|    |    +--- androidx.compose.ui:ui-tooling-preview:1.13.0-alpha01 (c)
|    |    +--- androidx.compose.material:material-icons-extended:1.7.8 (c)
|    |    +--- androidx.compose.material3.adaptive:adaptive:1.3.0 (c)
|    |    +--- androidx.compose.foundation:foundation-android:1.13.0-alpha01 (c)
|    |    +--- androidx.compose.runtime:runtime-android:1.13.0-alpha01 (c)
|    |    +--- androidx.compose.runtime:runtime-saveable-android:1.13.0-alpha01 (c)
|    |    +--- androidx.compose.ui:ui-android:1.13.0-alpha01 (c)
|    |    +--- androidx.compose.ui:ui-tooling-android:1.13.0-alpha01 (c)
|    |    +--- androidx.compose.ui:ui-tooling-preview-android:1.13.0-alpha01 (c)
|    |    +--- androidx.compose.animation:animation-core:1.13.0-alpha01 (c)
|    |    +--- androidx.compose.foundation:foundation-layout:1.13.0-alpha01 (c)
|    |    +--- androidx.compose.ui:ui-graphics:1.13.0-alpha01 (c)
|    |    +--- androidx.compose.material:material-icons-core:1.7.8 (c)
|    |    +--- androidx.compose.material:material-icons-extended-android:1.7.8 (c)
|    |    +--- androidx.compose.material3.adaptive:adaptive-android:1.3.0 (c)
|    |    +--- androidx.compose.animation:animation:1.13.0-alpha01 (c)
|    |    +--- androidx.compose.material3:material3:1.5.0-alpha26 (c)
|    |    +--- androidx.compose.runtime:runtime-retain:1.13.0-alpha01 (c)
|    |    +--- androidx.compose.ui:ui-text:1.13.0-alpha01 (c)
|    |    +--- androidx.compose.ui:ui-util:1.13.0-alpha01 (c)
|    |    +--- androidx.compose.runtime:runtime-annotation:1.13.0-alpha01 (c)
|    |    +--- androidx.compose.ui:ui-geometry:1.13.0-alpha01 (c)
|    |    +--- androidx.compose.ui:ui-unit:1.13.0-alpha01 (c)
|    |    +--- androidx.compose.ui:ui-tooling-data:1.13.0-alpha01 (c)
|    |    +--- androidx.compose.animation:animation-core-android:1.13.0-alpha01 (c)
|    |    +--- androidx.compose.foundation:foundation-layout-android:1.13.0-alpha01 (c)
|    |    +--- androidx.compose.ui:ui-graphics-android:1.13.0-alpha01 (c)
|    |    +--- androidx.compose.ui:ui-text-android:1.13.0-alpha01 (c)
|    |    +--- androidx.compose.ui:ui-util-android:1.13.0-alpha01 (c)
|    |    +--- androidx.compose.material:material-icons-core-android:1.7.8 (c)
|    |    +--- androidx.compose.animation:animation-android:1.13.0-alpha01 (c)
|    |    +--- androidx.compose.material:material-ripple:1.13.0-alpha01 (c)
|    |    +--- androidx.compose.material3:material3-android:1.5.0-alpha26 (c)
|    |    +--- androidx.compose.runtime:runtime-retain-android:1.13.0-alpha01 (c)
|    |    +--- androidx.compose.runtime:runtime-annotation-android:1.13.0-alpha01 (c)
|    |    +--- androidx.compose.ui:ui-geometry-android:1.13.0-alpha01 (c)
|    |    +--- androidx.compose.ui:ui-unit-android:1.13.0-alpha01 (c)
|    |    +--- androidx.compose.ui:ui-tooling-data-android:1.13.0-alpha01 (c)
|    |    +--- androidx.compose.material:material-ripple-android:1.13.0-alpha01 (c)
|    |    +--- androidx.compose.material3:material3-ripple:1.5.0-alpha26 (c)
|    |    \--- androidx.compose.material3:material3-ripple-android:1.5.0-alpha26 (c)
|    +--- androidx.compose.foundation:foundation -> 1.13.0-alpha01 (*)
|    +--- androidx.activity:activity-compose:1.13.0 (*)
|    +--- project ':core:common' (*)
|    +--- org.jetbrains.compose.material3:material3:1.9.0 -> 1.11.0-alpha07
|    |    +--- androidx.collection:collection:1.5.0 (*)
|    |    +--- androidx.compose.material3:material3:1.5.0-alpha17 -> 1.5.0-alpha26 (*)
|    |    +--- androidx.graphics:graphics-shapes:1.1.0 (*)
|    |    +--- org.jetbrains.compose.animation:animation-core:1.11.0-beta03 -> 1.11.1
|    |    |    +--- androidx.collection:collection:1.5.0 (*)
|    |    |    +--- androidx.compose.animation:animation-core:1.11.2 -> 1.13.0-alpha01 (*)
|    |    |    +--- org.jetbrains.compose.runtime:runtime:1.11.1
|    |    |    |    +--- androidx.compose.runtime:runtime:1.11.2 -> 1.13.0-alpha01 (*)
|    |    |    |    \--- org.jetbrains.kotlin:kotlin-stdlib:2.2.20 -> 2.4.10 (*)
|    |    |    +--- org.jetbrains.compose.ui:ui:1.11.1
|    |    |    |    +--- androidx.annotation:annotation:1.9.1 -> 1.10.0 (*)
|    |    |    |    +--- androidx.collection:collection:1.5.0 (*)
|    |    |    |    +--- androidx.compose.runtime:runtime-retain:1.11.2 -> 1.13.0-alpha01 (*)
|    |    |    |    +--- androidx.compose.ui:ui:1.11.2 -> 1.13.0-alpha01 (*)
|    |    |    |    +--- androidx.savedstate:savedstate-compose:1.4.0 (*)
|    |    |    |    +--- org.jetbrains.androidx.lifecycle:lifecycle-runtime-compose:2.9.6 -> 2.10.0-beta01
|    |    |    |    |    +--- androidx.lifecycle:lifecycle-runtime-compose:2.10.0 -> 2.11.0 (*)
|    |    |    |    |    +--- org.jetbrains.androidx.lifecycle:lifecycle-common:2.10.0-beta01
|    |    |    |    |    |    \--- androidx.lifecycle:lifecycle-common:2.10.0 -> 2.11.0 (*)
|    |    |    |    |    +--- org.jetbrains.androidx.lifecycle:lifecycle-runtime:2.10.0-beta01
|    |    |    |    |    |    +--- androidx.lifecycle:lifecycle-runtime:2.10.0 -> 2.11.0 (*)
|    |    |    |    |    |    \--- org.jetbrains.androidx.lifecycle:lifecycle-common:2.10.0-beta01 (*)
|    |    |    |    |    \--- org.jetbrains.compose.runtime:runtime:1.9.3 -> 1.11.1 (*)
|    |    |    |    +--- org.jetbrains.androidx.lifecycle:lifecycle-viewmodel:2.9.6
|    |    |    |    |    \--- androidx.lifecycle:lifecycle-viewmodel:2.9.4 -> 2.11.0 (*)
|    |    |    |    +--- org.jetbrains.androidx.lifecycle:lifecycle-viewmodel-savedstate:2.9.6
|    |    |    |    |    +--- androidx.lifecycle:lifecycle-viewmodel-savedstate:2.9.4 -> 2.11.0 (*)
|    |    |    |    |    +--- org.jetbrains.androidx.lifecycle:lifecycle-viewmodel:2.9.6 (*)
|    |    |    |    |    \--- org.jetbrains.androidx.savedstate:savedstate:1.3.6
|    |    |    |    |         \--- androidx.savedstate:savedstate:1.3.3 -> 1.4.0 (*)
|    |    |    |    +--- org.jetbrains.compose.runtime:runtime:1.11.1 (*)
|    |    |    |    +--- org.jetbrains.compose.runtime:runtime-saveable:1.11.1
|    |    |    |    |    +--- androidx.compose.runtime:runtime-saveable:1.11.2 -> 1.13.0-alpha01 (*)
|    |    |    |    |    +--- org.jetbrains.androidx.lifecycle:lifecycle-runtime-compose:2.9.6 -> 2.10.0-beta01 (*)
|    |    |    |    |    +--- org.jetbrains.androidx.savedstate:savedstate-compose:1.3.6
|    |    |    |    |    |    +--- androidx.savedstate:savedstate-compose:1.3.3 -> 1.4.0 (*)
|    |    |    |    |    |    +--- org.jetbrains.androidx.savedstate:savedstate:1.3.6 (*)
|    |    |    |    |    |    \--- org.jetbrains.compose.runtime:runtime:1.9.3 -> 1.11.1 (*)
|    |    |    |    |    +--- org.jetbrains.compose.runtime:runtime:1.11.1 (*)
|    |    |    |    |    \--- org.jetbrains.kotlin:kotlin-stdlib:2.2.20 -> 2.4.10 (*)
|    |    |    |    +--- org.jetbrains.compose.ui:ui-geometry:1.11.1
|    |    |    |    |    +--- androidx.compose.ui:ui-geometry:1.11.2 -> 1.13.0-alpha01 (*)
|    |    |    |    |    +--- org.jetbrains.compose.runtime:runtime:1.11.1 (*)
|    |    |    |    |    +--- org.jetbrains.compose.ui:ui-util:1.11.1
|    |    |    |    |    |    +--- androidx.collection:collection:1.5.0 (*)
|    |    |    |    |    |    +--- androidx.compose.ui:ui-util:1.11.2 -> 1.13.0-alpha01 (*)
|    |    |    |    |    |    +--- org.jetbrains.compose.runtime:runtime:1.11.1 (*)
|    |    |    |    |    |    \--- org.jetbrains.kotlin:kotlin-stdlib:2.2.20 -> 2.4.10 (*)
|    |    |    |    |    \--- org.jetbrains.kotlin:kotlin-stdlib:2.2.20 -> 2.4.10 (*)
|    |    |    |    +--- org.jetbrains.compose.ui:ui-graphics:1.11.1
|    |    |    |    |    +--- androidx.annotation:annotation:1.9.1 -> 1.10.0 (*)
|    |    |    |    |    +--- androidx.collection:collection:1.5.0 (*)
|    |    |    |    |    +--- androidx.compose.ui:ui-graphics:1.11.2 -> 1.13.0-alpha01 (*)
|    |    |    |    |    +--- org.jetbrains.compose.runtime:runtime:1.11.1 (*)
|    |    |    |    |    +--- org.jetbrains.compose.ui:ui-unit:1.11.1
|    |    |    |    |    |    +--- androidx.annotation:annotation:1.9.1 -> 1.10.0 (*)
|    |    |    |    |    |    +--- androidx.collection:collection:1.5.0 (*)
|    |    |    |    |    |    +--- androidx.compose.ui:ui-unit:1.11.2 -> 1.13.0-alpha01 (*)
|    |    |    |    |    |    +--- org.jetbrains.compose.runtime:runtime:1.11.1 (*)
|    |    |    |    |    |    +--- org.jetbrains.compose.ui:ui-geometry:1.11.1 (*)
|    |    |    |    |    |    +--- org.jetbrains.compose.ui:ui-util:1.11.1 (*)
|    |    |    |    |    |    \--- org.jetbrains.kotlin:kotlin-stdlib:2.2.20 -> 2.4.10 (*)
|    |    |    |    |    +--- org.jetbrains.compose.ui:ui-util:1.11.1 (*)
|    |    |    |    |    \--- org.jetbrains.kotlin:kotlin-stdlib:2.2.20 -> 2.4.10 (*)
|    |    |    |    +--- org.jetbrains.compose.ui:ui-text:1.11.1
|    |    |    |    |    +--- androidx.collection:collection:1.5.0 (*)
|    |    |    |    |    +--- androidx.compose.ui:ui-text:1.11.2 -> 1.13.0-alpha01 (*)
|    |    |    |    |    +--- org.jetbrains.compose.runtime:runtime:1.11.1 (*)
|    |    |    |    |    +--- org.jetbrains.compose.runtime:runtime-saveable:1.11.1 (*)
|    |    |    |    |    +--- org.jetbrains.compose.ui:ui-graphics:1.11.1 (*)
|    |    |    |    |    +--- org.jetbrains.compose.ui:ui-unit:1.11.1 (*)
|    |    |    |    |    +--- org.jetbrains.compose.ui:ui-util:1.11.1 (*)
|    |    |    |    |    +--- org.jetbrains.kotlin:kotlin-stdlib:2.2.20 -> 2.4.10 (*)
|    |    |    |    |    \--- org.jetbrains.kotlinx:kotlinx-coroutines-core:1.9.0 -> 1.11.0 (*)
|    |    |    |    +--- org.jetbrains.compose.ui:ui-unit:1.11.1 (*)
|    |    |    |    +--- org.jetbrains.compose.ui:ui-util:1.11.1 (*)
|    |    |    |    +--- org.jetbrains.kotlin:kotlin-stdlib:2.2.20 -> 2.4.10 (*)
|    |    |    |    \--- org.jetbrains.kotlinx:kotlinx-coroutines-core:1.9.0 -> 1.11.0 (*)
|    |    |    +--- org.jetbrains.compose.ui:ui-graphics:1.11.1 (*)
|    |    |    +--- org.jetbrains.compose.ui:ui-unit:1.11.1 (*)
|    |    |    +--- org.jetbrains.compose.ui:ui-util:1.11.1 (*)
|    |    |    +--- org.jetbrains.kotlin:kotlin-stdlib:2.2.20 -> 2.4.10 (*)
|    |    |    \--- org.jetbrains.kotlinx:kotlinx-coroutines-core:1.9.0 -> 1.11.0 (*)
|    |    +--- org.jetbrains.compose.foundation:foundation:1.11.0-beta03 -> 1.11.1
|    |    |    +--- androidx.collection:collection:1.5.0 (*)
|    |    |    +--- androidx.compose.foundation:foundation:1.11.2 -> 1.13.0-alpha01 (*)
|    |    |    +--- org.jetbrains.compose.animation:animation:1.11.1
|    |    |    |    +--- androidx.collection:collection:1.5.0 (*)
|    |    |    |    +--- androidx.compose.animation:animation:1.11.2 -> 1.13.0-alpha01 (*)
|    |    |    |    +--- org.jetbrains.compose.animation:animation-core:1.11.1 (*)
|    |    |    |    +--- org.jetbrains.compose.foundation:foundation-layout:1.11.1
|    |    |    |    |    +--- androidx.collection:collection:1.5.0 (*)
|    |    |    |    |    +--- androidx.compose.foundation:foundation-layout:1.11.2 -> 1.13.0-alpha01 (*)
|    |    |    |    |    +--- org.jetbrains.compose.runtime:runtime:1.11.1 (*)
|    |    |    |    |    +--- org.jetbrains.compose.ui:ui:1.11.1 (*)
|    |    |    |    |    +--- org.jetbrains.compose.ui:ui-unit:1.11.1 (*)
|    |    |    |    |    +--- org.jetbrains.compose.ui:ui-util:1.11.1 (*)
|    |    |    |    |    \--- org.jetbrains.kotlin:kotlin-stdlib:2.2.20 -> 2.4.10 (*)
|    |    |    |    +--- org.jetbrains.compose.runtime:runtime:1.11.1 (*)
|    |    |    |    +--- org.jetbrains.compose.ui:ui:1.11.1 (*)
|    |    |    |    +--- org.jetbrains.compose.ui:ui-geometry:1.11.1 (*)
|    |    |    |    +--- org.jetbrains.compose.ui:ui-graphics:1.11.1 (*)
|    |    |    |    +--- org.jetbrains.compose.ui:ui-util:1.11.1 (*)
|    |    |    |    \--- org.jetbrains.kotlin:kotlin-stdlib:2.2.20 -> 2.4.10 (*)
|    |    |    +--- org.jetbrains.compose.foundation:foundation-layout:1.11.1 (*)
|    |    |    +--- org.jetbrains.compose.runtime:runtime:1.11.1 (*)
|    |    |    +--- org.jetbrains.compose.ui:ui:1.11.1 (*)
|    |    |    +--- org.jetbrains.compose.ui:ui-text:1.11.1 (*)
|    |    |    +--- org.jetbrains.compose.ui:ui-util:1.11.1 (*)
|    |    |    \--- org.jetbrains.kotlin:kotlin-stdlib:2.2.20 -> 2.4.10 (*)
|    |    +--- org.jetbrains.compose.foundation:foundation-layout:1.11.0-beta03 -> 1.11.1 (*)
|    |    +--- org.jetbrains.compose.material:material-ripple:1.11.0-beta03
|    |    |    +--- androidx.collection:collection:1.5.0 (*)
|    |    |    +--- androidx.compose.material:material-ripple:1.11.0-rc01 -> 1.13.0-alpha01 (*)
|    |    |    +--- org.jetbrains.compose.animation:animation:1.11.0-beta03 -> 1.11.1 (*)
|    |    |    +--- org.jetbrains.compose.foundation:foundation:1.11.0-beta03 -> 1.11.1 (*)
|    |    |    +--- org.jetbrains.compose.runtime:runtime:1.11.0-beta03 -> 1.11.1 (*)
|    |    |    +--- org.jetbrains.compose.ui:ui-util:1.11.0-beta03 -> 1.11.1 (*)
|    |    |    \--- org.jetbrains.kotlin:kotlin-stdlib:2.2.20 -> 2.4.10 (*)
|    |    +--- org.jetbrains.compose.runtime:runtime:1.11.0-beta03 -> 1.11.1 (*)
|    |    +--- org.jetbrains.compose.ui:ui:1.11.0-beta03 -> 1.11.1 (*)
|    |    +--- org.jetbrains.compose.ui:ui-text:1.11.0-beta03 -> 1.11.1 (*)
|    |    +--- org.jetbrains.compose.ui:ui-util:1.11.0-beta03 -> 1.11.1 (*)
|    |    \--- org.jetbrains.kotlin:kotlin-stdlib:2.2.20 -> 2.4.10 (*)
|    +--- org.jetbrains.compose.material:material-icons-extended:1.7.3
|    |    +--- androidx.compose.material:material-icons-extended:1.7.6 -> 1.7.8
|    |    |    \--- androidx.compose.material:material-icons-extended-android:1.7.8
|    |    |         +--- androidx.compose.material:material-icons-core:1.7.8
|    |    |         |    \--- androidx.compose.material:material-icons-core-android:1.7.8
|    |    |         |         +--- androidx.compose.ui:ui:1.6.0 -> 1.13.0-alpha01 (*)
|    |    |         |         +--- org.jetbrains.kotlin:kotlin-stdlib:1.8.22 -> 2.4.10 (*)
|    |    |         |         \--- org.jetbrains.kotlin:kotlin-stdlib-common:1.8.22 -> 2.4.10 (*)
|    |    |         \--- org.jetbrains.kotlin:kotlin-stdlib-common:1.8.22 -> 2.4.10 (*)
|    |    +--- org.jetbrains.compose.material:material-icons-core:1.7.3
|    |    |    +--- androidx.compose.material:material-icons-core:1.7.6 -> 1.7.8 (*)
|    |    |    +--- org.jetbrains.compose.ui:ui:1.7.3 -> 1.11.1 (*)
|    |    |    +--- org.jetbrains.compose.ui:ui-graphics:1.7.3 -> 1.11.1 (*)
|    |    |    +--- org.jetbrains.compose.ui:ui-unit:1.7.3 -> 1.11.1 (*)
|    |    |    \--- org.jetbrains.kotlin:kotlin-stdlib-common:1.9.24 -> 2.4.10 (*)
|    |    +--- org.jetbrains.compose.ui:ui:1.7.3 -> 1.11.1 (*)
|    |    \--- org.jetbrains.compose.ui:ui-graphics:1.7.3 -> 1.11.1 (*)
|    +--- org.jetbrains.compose.material3.adaptive:adaptive:1.2.0
|    |    +--- androidx.compose.material3.adaptive:adaptive:1.2.0 -> 1.3.0
|    |    |    \--- androidx.compose.material3.adaptive:adaptive-android:1.3.0
|    |    |         +--- androidx.annotation:annotation:1.9.1 -> 1.10.0 (*)
|    |    |         +--- androidx.annotation:annotation-experimental:1.5.1 (*)
|    |    |         +--- androidx.compose.foundation:foundation:1.10.0 -> 1.13.0-alpha01 (*)
|    |    |         +--- androidx.compose.ui:ui:1.10.0 -> 1.13.0-alpha01 (*)
|    |    |         +--- androidx.window:window:1.5.0 (*)
|    |    |         +--- androidx.window:window-core:1.5.0 (*)
|    |    |         \--- org.jetbrains.kotlin:kotlin-stdlib:2.1.20 -> 2.4.10 (*)
|    |    +--- org.jetbrains.androidx.window:window-core:1.4.0
|    |    |    +--- androidx.window:window-core:1.4.0 -> 1.5.0 (*)
|    |    |    +--- org.jetbrains.compose.annotation-internal:annotation:1.9.0
|    |    |    |    \--- androidx.annotation:annotation:1.9.1 -> 1.10.0 (*)
|    |    |    \--- org.jetbrains.kotlin:kotlin-stdlib -> 2.4.10 (*)
|    |    +--- org.jetbrains.compose.foundation:foundation:1.9.0 -> 1.11.1 (*)
|    |    +--- org.jetbrains.compose.ui:ui-geometry:1.9.0 -> 1.11.1 (*)
|    |    \--- org.jetbrains.kotlin:kotlin-stdlib -> 2.4.10 (*)
|    +--- androidx.lifecycle:lifecycle-runtime-compose:2.11.0 (*)
|    +--- androidx.lifecycle:lifecycle-viewmodel-compose:2.11.0
|    |    \--- androidx.lifecycle:lifecycle-viewmodel-compose-android:2.11.0
|    |         +--- androidx.annotation:annotation:1.9.1 -> 1.10.0 (*)
|    |         +--- androidx.compose.runtime:runtime:1.11.0 -> 1.13.0-alpha01 (*)
|    |         +--- androidx.compose.runtime:runtime-saveable:1.11.0 -> 1.13.0-alpha01 (*)
|    |         +--- androidx.compose.ui:ui:1.11.0 -> 1.13.0-alpha01 (*)
|    |         +--- androidx.lifecycle:lifecycle-common:2.11.0 (*)
|    |         +--- androidx.lifecycle:lifecycle-runtime-compose:2.11.0 (*)
|    |         +--- androidx.lifecycle:lifecycle-viewmodel:2.11.0 (*)
|    |         +--- androidx.lifecycle:lifecycle-viewmodel-savedstate:2.11.0 (*)
|    |         +--- org.jetbrains.kotlin:kotlin-stdlib:2.1.20 -> 2.4.10 (*)
|    |         +--- org.jetbrains.kotlinx:kotlinx-serialization-core:1.7.3 -> 1.11.0 (*)
|    |         +--- androidx.lifecycle:lifecycle-common:2.11.0 (c)
|    |         +--- androidx.lifecycle:lifecycle-common-java8:2.11.0 (c)
|    |         +--- androidx.lifecycle:lifecycle-livedata:2.11.0 (c)
|    |         +--- androidx.lifecycle:lifecycle-livedata-core:2.11.0 (c)
|    |         +--- androidx.lifecycle:lifecycle-livedata-core-ktx:2.11.0 (c)
|    |         +--- androidx.lifecycle:lifecycle-process:2.11.0 (c)
|    |         +--- androidx.lifecycle:lifecycle-runtime:2.11.0 (c)
|    |         +--- androidx.lifecycle:lifecycle-runtime-compose:2.11.0 (c)
|    |         +--- androidx.lifecycle:lifecycle-runtime-ktx:2.11.0 (c)
|    |         +--- androidx.lifecycle:lifecycle-service:2.11.0 (c)
|    |         +--- androidx.lifecycle:lifecycle-viewmodel:2.11.0 (c)
|    |         +--- androidx.lifecycle:lifecycle-viewmodel-savedstate:2.11.0 (c)
|    |         \--- androidx.lifecycle:lifecycle-viewmodel-ktx:2.11.0 (c)
|    +--- org.jetbrains.kotlin:kotlin-stdlib:2.4.10 (*)
|    +--- org.jetbrains.compose.ui:ui-backhandler:1.11.1
|    |    \--- org.jetbrains.compose.ui:ui-backhandler-android:1.11.1
|    |         +--- androidx.activity:activity-compose:1.8.0 -> 1.13.0 (*)
|    |         +--- androidx.annotation:annotation:1.9.1 -> 1.10.0 (*)
|    |         +--- org.jetbrains.compose.runtime:runtime:1.11.1 (*)
|    |         +--- org.jetbrains.compose.ui:ui-util:1.11.1 (*)
|    |         +--- org.jetbrains.kotlin:kotlin-stdlib:2.2.20 -> 2.4.10 (*)
|    |         +--- org.jetbrains.kotlinx:kotlinx-coroutines-core:1.9.0 -> 1.11.0 (*)
|    |         +--- org.jetbrains.compose.ui:ui:1.11.1 (c)
|    |         +--- org.jetbrains.compose.ui:ui-geometry:1.11.1 (c)
|    |         +--- org.jetbrains.compose.ui:ui-graphics:1.11.1 (c)
|    |         +--- org.jetbrains.compose.ui:ui-tooling-preview:1.11.1 (c)
|    |         +--- org.jetbrains.compose.ui:ui-unit:1.11.1 (c)
|    |         +--- org.jetbrains.compose.ui:ui-util:1.11.1 (c)
|    |         \--- org.jetbrains.compose.ui:ui-text:1.11.1 (c)
|    \--- org.jetbrains.compose.ui:ui-tooling-preview:1.11.1
|         +--- androidx.annotation:annotation:1.9.1 -> 1.10.0 (*)
|         +--- androidx.compose.ui:ui-tooling-preview:1.11.2 -> 1.13.0-alpha01 (*)
|         +--- org.jetbrains.compose.runtime:runtime:1.11.1 (*)
|         \--- org.jetbrains.kotlin:kotlin-stdlib:2.2.20 -> 2.4.10 (*)
+--- androidx.activity:activity-compose:1.13.0 (*)
+--- androidx.appcompat:appcompat:1.8.0
|    +--- androidx.activity:activity:1.8.0 -> 1.13.0 (*)
|    +--- androidx.annotation:annotation:1.8.1 -> 1.10.0 (*)
|    +--- androidx.appcompat:appcompat-resources:1.8.0 (*)
|    +--- androidx.collection:collection:1.4.2 -> 1.5.0 (*)
|    +--- androidx.core:core:1.13.0 -> 1.19.0 (*)
|    +--- androidx.core:core-ktx:1.13.0 -> 1.19.0 (*)
|    +--- androidx.cursoradapter:cursoradapter:1.0.0
|    |    \--- androidx.annotation:annotation:1.0.0 -> 1.10.0 (*)
|    +--- androidx.drawerlayout:drawerlayout:1.0.0
|    |    +--- androidx.annotation:annotation:1.0.0 -> 1.10.0 (*)
|    |    +--- androidx.core:core:1.0.0 -> 1.19.0 (*)
|    |    \--- androidx.customview:customview:1.0.0
|    |         +--- androidx.annotation:annotation:1.0.0 -> 1.10.0 (*)
|    |         \--- androidx.core:core:1.0.0 -> 1.19.0 (*)
|    +--- androidx.emoji2:emoji2:1.3.0 -> 1.4.0 (*)
|    +--- androidx.emoji2:emoji2-views-helper:1.2.0 -> 1.4.0
|    |    +--- androidx.collection:collection:1.1.0 -> 1.5.0 (*)
|    |    +--- androidx.core:core:1.3.0 -> 1.19.0 (*)
|    |    +--- androidx.emoji2:emoji2:1.4.0 (*)
|    |    \--- androidx.emoji2:emoji2:1.4.0 (c)
|    +--- androidx.fragment:fragment:1.5.4 -> 1.6.2
|    |    +--- androidx.activity:activity:1.7.2 -> 1.13.0 (*)
|    |    +--- androidx.annotation:annotation:1.1.0 -> 1.10.0 (*)
|    |    +--- androidx.annotation:annotation-experimental:1.0.0 -> 1.5.1 (*)
|    |    +--- androidx.collection:collection:1.1.0 -> 1.5.0 (*)
|    |    +--- androidx.core:core-ktx:1.2.0 -> 1.19.0 (*)
|    |    +--- androidx.lifecycle:lifecycle-livedata-core:2.6.1 -> 2.11.0 (*)
|    |    +--- androidx.lifecycle:lifecycle-runtime:2.6.1 -> 2.11.0 (*)
|    |    +--- androidx.lifecycle:lifecycle-viewmodel:2.6.1 -> 2.11.0 (*)
|    |    +--- androidx.lifecycle:lifecycle-viewmodel-savedstate:2.6.1 -> 2.11.0 (*)
|    |    +--- androidx.loader:loader:1.0.0
|    |    |    +--- androidx.annotation:annotation:1.0.0 -> 1.10.0 (*)
|    |    |    +--- androidx.core:core:1.0.0 -> 1.19.0 (*)
|    |    |    +--- androidx.lifecycle:lifecycle-livedata:2.0.0 -> 2.11.0
|    |    |    |    +--- androidx.arch.core:core-common:2.2.0 (*)
|    |    |    |    +--- androidx.arch.core:core-runtime:2.2.0 (*)
|    |    |    |    +--- androidx.lifecycle:lifecycle-livedata-core:2.11.0 (*)
|    |    |    |    +--- androidx.lifecycle:lifecycle-livedata-core-ktx:2.11.0
|    |    |    |    |    +--- androidx.lifecycle:lifecycle-livedata-core:2.11.0 (*)
|    |    |    |    |    +--- org.jetbrains.kotlin:kotlin-stdlib:2.1.20 -> 2.4.10 (*)
|    |    |    |    |    +--- androidx.lifecycle:lifecycle-common:2.11.0 (c)
|    |    |    |    |    +--- androidx.lifecycle:lifecycle-common-java8:2.11.0 (c)
|    |    |    |    |    +--- androidx.lifecycle:lifecycle-livedata:2.11.0 (c)
|    |    |    |    |    +--- androidx.lifecycle:lifecycle-livedata-core:2.11.0 (c)
|    |    |    |    |    +--- androidx.lifecycle:lifecycle-process:2.11.0 (c)
|    |    |    |    |    +--- androidx.lifecycle:lifecycle-runtime:2.11.0 (c)
|    |    |    |    |    +--- androidx.lifecycle:lifecycle-runtime-compose:2.11.0 (c)
|    |    |    |    |    +--- androidx.lifecycle:lifecycle-runtime-ktx:2.11.0 (c)
|    |    |    |    |    +--- androidx.lifecycle:lifecycle-service:2.11.0 (c)
|    |    |    |    |    +--- androidx.lifecycle:lifecycle-viewmodel:2.11.0 (c)
|    |    |    |    |    +--- androidx.lifecycle:lifecycle-viewmodel-compose:2.11.0 (c)
|    |    |    |    |    +--- androidx.lifecycle:lifecycle-viewmodel-savedstate:2.11.0 (c)
|    |    |    |    |    \--- androidx.lifecycle:lifecycle-viewmodel-ktx:2.11.0 (c)
|    |    |    |    +--- org.jetbrains.kotlin:kotlin-stdlib:2.1.20 -> 2.4.10 (*)
|    |    |    |    +--- org.jetbrains.kotlinx:kotlinx-coroutines-core:1.9.0 -> 1.11.0 (*)
|    |    |    |    +--- org.jspecify:jspecify:1.0.0
|    |    |    |    +--- androidx.lifecycle:lifecycle-common:2.11.0 (c)
|    |    |    |    +--- androidx.lifecycle:lifecycle-common-java8:2.11.0 (c)
|    |    |    |    +--- androidx.lifecycle:lifecycle-livedata-core:2.11.0 (c)
|    |    |    |    +--- androidx.lifecycle:lifecycle-livedata-core-ktx:2.11.0 (c)
|    |    |    |    +--- androidx.lifecycle:lifecycle-process:2.11.0 (c)
|    |    |    |    +--- androidx.lifecycle:lifecycle-runtime:2.11.0 (c)
|    |    |    |    +--- androidx.lifecycle:lifecycle-runtime-compose:2.11.0 (c)
|    |    |    |    +--- androidx.lifecycle:lifecycle-runtime-ktx:2.11.0 (c)
|    |    |    |    +--- androidx.lifecycle:lifecycle-service:2.11.0 (c)
|    |    |    |    +--- androidx.lifecycle:lifecycle-viewmodel:2.11.0 (c)
|    |    |    |    +--- androidx.lifecycle:lifecycle-viewmodel-compose:2.11.0 (c)
|    |    |    |    +--- androidx.lifecycle:lifecycle-viewmodel-savedstate:2.11.0 (c)
|    |    |    |    \--- androidx.lifecycle:lifecycle-viewmodel-ktx:2.11.0 (c)
|    |    |    \--- androidx.lifecycle:lifecycle-viewmodel:2.0.0 -> 2.11.0 (*)
|    |    +--- androidx.profileinstaller:profileinstaller:1.3.0 -> 1.4.1 (*)
|    |    +--- androidx.savedstate:savedstate:1.2.1 -> 1.4.0 (*)
|    |    +--- androidx.viewpager:viewpager:1.0.0
|    |    |    +--- androidx.annotation:annotation:1.0.0 -> 1.10.0 (*)
|    |    |    +--- androidx.core:core:1.0.0 -> 1.19.0 (*)
|    |    |    \--- androidx.customview:customview:1.0.0 (*)
|    |    \--- org.jetbrains.kotlin:kotlin-stdlib:1.8.20 -> 2.4.10 (*)
|    +--- androidx.lifecycle:lifecycle-runtime:2.6.1 -> 2.11.0 (*)
|    +--- androidx.lifecycle:lifecycle-viewmodel:2.6.1 -> 2.11.0 (*)
|    +--- androidx.profileinstaller:profileinstaller:1.4.0 -> 1.4.1 (*)
|    +--- androidx.resourceinspection:resourceinspection-annotation:1.0.1
|    |    \--- androidx.annotation:annotation:1.1.0 -> 1.10.0 (*)
|    +--- androidx.savedstate:savedstate:1.2.1 -> 1.4.0 (*)
|    +--- org.jetbrains.kotlin:kotlin-stdlib:2.1.20 -> 2.4.10 (*)
|    +--- org.jspecify:jspecify:1.0.0
|    \--- androidx.appcompat:appcompat-resources:1.8.0 (c)
+--- androidx.biometric:biometric-compose:1.4.0-alpha07
|    +--- androidx.activity:activity-compose:1.9.1 -> 1.13.0 (*)
|    +--- androidx.biometric:biometric:1.4.0-alpha07
|    |    +--- androidx.activity:activity:1.9.0 -> 1.13.0 (*)
|    |    +--- androidx.annotation:annotation:1.8.1 -> 1.10.0 (*)
|    |    +--- androidx.appcompat:appcompat:1.2.0 -> 1.8.0 (*)
|    |    +--- androidx.core:core:1.3.2 -> 1.19.0 (*)
|    |    +--- androidx.fragment:fragment:1.6.2 (*)
|    |    +--- androidx.lifecycle:lifecycle-common-java8:2.2.0 -> 2.11.0 (*)
|    |    +--- androidx.lifecycle:lifecycle-livedata-core:2.2.0 -> 2.11.0 (*)
|    |    +--- androidx.lifecycle:lifecycle-process:2.8.7 -> 2.11.0 (*)
|    |    +--- androidx.lifecycle:lifecycle-viewmodel:2.2.0 -> 2.11.0 (*)
|    |    +--- org.jetbrains.kotlin:kotlin-stdlib:2.1.20 -> 2.4.10 (*)
|    |    +--- org.jspecify:jspecify:1.0.0
|    |    \--- androidx.biometric:biometric-compose:1.4.0-alpha07 (c)
|    +--- androidx.compose.runtime:runtime:1.7.0 -> 1.13.0-alpha01 (*)
|    +--- androidx.compose.runtime:runtime:1.9.0 -> 1.13.0-alpha01 (*)
|    +--- androidx.compose.ui:ui:1.0.1 -> 1.13.0-alpha01 (*)
|    +--- androidx.fragment:fragment:1.3.6 -> 1.6.2 (*)
|    +--- androidx.lifecycle:lifecycle-viewmodel:2.8.7 -> 2.11.0 (*)
|    +--- androidx.lifecycle:lifecycle-viewmodel-compose:2.8.7 -> 2.11.0 (*)
|    +--- org.jetbrains.kotlin:kotlin-stdlib:2.1.20 -> 2.4.10 (*)
|    \--- androidx.biometric:biometric:1.4.0-alpha07 (c)
+--- androidx.browser:browser:1.10.0
|    +--- androidx.activity:activity:1.9.0 -> 1.13.0 (*)
|    +--- androidx.annotation:annotation:1.8.1 -> 1.10.0 (*)
|    +--- androidx.annotation:annotation-experimental:1.4.1 -> 1.5.1 (*)
|    +--- androidx.collection:collection:1.4.2 -> 1.5.0 (*)
|    +--- androidx.concurrent:concurrent-futures:1.0.0 -> 1.1.0 (*)
|    +--- androidx.core:core:1.10.0 -> 1.19.0 (*)
|    +--- androidx.interpolator:interpolator:1.0.0 (*)
|    +--- com.google.guava:listenablefuture:1.0
|    +--- org.jetbrains.kotlin:kotlin-stdlib:2.1.20 -> 2.4.10 (*)
|    \--- org.jspecify:jspecify:1.0.0
+--- androidx.webkit:webkit:1.17.0
|    +--- androidx.annotation:annotation:1.8.1 -> 1.10.0 (*)
|    +--- androidx.annotation:annotation-experimental:1.3.0 -> 1.5.1 (*)
|    +--- androidx.core:core:1.1.0 -> 1.19.0 (*)
|    +--- org.jetbrains.kotlin:kotlin-stdlib:2.1.20 -> 2.4.10 (*)
|    \--- org.jspecify:jspecify:1.0.0
+--- io.github.raamcosta.compose-destinations:core:2.3.0
|    +--- androidx.navigation:navigation-compose:2.9.5
|    |    \--- androidx.navigation:navigation-compose-android:2.9.5
|    |         +--- androidx.activity:activity:1.8.0 -> 1.13.0 (*)
|    |         +--- androidx.activity:activity-compose:1.8.0 -> 1.13.0 (*)
|    |         +--- androidx.annotation:annotation:1.8.0 -> 1.10.0 (*)
|    |         +--- androidx.collection:collection:1.4.5 -> 1.5.0 (*)
|    |         +--- androidx.compose.animation:animation:1.7.2 -> 1.13.0-alpha01 (*)
|    |         +--- androidx.compose.animation:animation-core:1.7.2 -> 1.13.0-alpha01 (*)
|    |         +--- androidx.compose.foundation:foundation-layout:1.7.2 -> 1.13.0-alpha01 (*)
|    |         +--- androidx.compose.runtime:runtime:1.7.2 -> 1.13.0-alpha01 (*)
|    |         +--- androidx.compose.runtime:runtime-saveable:1.7.2 -> 1.13.0-alpha01 (*)
|    |         +--- androidx.compose.ui:ui:1.7.2 -> 1.13.0-alpha01 (*)
|    |         +--- androidx.lifecycle:lifecycle-common:2.9.0 -> 2.11.0 (*)
|    |         +--- androidx.lifecycle:lifecycle-runtime-compose:2.9.0 -> 2.11.0 (*)
|    |         +--- androidx.lifecycle:lifecycle-viewmodel:2.9.0 -> 2.11.0 (*)
|    |         +--- androidx.lifecycle:lifecycle-viewmodel-compose:2.8.2 -> 2.11.0 (*)
|    |         +--- androidx.lifecycle:lifecycle-viewmodel-compose:2.9.0 -> 2.11.0 (*)
|    |         +--- androidx.lifecycle:lifecycle-viewmodel-savedstate:2.9.0 -> 2.11.0 (*)
|    |         +--- androidx.navigation:navigation-common:2.9.5
|    |         |    \--- androidx.navigation:navigation-common-android:2.9.5
|    |         |         +--- androidx.annotation:annotation:1.8.1 -> 1.10.0 (*)
|    |         |         +--- androidx.collection:collection:1.4.2 -> 1.5.0 (*)
|    |         |         +--- androidx.core:core-ktx:1.1.0 -> 1.19.0 (*)
|    |         |         +--- androidx.lifecycle:lifecycle-common:2.9.0 -> 2.11.0 (*)
|    |         |         +--- androidx.lifecycle:lifecycle-runtime:2.9.0 -> 2.11.0 (*)
|    |         |         +--- androidx.lifecycle:lifecycle-viewmodel:2.9.0 -> 2.11.0 (*)
|    |         |         +--- androidx.lifecycle:lifecycle-viewmodel-savedstate:2.9.0 -> 2.11.0 (*)
|    |         |         +--- androidx.profileinstaller:profileinstaller:1.4.0 -> 1.4.1 (*)
|    |         |         +--- androidx.savedstate:savedstate:1.3.0 -> 1.4.0 (*)
|    |         |         +--- org.jetbrains.kotlin:kotlin-stdlib -> 2.4.10 (*)
|    |         |         +--- org.jetbrains.kotlinx:kotlinx-serialization-core:1.7.3 -> 1.11.0 (*)
|    |         |         +--- androidx.navigation:navigation-compose:2.9.5 (c)
|    |         |         +--- androidx.navigation:navigation-runtime:2.9.5 (c)
|    |         |         \--- org.jetbrains.kotlin:kotlin-stdlib:2.0.21 -> 2.4.10 (c)
|    |         +--- androidx.navigation:navigation-runtime:2.9.5
|    |         |    \--- androidx.navigation:navigation-runtime-android:2.9.5
|    |         |         +--- androidx.activity:activity-ktx:1.7.1 -> 1.13.0 (*)
|    |         |         +--- androidx.annotation:annotation-experimental:1.4.1 -> 1.5.1 (*)
|    |         |         +--- androidx.collection:collection:1.4.2 -> 1.5.0 (*)
|    |         |         +--- androidx.core:core-ktx:1.8.0 -> 1.19.0 (*)
|    |         |         +--- androidx.lifecycle:lifecycle-common:2.8.7 -> 2.11.0 (*)
|    |         |         +--- androidx.lifecycle:lifecycle-runtime:2.8.7 -> 2.11.0 (*)
|    |         |         +--- androidx.lifecycle:lifecycle-runtime-ktx:2.8.7 -> 2.11.0 (*)
|    |         |         +--- androidx.lifecycle:lifecycle-viewmodel:2.8.7 -> 2.11.0 (*)
|    |         |         +--- androidx.lifecycle:lifecycle-viewmodel-ktx:2.8.7 -> 2.11.0 (*)
|    |         |         +--- androidx.navigation:navigation-common:2.9.5 (*)
|    |         |         +--- org.jetbrains.kotlin:kotlin-stdlib -> 2.4.10 (*)
|    |         |         +--- org.jetbrains.kotlinx:kotlinx-coroutines-core:1.7.3 -> 1.11.0 (*)
|    |         |         +--- org.jetbrains.kotlinx:kotlinx-serialization-core:1.7.3 -> 1.11.0 (*)
|    |         |         +--- androidx.navigation:navigation-common:2.9.5 (c)
|    |         |         +--- androidx.navigation:navigation-compose:2.9.5 (c)
|    |         |         \--- org.jetbrains.kotlin:kotlin-stdlib:2.0.21 -> 2.4.10 (c)
|    |         +--- androidx.savedstate:savedstate:1.3.0 -> 1.4.0 (*)
|    |         +--- androidx.savedstate:savedstate-compose:1.3.0 -> 1.4.0 (*)
|    |         +--- org.jetbrains.kotlin:kotlin-stdlib -> 2.4.10 (*)
|    |         +--- org.jetbrains.kotlinx:kotlinx-coroutines-core:1.7.3 -> 1.11.0 (*)
|    |         +--- org.jetbrains.kotlinx:kotlinx-serialization-core:1.7.3 -> 1.11.0 (*)
|    |         +--- androidx.navigation:navigation-common:2.9.5 (c)
|    |         +--- androidx.navigation:navigation-runtime:2.9.5 (c)
|    |         \--- org.jetbrains.kotlin:kotlin-stdlib:2.0.21 -> 2.4.10 (c)
|    \--- org.jetbrains.kotlin:kotlin-stdlib:2.2.20 -> 2.4.10 (*)
+--- me.zhanghai.compose.preference:preference:2.2.0
|    \--- me.zhanghai.compose.preference:preference-android:2.2.0
|         +--- org.jetbrains.kotlin:kotlin-stdlib:2.3.10 -> 2.4.10 (*)
|         +--- org.jetbrains.compose.material3:material3:1.9.0 -> 1.11.0-alpha07 (*)
|         \--- org.jetbrains.androidx.lifecycle:lifecycle-runtime-compose:2.10.0-beta01 (*)
+--- androidx.core:core-ktx:1.19.0 (*)
+--- androidx.core:core-splashscreen:1.2.0
|    +--- androidx.annotation:annotation:1.8.1 -> 1.10.0 (*)
|    +--- androidx.appcompat:appcompat-resources:1.7.0 -> 1.8.0 (*)
|    +--- org.jetbrains.kotlin:kotlin-stdlib -> 2.4.10 (*)
|    \--- org.jetbrains.kotlin:kotlin-stdlib:2.0.21 -> 2.4.10 (c)
+--- androidx.datastore:datastore-preferences:1.2.1 (*)
+--- androidx.lifecycle:lifecycle-process:2.11.0 (*)
+--- androidx.lifecycle:lifecycle-runtime-compose:2.11.0 (*)
+--- androidx.paging:paging-compose:3.5.1
|    \--- androidx.paging:paging-compose-android:3.5.1
|         +--- androidx.compose.runtime:runtime:1.9.0 -> 1.13.0-alpha01 (*)
|         +--- androidx.compose.ui:ui:1.10.0 -> 1.13.0-alpha01 (*)
|         +--- androidx.paging:paging-common:3.5.1 (*)
|         +--- org.jetbrains.kotlin:kotlin-stdlib:2.1.20 -> 2.4.10 (*)
|         \--- androidx.paging:paging-common:3.5.1 (c)
+--- androidx.room:room-paging:2.8.4 (*)
+--- androidx.work:work-runtime:2.11.2
|    +--- androidx.annotation:annotation-experimental:1.4.1 -> 1.5.1 (*)
|    +--- androidx.concurrent:concurrent-futures-ktx:1.1.0
|    |    +--- androidx.concurrent:concurrent-futures:1.1.0 (*)
|    |    +--- org.jetbrains.kotlin:kotlin-stdlib:1.3.71 -> 2.4.10 (*)
|    |    \--- org.jetbrains.kotlinx:kotlinx-coroutines-core:1.3.4 -> 1.11.0 (*)
|    +--- androidx.core:core:1.12.0 -> 1.19.0 (*)
|    +--- androidx.lifecycle:lifecycle-livedata:2.6.2 -> 2.11.0 (*)
|    +--- androidx.lifecycle:lifecycle-service:2.6.2 -> 2.11.0
|    |    +--- androidx.lifecycle:lifecycle-runtime:2.11.0 (*)
|    |    +--- org.jetbrains.kotlin:kotlin-stdlib:2.1.20 -> 2.4.10 (*)
|    |    +--- androidx.lifecycle:lifecycle-common:2.11.0 (c)
|    |    +--- androidx.lifecycle:lifecycle-common-java8:2.11.0 (c)
|    |    +--- androidx.lifecycle:lifecycle-livedata:2.11.0 (c)
|    |    +--- androidx.lifecycle:lifecycle-livedata-core:2.11.0 (c)
|    |    +--- androidx.lifecycle:lifecycle-livedata-core-ktx:2.11.0 (c)
|    |    +--- androidx.lifecycle:lifecycle-process:2.11.0 (c)
|    |    +--- androidx.lifecycle:lifecycle-runtime:2.11.0 (c)
|    |    +--- androidx.lifecycle:lifecycle-runtime-compose:2.11.0 (c)
|    |    +--- androidx.lifecycle:lifecycle-runtime-ktx:2.11.0 (c)
|    |    +--- androidx.lifecycle:lifecycle-viewmodel:2.11.0 (c)
|    |    +--- androidx.lifecycle:lifecycle-viewmodel-compose:2.11.0 (c)
|    |    +--- androidx.lifecycle:lifecycle-viewmodel-savedstate:2.11.0 (c)
|    |    \--- androidx.lifecycle:lifecycle-viewmodel-ktx:2.11.0 (c)
|    +--- androidx.room:room-runtime:2.7.0 -> 2.8.4 (*)
|    +--- androidx.startup:startup-runtime:1.1.1 -> 1.2.0 (*)
|    +--- androidx.tracing:tracing-ktx:1.2.0
|    |    +--- androidx.tracing:tracing:1.2.0 (*)
|    |    +--- org.jetbrains.kotlin:kotlin-stdlib:1.8.21 -> 2.4.10 (*)
|    |    \--- androidx.tracing:tracing:1.2.0 (c)
|    +--- com.google.guava:listenablefuture:1.0
|    +--- org.jetbrains.kotlin:kotlin-stdlib -> 2.4.10 (*)
|    +--- org.jetbrains.kotlinx:kotlinx-coroutines-android:1.9.0 -> 1.11.0 (*)
|    +--- org.jspecify:jspecify:1.0.0
|    \--- org.jetbrains.kotlin:kotlin-stdlib:2.1.20 -> 2.4.10 (c)
+--- io.github.fornewid:material-motion-compose-core:2.0.1
|    \--- io.github.fornewid:material-motion-compose-core-android:2.0.1
|         +--- org.jetbrains.kotlin:kotlin-stdlib:2.0.0 -> 2.4.10 (*)
|         +--- org.jetbrains.compose.animation:animation:1.6.10 -> 1.11.1 (*)
|         +--- org.jetbrains.compose.ui:ui:1.6.10 -> 1.11.1 (*)
|         \--- org.jetbrains.compose.annotation-internal:annotation:1.6.10 -> 1.9.0 (*)
+--- com.materialkolor:material-kolor:5.0.0
|    \--- com.materialkolor:material-kolor-android:5.0.0
|         +--- com.materialkolor:material-color-utilities:5.0.0
|         |    \--- com.materialkolor:material-color-utilities-android:5.0.0
|         |         +--- org.jetbrains.kotlin:kotlin-stdlib:2.4.0 -> 2.4.10 (*)
|         |         \--- dev.drewhamilton.poko:poko-annotations:0.23.1
|         |              \--- dev.drewhamilton.poko:poko-annotations-jvm:0.23.1
|         |                   \--- org.jetbrains.kotlin:kotlin-stdlib:2.4.0 -> 2.4.10 (*)
|         +--- org.jetbrains.kotlin:kotlin-stdlib:2.4.0 -> 2.4.10 (*)
|         +--- org.jetbrains.compose.material3:material3:1.11.0-alpha07 (*)
|         +--- org.jetbrains.compose.foundation:foundation:1.11.1 (*)
|         +--- org.jetbrains.compose.runtime:runtime:1.11.1 (*)
|         +--- org.jetbrains.compose.ui:ui:1.11.1 (*)
|         \--- com.github.ajalt.colormath:colormath:3.6.1
|              \--- com.github.ajalt.colormath:colormath-jvm:3.6.1
|                   \--- org.jetbrains.kotlin:kotlin-stdlib:2.1.0 -> 2.4.10 (*)
+--- com.louiscad.splitties:splitties-appctx:3.0.0 (*)
+--- com.louiscad.splitties:splitties-systemservices:3.0.0
|    \--- com.louiscad.splitties:splitties-systemservices-android:3.0.0
|         +--- androidx.annotation:annotation:{require 1.2.0; reject _} -> 1.10.0 (*)
|         +--- org.jetbrains.kotlin:kotlin-stdlib-jdk8:1.5.21 -> 1.9.0 (*)
|         \--- com.louiscad.splitties:splitties-appctx:3.0.0 (*)
+--- com.squareup.okhttp3:okhttp-bom:5.5.0 (*)
+--- com.squareup.logcat:logcat:0.4 (*)
+--- io.github.petertrr:kotlin-multiplatform-diff:1.3.0
|    \--- io.github.petertrr:kotlin-multiplatform-diff-jvm:1.3.0
|         \--- org.jetbrains.kotlin:kotlin-stdlib:2.3.0 -> 2.4.10 (*)
+--- com.mikepenz:aboutlibraries-core:14.2.1
|    \--- com.mikepenz:aboutlibraries-core-android:14.2.1
|         +--- org.jetbrains.kotlin:kotlin-stdlib:2.3.20 -> 2.4.10 (*)
|         \--- org.jetbrains.kotlinx:kotlinx-serialization-json:1.11.0 (*)
+--- com.mikepenz:aboutlibraries-compose-m3:14.2.1
|    \--- com.mikepenz:aboutlibraries-compose-m3-android:14.2.1
|         +--- com.mikepenz:aboutlibraries-core:14.2.1 (*)
|         +--- com.mikepenz:aboutlibraries-compose-core:14.2.1
|         |    \--- com.mikepenz:aboutlibraries-compose-core-android:14.2.1
|         |         +--- com.mikepenz:aboutlibraries-core:14.2.1 (*)
|         |         +--- org.jetbrains.kotlin:kotlin-stdlib:2.3.20 -> 2.4.10 (*)
|         |         +--- org.jetbrains.compose.ui:ui-tooling-preview:1.10.3 -> 1.11.1 (*)
|         |         +--- org.jetbrains.compose.runtime:runtime:1.10.3 -> 1.11.1 (*)
|         |         +--- org.jetbrains.compose.ui:ui:1.10.3 -> 1.11.1 (*)
|         |         +--- org.jetbrains.compose.foundation:foundation:1.10.3 -> 1.11.1 (*)
|         |         \--- com.github.skydoves:compose-stability-runtime:0.7.1
|         |              \--- com.github.skydoves:compose-stability-runtime-android:0.7.1
|         |                   \--- org.jetbrains.kotlin:kotlin-stdlib:2.3.20 -> 2.4.10 (*)
|         +--- org.jetbrains.kotlin:kotlin-stdlib:2.3.20 -> 2.4.10 (*)
|         +--- org.jetbrains.compose.ui:ui-tooling-preview:1.10.3 -> 1.11.1 (*)
|         +--- androidx.core:core-ktx:1.18.0 -> 1.19.0 (*)
|         +--- org.jetbrains.compose.runtime:runtime:1.10.3 -> 1.11.1 (*)
|         +--- org.jetbrains.compose.ui:ui:1.10.3 -> 1.11.1 (*)
|         +--- org.jetbrains.compose.foundation:foundation:1.10.3 -> 1.11.1 (*)
|         +--- org.jetbrains.compose.material3:material3:1.9.0-beta03 -> 1.11.0-alpha07 (*)
|         \--- com.github.skydoves:compose-stability-runtime:0.7.1 (*)
+--- com.google.accompanist:accompanist-drawablepainter:0.37.3
|    +--- androidx.compose.ui:ui:1.7.0 -> 1.13.0-alpha01 (*)
|    +--- org.jetbrains.kotlinx:kotlinx-coroutines-android:1.6.4 -> 1.11.0 (*)
|    \--- org.jetbrains.kotlin:kotlin-stdlib:2.0.20 -> 2.4.10 (*)
+--- sh.calvin.reorderable:reorderable:3.1.0
|    \--- sh.calvin.reorderable:reorderable-android-debug:3.1.0
|         +--- org.jetbrains.kotlin:kotlin-stdlib-jdk8:1.9.0 (*)
|         +--- org.jetbrains.kotlin:kotlin-stdlib-common:1.9.0 -> 2.4.10 (*)
|         +--- org.jetbrains.compose.runtime:runtime:1.7.0 -> 1.11.1 (*)
|         +--- org.jetbrains.compose.animation:animation:1.7.0 -> 1.11.1 (*)
|         \--- org.jetbrains.compose.foundation:foundation:1.7.0 -> 1.11.1 (*)
+--- io.arrow-kt:arrow-stack:2.2.3 (*)
+--- io.arrow-kt:arrow-fx-coroutines -> 2.2.3 (*)
+--- io.arrow-kt:arrow-functions -> 2.2.3 (*)
+--- io.arrow-kt:arrow-resilience -> 2.2.3 (*)
+--- io.coil-kt.coil3:coil-bom:3.5.0
|    +--- io.coil-kt.coil3:coil-compose:3.5.0 (c)
|    +--- io.coil-kt.coil3:coil-gif:3.5.0 (c)
|    +--- io.coil-kt.coil3:coil-network-ktor3:3.5.0 (c)
|    +--- io.coil-kt.coil3:coil-core:3.5.0 (c)
|    +--- io.coil-kt.coil3:coil:3.5.0 (c)
|    +--- io.coil-kt.coil3:coil-compose-core:3.5.0 (c)
|    \--- io.coil-kt.coil3:coil-network-core:3.5.0 (c)
+--- io.coil-kt.coil3:coil-compose -> 3.5.0
|    \--- io.coil-kt.coil3:coil-compose-android:3.5.0
|         +--- io.coil-kt.coil3:coil:3.5.0
|         |    \--- io.coil-kt.coil3:coil-android:3.5.0
|         |         +--- io.coil-kt.coil3:coil-core:3.5.0
|         |         |    \--- io.coil-kt.coil3:coil-core-android:3.5.0
|         |         |         +--- androidx.lifecycle:lifecycle-runtime:2.9.4 -> 2.11.0 (*)
|         |         |         +--- org.jetbrains.kotlinx:kotlinx-coroutines-core:1.10.2 -> 1.11.0 (*)
|         |         |         +--- org.jetbrains.kotlin:kotlin-stdlib -> 2.4.10 (*)
|         |         |         +--- com.squareup.okio:okio:3.17.0 -> 3.18.1 (*)
|         |         |         +--- androidx.annotation:annotation:1.10.0 (*)
|         |         |         +--- androidx.appcompat:appcompat-resources:1.7.1 -> 1.8.0 (*)
|         |         |         +--- androidx.core:core-ktx:1.16.0 -> 1.19.0 (*)
|         |         |         +--- androidx.exifinterface:exifinterface:1.4.2
|         |         |         |    +--- androidx.annotation:annotation:1.8.1 -> 1.10.0 (*)
|         |         |         |    \--- org.jspecify:jspecify:1.0.0
|         |         |         +--- androidx.profileinstaller:profileinstaller:1.4.1 (*)
|         |         |         +--- org.jetbrains.kotlinx:kotlinx-coroutines-android:1.10.2 -> 1.11.0 (*)
|         |         |         \--- org.jetbrains.kotlin:kotlin-stdlib:2.4.0 -> 2.4.10 (c)
|         |         \--- org.jetbrains.kotlin:kotlin-stdlib:2.4.0 -> 2.4.10 (*)
|         +--- io.coil-kt.coil3:coil-compose-core:3.5.0
|         |    \--- io.coil-kt.coil3:coil-compose-core-android:3.5.0
|         |         +--- io.coil-kt.coil3:coil-core:3.5.0 (*)
|         |         +--- org.jetbrains.compose.foundation:foundation:1.11.1 (*)
|         |         +--- org.jetbrains.kotlin:kotlin-stdlib:2.4.0 -> 2.4.10 (*)
|         |         \--- com.google.accompanist:accompanist-drawablepainter:0.37.3 (*)
|         \--- org.jetbrains.kotlin:kotlin-stdlib:2.4.0 -> 2.4.10 (*)
+--- io.coil-kt.coil3:coil-gif -> 3.5.0
|    +--- androidx.core:core-ktx:1.16.0 -> 1.19.0 (*)
|    +--- androidx.vectordrawable:vectordrawable-animated:1.2.0 (*)
|    +--- io.coil-kt.coil3:coil-core:3.5.0 (*)
|    \--- org.jetbrains.kotlin:kotlin-stdlib:2.4.0 -> 2.4.10 (*)
+--- io.coil-kt.coil3:coil-network-ktor3 -> 3.5.0
|    \--- io.coil-kt.coil3:coil-network-ktor3-android:3.5.0
|         +--- io.coil-kt.coil3:coil-core:3.5.0 (*)
|         +--- io.coil-kt.coil3:coil-network-core:3.5.0
|         |    \--- io.coil-kt.coil3:coil-network-core-android:3.5.0
|         |         +--- io.coil-kt.coil3:coil-core:3.5.0 (*)
|         |         +--- org.jetbrains.kotlin:kotlin-stdlib:2.4.0 -> 2.4.10 (*)
|         |         \--- androidx.core:core-ktx:1.16.0 -> 1.19.0 (*)
|         +--- io.ktor:ktor-client-core:3.1.0 -> 3.5.2 (*)
|         \--- org.jetbrains.kotlin:kotlin-stdlib:2.4.0 -> 2.4.10 (*)
+--- me.saket.telephoto:zoomable:0.19.0
|    \--- me.saket.telephoto:zoomable-android:0.19.0
|         +--- org.jetbrains.kotlin:kotlin-parcelize-runtime:2.1.21
|         |    +--- org.jetbrains.kotlin:kotlin-stdlib:2.1.21 -> 2.4.10 (*)
|         |    \--- org.jetbrains.kotlin:kotlin-android-extensions-runtime:2.1.21
|         |         \--- org.jetbrains.kotlin:kotlin-stdlib:2.1.21 -> 2.4.10 (*)
|         +--- org.jetbrains.compose.foundation:foundation:1.8.0 -> 1.11.1 (*)
|         +--- me.saket.telephoto:annotations:0.19.0
|         |    \--- me.saket.telephoto:annotations-android:0.19.0
|         |         +--- org.jetbrains.kotlin:kotlin-stdlib:2.1.21 -> 2.4.10 (*)
|         |         +--- org.jetbrains.compose.runtime:runtime:1.8.0 -> 1.11.1 (*)
|         |         \--- dev.drewhamilton.poko:poko-annotations:0.18.7 -> 0.23.1 (*)
|         +--- org.jetbrains.kotlin:kotlin-stdlib:2.1.21 -> 2.4.10 (*)
|         +--- org.jetbrains.compose.runtime:runtime:1.8.0 -> 1.11.1 (*)
|         \--- dev.drewhamilton.poko:poko-annotations:0.18.7 -> 0.23.1 (*)
+--- io.ktor:ktor-client-okhttp:3.5.2 (*)
+--- org.jetbrains.kotlinx:kotlinx-serialization-cbor:1.11.0 (*)
+--- org.jetbrains.kotlinx:kotlinx-serialization-json:1.11.0 (*)
+--- org.jetbrains.kotlinx:kotlinx-serialization-json-io:1.11.0
|    \--- org.jetbrains.kotlinx:kotlinx-serialization-json-io-jvm:1.11.0
|         +--- org.jetbrains.kotlinx:kotlinx-serialization-bom:1.11.0 (*)
|         +--- org.jetbrains.kotlin:kotlin-stdlib:2.3.20 -> 2.4.10 (*)
|         +--- org.jetbrains.kotlinx:kotlinx-serialization-core:1.11.0 (*)
|         +--- org.jetbrains.kotlinx:kotlinx-serialization-json:1.11.0 (*)
|         \--- org.jetbrains.kotlinx:kotlinx-io-core:0.6.0 -> 0.9.1 (*)
+--- io.github.pdvrieze.xmlutil:serialization:1.0.2
|    \--- io.github.pdvrieze.xmlutil:serialization-jvm:1.0.2
|         +--- io.github.pdvrieze.xmlutil:core:1.0.2
|         |    \--- io.github.pdvrieze.xmlutil:core-jvm:1.0.2
|         |         +--- org.jetbrains.kotlin:kotlin-stdlib:2.4.10 (*)
|         |         \--- org.jetbrains.kotlinx:kotlinx-serialization-core:1.11.0 (*)
|         +--- org.jetbrains.kotlinx:kotlinx-serialization-core:1.11.0 (*)
|         \--- org.jetbrains.kotlin:kotlin-stdlib:2.4.10 (*)
+--- io.github.pdvrieze.xmlutil:serialization-io:1.0.2
|    \--- io.github.pdvrieze.xmlutil:serialization-io-jvm:1.0.2
|         +--- io.github.pdvrieze.xmlutil:serialization:1.0.2 (*)
|         +--- io.github.pdvrieze.xmlutil:core-io:1.0.2
|         |    \--- io.github.pdvrieze.xmlutil:core-io-jvm:1.0.2
|         |         +--- io.github.pdvrieze.xmlutil:core:1.0.2 (*)
|         |         +--- org.jetbrains.kotlinx:kotlinx-io-core:0.9.0 -> 0.9.1 (*)
|         |         \--- org.jetbrains.kotlin:kotlin-stdlib:2.4.10 (*)
|         \--- org.jetbrains.kotlin:kotlin-stdlib:2.4.10 (*)
+--- org.jetbrains.kotlinx:kotlinx-coroutines-android:1.11.0 (*)
+--- org.jetbrains.kotlinx:kotlinx-datetime:0.8.0 (*)
+--- androidx.profileinstaller:profileinstaller:1.4.1 (*)
\--- org.jetbrains.compose.ui:ui-tooling-preview:1.11.1 (*)

(c) - A dependency constraint, not a dependency. The dependency affected by the constraint occurs elsewhere in the tree.
(*) - Indicates repeated occurrences of a transitive dependency subtree. Gradle expands transitive dependency subtrees only once per project; repeat occurrences only display the root of the subtree, followed by this annotation.

A web-based, searchable dependency report is available by adding the --scan option.

> Task :app:processDefaultDebugNavigationResources UP-TO-DATE
> Task :app:parseDefaultDebugLocalResources UP-TO-DATE
> Task :app:compileDefaultDebugNavigationResources UP-TO-DATE
> Task :app:checkDefaultDebugAarMetadata UP-TO-DATE
> Task :app:generateDefaultDebugRFile UP-TO-DATE
> Task :core:data:kspAndroidMain UP-TO-DATE
> Task :app:mergeDefaultDebugResources UP-TO-DATE
> Task :core:ui:compileAndroidMain UP-TO-DATE
> Task :core:ui:bundleAndroidMainClassesToRuntimeJar UP-TO-DATE
> Task :core:ui:bundleAndroidMainClassesToCompileJar UP-TO-DATE
> Task :core:ui:processAndroidMainJavaRes UP-TO-DATE
> Task :core:ui:compileAndroidHostTest NO-SOURCE
> Task :core:ui:testAndroidHostTest NO-SOURCE
> Task :core:data:compileAndroidMain UP-TO-DATE
> Task :core:data:processAndroidMainJavaRes
> Task :core:data:bundleAndroidMainClassesToCompileJar
> Task :core:data:bundleAndroidMainClassesToRuntimeJar
> Task :core:data:kspAndroidHostTest SKIPPED
> Task :core:data:copyRoomSchemas NO-SOURCE
> Task :core:data:compileAndroidHostTest NO-SOURCE
> Task :core:data:testAndroidHostTest NO-SOURCE
> Task :app:processDefaultDebugMainManifest
> Task :app:processDefaultDebugManifest
> Task :app:processDefaultDebugManifestForPackage
> Task :app:processDefaultDebugResources
> Task :app:kspDefaultDebugKotlin

> Task :app:compileDefaultDebugKotlin
w: file:///Users/zhanziyuan/Documents/GitHub/EhViewer/app/src/main/kotlin/com/hippo/ehviewer/spider/ComicInfo.kt:40:19 'constructor(serializersModule: SerializersModule = ..., configure: XmlConfig.CompatBuilder.() -> Unit = ...): XML' is deprecated. Update to the named factory functions.
w: file:///Users/zhanziyuan/Documents/GitHub/EhViewer/app/src/main/kotlin/com/hippo/ehviewer/ui/screen/DownloadsScreen.kt:336:17 'fun ListItem(headlineContent: ComposableFunction0<Unit>, modifier: Modifier = ..., overlineContent: ComposableFunction0<Unit>? = ..., supportingContent: ComposableFunction0<Unit>? = ..., leadingContent: ComposableFunction0<Unit>? = ..., trailingContent: ComposableFunction0<Unit>? = ..., colors: ListItemColors = ..., tonalElevation: Dp = ..., shadowElevation: Dp = ...): Unit' is deprecated. Use the overload where `headlineContent` is now a trailing `content` lambda.
w: file:///Users/zhanziyuan/Documents/GitHub/EhViewer/app/src/main/kotlin/com/hippo/ehviewer/ui/screen/DownloadsScreen.kt:349:17 'fun ListItem(headlineContent: ComposableFunction0<Unit>, modifier: Modifier = ..., overlineContent: ComposableFunction0<Unit>? = ..., supportingContent: ComposableFunction0<Unit>? = ..., leadingContent: ComposableFunction0<Unit>? = ..., trailingContent: ComposableFunction0<Unit>? = ..., colors: ListItemColors = ..., tonalElevation: Dp = ..., shadowElevation: Dp = ...): Unit' is deprecated. Use the overload where `headlineContent` is now a trailing `content` lambda.
w: file:///Users/zhanziyuan/Documents/GitHub/EhViewer/app/src/main/kotlin/com/hippo/ehviewer/ui/screen/DownloadsScreen.kt:403:25 'fun ListItem(headlineContent: ComposableFunction0<Unit>, modifier: Modifier = ..., overlineContent: ComposableFunction0<Unit>? = ..., supportingContent: ComposableFunction0<Unit>? = ..., leadingContent: ComposableFunction0<Unit>? = ..., trailingContent: ComposableFunction0<Unit>? = ..., colors: ListItemColors = ..., tonalElevation: Dp = ..., shadowElevation: Dp = ...): Unit' is deprecated. Use the overload where `headlineContent` is now a trailing `content` lambda.
w: file:///Users/zhanziyuan/Documents/GitHub/EhViewer/app/src/main/kotlin/com/hippo/ehviewer/ui/screen/GalleryListScreen.kt:367:33 'fun ListItem(headlineContent: ComposableFunction0<Unit>, modifier: Modifier = ..., overlineContent: ComposableFunction0<Unit>? = ..., supportingContent: ComposableFunction0<Unit>? = ..., leadingContent: ComposableFunction0<Unit>? = ..., trailingContent: ComposableFunction0<Unit>? = ..., colors: ListItemColors = ..., tonalElevation: Dp = ..., shadowElevation: Dp = ...): Unit' is deprecated. Use the overload where `headlineContent` is now a trailing `content` lambda.
w: file:///Users/zhanziyuan/Documents/GitHub/EhViewer/app/src/main/kotlin/com/hippo/ehviewer/ui/screen/SearchBarScreen.kt:233:9 'fun SearchBar(inputField: ComposableFunction0<Unit>, expanded: Boolean, onExpandedChange: (Boolean) -> Unit, modifier: Modifier = ..., shape: Shape = ..., colors: SearchBarColors = ..., tonalElevation: Dp = ..., shadowElevation: Dp = ..., windowInsets: WindowInsets = ..., content: ComposableFunction1<ColumnScope, Unit>): Unit' is deprecated. Use SearchBar with SearchBarState, and ExpandedFullScreenSearchBar or ExpandedDockedSearchBar to display results.
w: file:///Users/zhanziyuan/Documents/GitHub/EhViewer/app/src/main/kotlin/com/hippo/ehviewer/ui/screen/SearchBarScreen.kt:237:17 'fun InputField(state: TextFieldState, onSearch: (String) -> Unit, expanded: Boolean, onExpandedChange: (Boolean) -> Unit, modifier: Modifier = ..., enabled: Boolean = ..., readOnly: Boolean = ..., textStyle: TextStyle = ..., placeholder: ComposableFunction0<Unit>? = ..., leadingIcon: ComposableFunction0<Unit>? = ..., trailingIcon: ComposableFunction0<Unit>? = ..., prefix: ComposableFunction0<Unit>? = ..., suffix: ComposableFunction0<Unit>? = ..., inputTransformation: InputTransformation? = ..., outputTransformation: OutputTransformation? = ..., scrollState: ScrollState = ..., shape: Shape = ..., colors: TextFieldColors = ..., interactionSource: MutableInteractionSource? = ...): Unit' is deprecated. Use SearchBarDefaults.InputField with SearchBarState.

> Task :app:processDefaultDebugJavaRes
> Task :app:compileDefaultDebugJavaWithJavac
> Task :app:bundleDefaultDebugClassesToCompileJar
> Task :app:bundleDefaultDebugClassesToRuntimeJar
> Task :app:kspDefaultDebugUnitTestKotlin NO-SOURCE
> Task :app:compileDefaultDebugUnitTestKotlin NO-SOURCE
> Task :app:compileDefaultDebugUnitTestJavaWithJavac NO-SOURCE
> Task :app:processDefaultDebugUnitTestJavaRes NO-SOURCE
> Task :app:testDefaultDebugUnitTest NO-SOURCE

[Incubating] Problems report is available at: file:///Users/zhanziyuan/Documents/GitHub/EhViewer/build/reports/problems/problems-report.html

BUILD SUCCESSFUL in 49s
80 actionable tasks: 25 executed, 55 up-to-date
Configuration cache entry stored.
